

// Example of the correct format is shown below

#include <pgmspace.h>  // PROGMEM support header

#define logoWidth  80  // logo width
#define logoHeight 160  // logo height

// Image is stored in this array
PROGMEM const uint16_t  logo[] = { 
  /*
   * Converted to 'Horizontal - 2 bytes per pixel (565) using https://javl.github.io/image2cpp/
   * settings for output: arduino code, identifier logo, draw mode: horizontal - 2 bytes per pixel (565)
   */
  
  
  0xffff, 0xffdf, 0xef7d, 0xf79e, 0xffff, 0xf7be, 0xef7d, 0xffff, 0xffff, 0xf79e, 0xef7d, 0xffff, 0xffdf, 0xef7d, 0xf7be, 0xffff, 
  0xf7be, 0xef7d, 0xffff, 0xffff, 0xf79e, 0xef7d, 0xffff, 0xffdf, 0xef7d, 0xffdf, 0xffff, 0xf79e, 0xef7d, 0xffff, 0xffff, 0xef7d, 
  0xf79e, 0xffff, 0xf7be, 0xef7d, 0xffdf, 0xffff, 0xf79e, 0xef7d, 0xffff, 0xffdf, 0xef7d, 0xf7be, 0xffff, 0xf7be, 0xef7d, 0xffff, 
  0xffff, 0xf79e, 0xef7d, 0xffff, 0xffdf, 0xef7d, 0xf7be, 0xffff, 0xf7be, 0xef7d, 0xffff, 0xffff, 0xf79e, 0xef7d, 0xffff, 0xffdf, 
  0xef7d, 0xffdf, 0xffff, 0xf79e, 0xef7d, 0xffff, 0xffff, 0xef7d, 0xf79e, 0xffff, 0xf7be, 0xef7d, 0xffdf, 0xffff, 0xf79e, 0xef7d, 
  0xffff, 0xffdf, 0xf79e, 0xf79e, 0xffff, 0xf7be, 0xef7d, 0xffdf, 0xffdf, 0xf79e, 0xf79e, 0xffff, 0xffdf, 0xef7d, 0xf7be, 0xffff, 
  0xf7be, 0xef7d, 0xffdf, 0xffdf, 0xf79e, 0xf79e, 0xffff, 0xf7be, 0xef7d, 0xf7be, 0xffff, 0xf7be, 0xef7d, 0xffff, 0xffdf, 0xf79e, 
  0xf79e, 0xffff, 0xf7be, 0xef7d, 0xffdf, 0xffdf, 0xf79e, 0xef7d, 0xffff, 0xffdf, 0xf79e, 0xf79e, 0xffff, 0xf7be, 0xef7d, 0xffdf, 
  0xffdf, 0xf79e, 0xf79e, 0xffff, 0xffdf, 0xef7d, 0xf7be, 0xffff, 0xf7be, 0xef7d, 0xffdf, 0xffdf, 0xf79e, 0xf79e, 0xffff, 0xf7be, 
  0xef7d, 0xf7be, 0xffff, 0xf7be, 0xef7d, 0xffff, 0xffdf, 0xf79e, 0xf79e, 0xffff, 0xf7be, 0xef7d, 0xffdf, 0xffdf, 0xf79e, 0xf79e, 
  0xf79e, 0xf79e, 0xffdf, 0xffdf, 0xef7d, 0xf7be, 0xffff, 0xf79e, 0xf79e, 0xffdf, 0xffff, 0xef7d, 0xf7be, 0xffff, 0xf7be, 0xef7d, 
  0xf7be, 0xffff, 0xf79e, 0xf79e, 0xffdf, 0xffdf, 0xef7d, 0xf7be, 0xffff, 0xf7be, 0xf79e, 0xffdf, 0xffff, 0xf79e, 0xf79e, 0xffdf, 
  0xffdf, 0xef7d, 0xf7be, 0xffff, 0xf7be, 0xf79e, 0xffdf, 0xffff, 0xf79e, 0xf79e, 0xffdf, 0xffdf, 0xef7d, 0xf7be, 0xffff, 0xf79e, 
  0xf79e, 0xffdf, 0xffff, 0xef7d, 0xf7be, 0xffff, 0xf7be, 0xef7d, 0xf7be, 0xffff, 0xf79e, 0xf79e, 0xffdf, 0xffdf, 0xef7d, 0xf7be, 
  0xffff, 0xf7be, 0xf79e, 0xffdf, 0xffff, 0xf79e, 0xf79e, 0xffdf, 0xffdf, 0xef7d, 0xf7be, 0xffff, 0xf7be, 0xf79e, 0xffdf, 0xffff, 
  0xef7d, 0xf79e, 0xffff, 0xffdf, 0xef7d, 0xf7be, 0xffff, 0xf79e, 0xef7d, 0xffff, 0xffff, 0xef5d, 0xf79e, 0xffff, 0xf7be, 0xef7d, 
  0xffdf, 0xffff, 0xef7d, 0xef7d, 0xffff, 0xffff, 0xef5d, 0xf7be, 0xffff, 0xf7be, 0xef7d, 0xffdf, 0xffff, 0xef7d, 0xf79e, 0xffff, 
  0xffdf, 0xef5d, 0xf7be, 0xffff, 0xf79e, 0xef7d, 0xffff, 0xffff, 0xef7d, 0xf79e, 0xffff, 0xffdf, 0xef7d, 0xf7be, 0xffff, 0xf79e, 
  0xef7d, 0xffff, 0xffff, 0xef5d, 0xf79e, 0xffff, 0xf7be, 0xef7d, 0xffdf, 0xffff, 0xef7d, 0xef7d, 0xffff, 0xffff, 0xef5d, 0xf7be, 
  0xffff, 0xf7be, 0xef7d, 0xffdf, 0xffff, 0xef7d, 0xf79e, 0xffff, 0xffff, 0xef5d, 0xf7be, 0xffff, 0xf79e, 0xef7d, 0xffdf, 0xffff, 
  0xffff, 0xffdf, 0xef7d, 0xf79e, 0xffff, 0xf7be, 0xef7d, 0xffff, 0xffff, 0xf79e, 0xef7d, 0xffff, 0xffdf, 0xef7d, 0xf7be, 0xffff, 
  0xf7be, 0xef7d, 0xffff, 0xffff, 0xef7d, 0xef7d, 0xffff, 0xffdf, 0xef7d, 0xf7be, 0xffff, 0xf79e, 0xef7d, 0xffff, 0xc638, 0xdefb, 
  0xf79e, 0xffff, 0xf7be, 0xef7d, 0xffdf, 0xffff, 0xbdf7, 0xdefb, 0xffff, 0xffdf, 0xef7d, 0xf79e, 0xffff, 0xf7be, 0xef7d, 0xffff, 
  0xffff, 0xf79e, 0xef7d, 0xffff, 0xffdf, 0xef7d, 0xf7be, 0xffff, 0xf7be, 0xef7d, 0xffff, 0xffff, 0xef7d, 0xef7d, 0xffff, 0xffdf, 
  0xef7d, 0xf7be, 0xffff, 0xf79e, 0xef7d, 0xffff, 0xffff, 0xef7d, 0xf79e, 0xffff, 0xf7be, 0xef7d, 0xffdf, 0xffff, 0xf79e, 0xef7d, 
  0xffff, 0xffdf, 0xf79e, 0xf79e, 0xffff, 0xf7be, 0xef7d, 0xffdf, 0xffff, 0xf79e, 0xf79e, 0xffff, 0xf7be, 0xef7d, 0xf7be, 0xffff, 
  0xf7be, 0xef7d, 0xffdf, 0xffdf, 0xf79e, 0xf79e, 0xffff, 0xf7be, 0xef7d, 0xf7be, 0xffff, 0xf7be, 0xef7d, 0xffff, 0x8c51, 0xce59, 
  0xf79e, 0xffff, 0xf7be, 0xef7e, 0xffdf, 0xffdf, 0x7bef, 0xd69a, 0xffff, 0xffdf, 0xf79e, 0xf79e, 0xffff, 0xf7be, 0xef7d, 0xffdf, 
  0xffff, 0xf79e, 0xf79e, 0xffff, 0xf7be, 0xef7d, 0xf7be, 0xffff, 0xf7be, 0xef7d, 0xffdf, 0xffdf, 0xf79e, 0xf79e, 0xffff, 0xf7be, 
  0xef7d, 0xf7be, 0xffff, 0xf7be, 0xef7d, 0xffff, 0xffdf, 0xf79e, 0xf79e, 0xffff, 0xf7be, 0xef7d, 0xffdf, 0xffff, 0xf79e, 0xf79e, 
  0xf79e, 0xf79e, 0xffdf, 0xffdf, 0xef7d, 0xf7be, 0xffff, 0xf79e, 0xf79e, 0xffdf, 0xffff, 0xef7d, 0xf7be, 0xffff, 0xf7be, 0xf79e, 
  0xf7be, 0xffff, 0xf79e, 0xf79e, 0xffdf, 0xffdf, 0xef7d, 0xf7be, 0xffff, 0xf7be, 0xf79e, 0xffde, 0xffff, 0xef7d, 0x5acb, 0x9cf3, 
  0xffff, 0xf79e, 0xf7be, 0xffff, 0xf79e, 0xef7d, 0x39e7, 0xc638, 0xf79e, 0xf79e, 0xffdf, 0xffdf, 0xef7d, 0xf7be, 0xffff, 0xf79e, 
  0xf79e, 0xffdf, 0xffff, 0xef7d, 0xf7be, 0xffff, 0xf7be, 0xf79e, 0xf7be, 0xffff, 0xf79e, 0xf79e, 0xffdf, 0xffdf, 0xef7d, 0xf7be, 
  0xffff, 0xf7be, 0xf79e, 0xffdf, 0xffff, 0xf79e, 0xf79e, 0xffdf, 0xffdf, 0xef7d, 0xf7be, 0xffff, 0xf7be, 0xf79e, 0xffdf, 0xffff, 
  0xef7d, 0xf79e, 0xffff, 0xffdf, 0xef7d, 0xf7be, 0xffff, 0xf79e, 0xef7d, 0xffff, 0xffff, 0xef5d, 0xf79e, 0xffff, 0xf7be, 0xef5d, 
  0xffdf, 0xffff, 0xef7d, 0xef7d, 0xffff, 0xffff, 0xef5d, 0xf7be, 0xffff, 0xf7be, 0xef7d, 0xffde, 0xffff, 0xef5d, 0x3a4a, 0x4249, 
  0xffff, 0xef5d, 0xf7be, 0xffff, 0xf7be, 0xce79, 0x1125, 0xa534, 0xf79e, 0xf79e, 0xffff, 0xffdf, 0xef7d, 0xf7be, 0xffff, 0xf79e, 
  0xef7d, 0xffff, 0xffff, 0xef5d, 0xf79e, 0xffff, 0xf7be, 0xef5d, 0xffdf, 0xffff, 0xef7d, 0xef7d, 0xffff, 0xffff, 0xef5d, 0xf7be, 
  0xffff, 0xf7be, 0xef7d, 0xffdf, 0xffff, 0xef7d, 0xf79e, 0xffff, 0xffff, 0xef5d, 0xf7be, 0xffff, 0xf79e, 0xef7d, 0xffdf, 0xffff, 
  0xffff, 0xffdf, 0xef7d, 0xf79e, 0xffff, 0xf7be, 0xef7d, 0xffff, 0xffff, 0xf79e, 0xef7d, 0xffff, 0xffdf, 0xef7d, 0xf7be, 0xffff, 
  0xf7be, 0xef7d, 0xffff, 0xffff, 0xef7d, 0xef7d, 0xffff, 0xffdf, 0xef7d, 0xf7be, 0xffff, 0xf79e, 0xef7d, 0xef7d, 0x1a0a, 0x1946, 
  0xbdd7, 0xffff, 0xf79e, 0xe73c, 0xffff, 0x5acb, 0x226c, 0x73af, 0xffff, 0xffdf, 0xef7d, 0xf79e, 0xffff, 0xf7be, 0xef5d, 0xffff, 
  0xffff, 0xf79e, 0xef7d, 0xffff, 0xffdf, 0xef7d, 0xf7be, 0xffff, 0xf7be, 0xef7d, 0xffff, 0xffff, 0xef7d, 0xef7d, 0xffff, 0xffdf, 
  0xef7d, 0xf7be, 0xffff, 0xf79e, 0xef7d, 0xffff, 0xffdf, 0xef7d, 0xf79e, 0xffff, 0xf7be, 0xef7d, 0xffdf, 0xffff, 0xf79e, 0xef7d, 
  0xffff, 0xffdf, 0xf79e, 0xf79e, 0xffff, 0xf7be, 0xef7d, 0xffdf, 0xffdf, 0xf79e, 0xf79e, 0xffff, 0xffdf, 0xef7d, 0xf7be, 0xffff, 
  0xf7be, 0xef7d, 0xffdf, 0xffff, 0xf79e, 0xf79e, 0xffff, 0xf7be, 0xef7e, 0xf7be, 0xffff, 0xf7be, 0xf79e, 0xbdd7, 0x1ace, 0x2ace, 
  0x39c6, 0x9472, 0x736d, 0x6b2c, 0x6b4c, 0x1925, 0x2350, 0x528a, 0xffff, 0xffdf, 0xf79e, 0xf79e, 0xffff, 0xf7be, 0xf79e, 0xffdf, 
  0xffdf, 0xf79e, 0xf79e, 0xffff, 0xffdf, 0xef7d, 0xf7be, 0xffff, 0xf7be, 0xef7d, 0xffdf, 0xffff, 0xf79e, 0xf79e, 0xffff, 0xf7be, 
  0xef7d, 0xf7be, 0xffff, 0xf7be, 0xef7d, 0xffff, 0xffdf, 0xf79e, 0xf79e, 0xffff, 0xf7be, 0xef7d, 0xffdf, 0xffff, 0xf79e, 0xf79e, 
  0xf79e, 0xf79e, 0xffdf, 0xffdf, 0xef7d, 0xf7be, 0xffff, 0xf79e, 0xf79e, 0xffdf, 0xffff, 0xf79e, 0xf7be, 0xffdf, 0xf7be, 0xf79e, 
  0xf7be, 0xffff, 0xf79e, 0xf79e, 0xffdf, 0xffdf, 0xef7d, 0xf7be, 0xffff, 0xf7be, 0xf79e, 0xffdf, 0xffff, 0x7c10, 0x2392, 0x2c14, 
  0x2b2f, 0x228c, 0x230f, 0x2330, 0x22ee, 0x2bd3, 0x1aad, 0x31a6, 0xffdf, 0xf79e, 0xffdf, 0xffdf, 0xef7d, 0xf7be, 0xffff, 0xf79e, 
  0xf79e, 0xffdf, 0xffff, 0xf79e, 0xf7be, 0xffdf, 0xf7be, 0xf79e, 0xf7be, 0xffff, 0xf79e, 0xf79e, 0xffdf, 0xffdf, 0xef7d, 0xf7be, 
  0xffff, 0xf7be, 0xf79e, 0xffdf, 0xffff, 0xf79e, 0xf79e, 0xffdf, 0xffdf, 0xef7d, 0xf7be, 0xffff, 0xf7be, 0xf79e, 0xffdf, 0xffff, 
  0xef7d, 0xf79e, 0xffff, 0xffdf, 0xef7d, 0xffdf, 0xffff, 0xf79e, 0xef7d, 0xffff, 0xffff, 0xef5d, 0xf79e, 0xffff, 0xf7be, 0xef7d, 
  0xffdf, 0xffff, 0xef7d, 0xef7d, 0xffff, 0xffff, 0xef5d, 0xf7be, 0xffff, 0xf7be, 0xef7d, 0xffdf, 0xffff, 0x4a8a, 0x2c14, 0x2c56, 
  0x355b, 0x2d3b, 0x359c, 0x359d, 0x359d, 0x2d7c, 0x19ea, 0x18c3, 0xf7be, 0xf79e, 0xffff, 0xffdf, 0xef7d, 0xf7be, 0xffff, 0xf79e, 
  0xef7d, 0xffff, 0xffff, 0xef5d, 0xf79e, 0xffff, 0xf7be, 0xef7d, 0xffdf, 0xffff, 0xef7d, 0xef7d, 0xffff, 0xffff, 0xef5d, 0xf7be, 
  0xffff, 0xf7be, 0xef7d, 0xffdf, 0xffff, 0xef7d, 0xf79e, 0xffff, 0xffff, 0xef5d, 0xf7be, 0xffff, 0xf79e, 0xef7d, 0xffdf, 0xffff, 
  0xffff, 0xffdf, 0xef7d, 0xf79e, 0xffff, 0xf7be, 0xef7d, 0xffff, 0xffff, 0xf79e, 0xef7d, 0xffff, 0xffdf, 0xef7d, 0xf7be, 0xffff, 
  0xf7be, 0xef7d, 0xffff, 0xffff, 0xef7d, 0xef7d, 0xffff, 0xffdf, 0xef7d, 0xffdf, 0xffff, 0xf79e, 0xffdf, 0x2965, 0x2c97, 0x357c, 
  0x2d1b, 0x34f9, 0x226c, 0x10e4, 0x1146, 0x2b71, 0x2350, 0x10a2, 0xffdf, 0xffdf, 0xef7d, 0xf79e, 0xffff, 0xf7be, 0xef7d, 0xffff, 
  0xffff, 0xf79e, 0xef7d, 0xffff, 0xffdf, 0xef7d, 0xf7be, 0xffff, 0xf7be, 0xef7d, 0xffff, 0xffff, 0xef7d, 0xef7d, 0xffff, 0xffdf, 
  0xef7d, 0xf7be, 0xffff, 0xf79e, 0xef7d, 0xffff, 0xffdf, 0xef7d, 0xf79e, 0xffff, 0xf7be, 0xef7d, 0xffdf, 0xffff, 0xf79e, 0xef7d, 
  0xffff, 0xffdf, 0xef7d, 0xf79e, 0xffff, 0xf7be, 0xef7d, 0xffdf, 0xffdf, 0xf79e, 0xf79e, 0xffff, 0xffdf, 0xef7d, 0xf7be, 0xffff, 
  0xf7be, 0xef7d, 0xffff, 0xffdf, 0xf79e, 0xf79e, 0xffff, 0xf7be, 0xef7d, 0xffbe, 0xffff, 0xf7be, 0xef5d, 0x2124, 0x2cf9, 0x2d7c, 
  0x2cd8, 0x10e4, 0x0000, 0x0000, 0x0000, 0x0000, 0x1146, 0x18c3, 0xe71c, 0xffdf, 0xef7d, 0xf79e, 0xffff, 0xf7be, 0xef7d, 0xffdf, 
  0xffdf, 0xf79e, 0xf79e, 0xffff, 0xffdf, 0xef7d, 0xf7be, 0xffff, 0xf7be, 0xef7d, 0xffff, 0xffdf, 0xf79e, 0xf79e, 0xffff, 0xf7be, 
  0xef7d, 0xf7be, 0xffff, 0xf7be, 0xf79e, 0xffff, 0xffdf, 0xf79e, 0xf79e, 0xffff, 0xf7be, 0xef7d, 0xffdf, 0xffff, 0xf79e, 0xf79e, 
  0xf79e, 0xf79e, 0xffdf, 0xffdf, 0xf79e, 0xf7be, 0xffff, 0xf79e, 0xf79e, 0xffdf, 0xffdf, 0xf79e, 0xf7be, 0xffff, 0xf7be, 0xf79e, 
  0xf7be, 0xffff, 0xf79e, 0xf79e, 0xffdf, 0xffdf, 0xf79e, 0xf7be, 0xffdf, 0xf7be, 0xf79e, 0xffdf, 0xe71c, 0x1925, 0x355c, 0x359d, 
  0x1a0a, 0x0000, 0x0000, 0x0000, 0x0000, 0x0000, 0x0000, 0x10a2, 0xc638, 0xf7be, 0xffdf, 0xffdf, 0xf79e, 0xf7be, 0xffff, 0xf79e, 
  0xf79e, 0xffdf, 0xffdf, 0xf79e, 0xf7be, 0xffff, 0xf7be, 0xf79e, 0xf7be, 0xffff, 0xf79e, 0xf79e, 0xffdf, 0xffdf, 0xf79e, 0xf7be, 
  0xffff, 0xf7be, 0xf79e, 0xffdf, 0xffff, 0xf79e, 0xf79e, 0xffff, 0xffdf, 0xf79e, 0xf7be, 0xffff, 0xf7be, 0xf79e, 0xffdf, 0xffdf, 
  0xef7d, 0xf79e, 0xffff, 0xffdf, 0xef5d, 0xf7be, 0xffff, 0xef7d, 0xef7d, 0xffff, 0xffff, 0xef5d, 0xf79e, 0xffff, 0xf7be, 0xef7d, 
  0xffdf, 0xffff, 0xef7d, 0xef7d, 0xffff, 0xffff, 0xef5d, 0xf7be, 0xffff, 0xf7be, 0xef7d, 0xffff, 0xce59, 0x2145, 0x359d, 0x353b, 
  0x0841, 0x08c3, 0x0000, 0x0000, 0x0000, 0x0000, 0x0841, 0x10a2, 0xb596, 0xf7be, 0xffff, 0xffdf, 0xef5d, 0xf7be, 0xffff, 0xef7d, 
  0xef7d, 0xffff, 0xffff, 0xef5d, 0xf79e, 0xffff, 0xf7be, 0xef7d, 0xffdf, 0xffff, 0xef7d, 0xef7d, 0xffff, 0xffff, 0xef5d, 0xf7be, 
  0xffff, 0xf7be, 0xef7d, 0xffdf, 0xffff, 0xef7d, 0xf79e, 0xffff, 0xffff, 0xef5d, 0xf7be, 0xffff, 0xf79e, 0xef7d, 0xffdf, 0xffff, 
  0xffff, 0xffdf, 0xef7d, 0xf79e, 0xffff, 0xf7be, 0xef7d, 0xffff, 0xffff, 0xf79e, 0xef7d, 0xffff, 0xffdf, 0xef7d, 0xf7be, 0xffff, 
  0xf7be, 0xef7d, 0xffff, 0xffff, 0xf79e, 0xef7d, 0xffff, 0xffdf, 0xef7d, 0xffdf, 0xffff, 0xf7be, 0xa514, 0x21c8, 0x35be, 0x2cb8, 
  0x2ace, 0x2b92, 0x0905, 0x0000, 0x0000, 0x0862, 0x2bd3, 0x1966, 0xb596, 0xffff, 0xef7d, 0xf79e, 0xffff, 0xf7be, 0xef7d, 0xffff, 
  0xffff, 0xf79e, 0xef7d, 0xffff, 0xffdf, 0xef7d, 0xf7be, 0xffff, 0xf7be, 0xef7d, 0xffff, 0xffff, 0xf79e, 0xef7d, 0xffff, 0xffdf, 
  0xef7d, 0xf7be, 0xffff, 0xf79e, 0xef7d, 0xffff, 0xffdf, 0xef7d, 0xf79e, 0xffff, 0xf7be, 0xef7d, 0xffdf, 0xffff, 0xf79e, 0xef7d, 
  0xffff, 0xffdf, 0xef7d, 0xf79e, 0xffff, 0xf7be, 0xef7d, 0xffdf, 0xffff, 0xf79e, 0xef7d, 0xffff, 0xffdf, 0xef7d, 0xf7be, 0xffff, 
  0xf7be, 0xef7d, 0xffff, 0xffdf, 0xf79e, 0xf79e, 0xffff, 0xf7be, 0xef7d, 0xf7de, 0xffff, 0xffdf, 0x9492, 0x21e9, 0x359d, 0x359d, 
  0x1105, 0x0841, 0x2b92, 0x1105, 0x10e3, 0x22ce, 0x1904, 0x1925, 0xb596, 0xffff, 0xef7d, 0xf79e, 0xffff, 0xf7be, 0xef7d, 0xffdf, 
  0xffff, 0xf79e, 0xef7d, 0xffff, 0xffdf, 0xef7d, 0xf7be, 0xffff, 0xf7be, 0xef7d, 0xffff, 0xffdf, 0xf79e, 0xf79e, 0xffff, 0xf7be, 
  0xef7d, 0xf7be, 0xffff, 0xf7be, 0xef7d, 0xffff, 0xffdf, 0xf79e, 0xf79e, 0xffff, 0xf7be, 0xef7d, 0xffdf, 0xffff, 0xf79e, 0xf79e, 
  0xf79e, 0xf79e, 0xffdf, 0xffdf, 0xef7d, 0xf7be, 0xffff, 0xf79e, 0xf79e, 0xffdf, 0xffdf, 0xf79e, 0xf7be, 0xffdf, 0xf7be, 0xf79e, 
  0xf7be, 0xffff, 0xf79e, 0xf79e, 0xffdf, 0xffdf, 0xf79e, 0xf7be, 0xffdf, 0xf7be, 0xf79e, 0xffdf, 0xb5b6, 0x2166, 0x359d, 0x2d9d, 
  0x2310, 0x3185, 0x6baf, 0x1a2b, 0x2acd, 0x29a7, 0x4a28, 0x1082, 0xb5b6, 0xffdf, 0xffdf, 0xffdf, 0xf79e, 0xf7be, 0xffff, 0xf79e, 
  0xf79e, 0xffdf, 0xffdf, 0xf79e, 0xf7be, 0xffdf, 0xf7be, 0xf79e, 0xf7be, 0xffff, 0xf79e, 0xf79e, 0xffdf, 0xffdf, 0xf79e, 0xf7be, 
  0xffdf, 0xf7be, 0xf79e, 0xffdf, 0xffff, 0xf79e, 0xf79e, 0xffdf, 0xffdf, 0xf79e, 0xf7be, 0xffff, 0xf7be, 0xf79e, 0xffdf, 0xffff, 
  0xef7d, 0xf79e, 0xffff, 0xffdf, 0xef5d, 0xf7be, 0xffff, 0xef7d, 0xef7d, 0xffff, 0xffff, 0xef5d, 0xf7be, 0xffff, 0xf7be, 0xef7d, 
  0xffdf, 0xffff, 0xef7d, 0xef7d, 0xffff, 0xffff, 0xef5d, 0xf7be, 0xffff, 0xf7be, 0xef7d, 0xffff, 0xce79, 0x2125, 0x351a, 0x34b8, 
  0x1104, 0x0800, 0x18a2, 0x22ef, 0x3391, 0x1082, 0x0841, 0x10a2, 0xc618, 0xf7be, 0xffff, 0xffdf, 0xef5d, 0xf7be, 0xffff, 0xef7d, 
  0xef7d, 0xffff, 0xffff, 0xef5d, 0xf7be, 0xffff, 0xf7be, 0xef7d, 0xffdf, 0xffff, 0xef7d, 0xef7d, 0xffff, 0xffff, 0xef5d, 0xf7be, 
  0xffff, 0xf7be, 0xef7d, 0xffdf, 0xffff, 0xef7d, 0xf79e, 0xffff, 0xffff, 0xef5d, 0xf7be, 0xffff, 0xf79e, 0xef7d, 0xffdf, 0xffff, 
  0xffff, 0xffdf, 0xef7d, 0xf79e, 0xffff, 0xf7be, 0xef7d, 0xffff, 0xffff, 0xf79e, 0xef7d, 0xffff, 0xffdf, 0xef7d, 0xf7be, 0xffff, 
  0xf7be, 0xef7d, 0xffff, 0xffff, 0xf79e, 0xef7d, 0xffff, 0xffdf, 0xef7d, 0xf7be, 0xffff, 0xf7be, 0xc638, 0x2125, 0x2cb8, 0x3435, 
  0xcd53, 0x3165, 0x1081, 0x34f9, 0x2c55, 0x1946, 0x2103, 0x18c3, 0xe73c, 0xffff, 0xef7d, 0xf79e, 0xffff, 0xf7be, 0xef7d, 0xffff, 
  0xffff, 0xf79e, 0xef7d, 0xffff, 0xffdf, 0xef7d, 0xf7be, 0xffff, 0xf7be, 0xef7d, 0xffff, 0xffff, 0xf79e, 0xef7d, 0xffff, 0xffdf, 
  0xef7d, 0xf7be, 0xffff, 0xf79e, 0xef7d, 0xffff, 0xffdf, 0xef7d, 0xf79e, 0xffff, 0xf7be, 0xef7d, 0xffdf, 0xffff, 0xf79e, 0xef7d, 
  0xffff, 0xffdf, 0xef7d, 0xf79e, 0xffff, 0xf7be, 0xef7d, 0xffdf, 0xffff, 0xf79e, 0xef7d, 0xffff, 0xffdf, 0xef7d, 0xf7be, 0xffff, 
  0xf7be, 0xef7d, 0xffff, 0xffdf, 0xf79e, 0xf79e, 0xffff, 0xf7be, 0xef7d, 0xf7be, 0xffff, 0xf7be, 0xc618, 0x2145, 0x351a, 0x24b8, 
  0xe616, 0xff19, 0xbd13, 0x6bcf, 0x5433, 0x9cb2, 0xa470, 0x10a2, 0xffdf, 0xffdf, 0xef7d, 0xf79e, 0xffff, 0xf7be, 0xef7d, 0xffdf, 
  0xffff, 0xf79e, 0xef7d, 0xffff, 0xffdf, 0xef7d, 0xf7be, 0xffff, 0xf7be, 0xef7d, 0xffff, 0xffdf, 0xf79e, 0xf79e, 0xffff, 0xf7be, 
  0xef7d, 0xf7be, 0xffff, 0xf7be, 0xef7d, 0xffff, 0xffdf, 0xf79e, 0xf79e, 0xffff, 0xf7be, 0xef7d, 0xffdf, 0xffff, 0xf79e, 0xef7d, 
  0xf79e, 0xf79e, 0xffdf, 0xffdf, 0xf79e, 0xf7be, 0xffff, 0xf79e, 0xf79e, 0xffdf, 0xffdf, 0xf79e, 0xf7be, 0xffdf, 0xf7be, 0xf79e, 
  0xf7be, 0xffff, 0xf79e, 0xf79e, 0xffdf, 0xffdf, 0xf79e, 0xf7be, 0xffdf, 0xf7be, 0xf79e, 0xffdf, 0xbdf7, 0x2187, 0x34fa, 0x2d3b, 
  0xbd12, 0xee37, 0xc553, 0xc532, 0xacb0, 0xcd94, 0xa470, 0x2104, 0xffff, 0xf79e, 0xffdf, 0xffdf, 0xf79e, 0xf7be, 0xffff, 0xf79e, 
  0xf79e, 0xffdf, 0xffdf, 0xf79e, 0xf7be, 0xffdf, 0xf7be, 0xf79e, 0xf7be, 0xffff, 0xf79e, 0xf79e, 0xffdf, 0xffdf, 0xf79e, 0xf7be, 
  0xffdf, 0xf7be, 0xf79e, 0xffdf, 0xffff, 0xf79e, 0xf79e, 0xffdf, 0xffdf, 0xf79e, 0xf7be, 0xffff, 0xf7be, 0xf79e, 0xffdf, 0xffdf, 
  0xef7d, 0xf79e, 0xffff, 0xffdf, 0xef5d, 0xf7be, 0xffff, 0xef7d, 0xef7d, 0xffff, 0xffff, 0xef5d, 0xf79e, 0xffff, 0xf7be, 0xef7d, 
  0xffdf, 0xffff, 0xef7d, 0xef7d, 0xffff, 0xffff, 0xef5d, 0xf7be, 0xffff, 0xf7be, 0xef7d, 0xffff, 0xa534, 0x224b, 0x2c76, 0x2cf9, 
  0xbd32, 0xf697, 0xe636, 0xb4d1, 0xa470, 0xe636, 0x940f, 0x39c7, 0xf7be, 0xf79e, 0xffff, 0xffdf, 0xef5d, 0xf7be, 0xffff, 0xef7d, 
  0xef7d, 0xffff, 0xffff, 0xef5d, 0xf79e, 0xffff, 0xf7be, 0xef7d, 0xffdf, 0xffff, 0xef7d, 0xef7d, 0xffff, 0xffff, 0xef5d, 0xf7be, 
  0xffff, 0xf7be, 0xef7d, 0xffdf, 0xffff, 0xef7d, 0xf79e, 0xffff, 0xffff, 0xef5d, 0xf7be, 0xffff, 0xf79e, 0xef7d, 0xffdf, 0xffff, 
  0xffff, 0xffdf, 0xef7d, 0xf79e, 0xffff, 0xf7be, 0xef7d, 0xffff, 0xffff, 0xf79e, 0xef7d, 0xffff, 0xffdf, 0xef7d, 0xf7be, 0xffff, 
  0xf7be, 0xef7d, 0xffff, 0xffff, 0xf79e, 0xef7d, 0xffff, 0xffdf, 0xef7d, 0xf7be, 0xffff, 0xf7be, 0x736d, 0x2b50, 0x2cfa, 0x21a8, 
  0xacb1, 0xfed8, 0xfeb8, 0xddd5, 0xddf6, 0xfeb8, 0x7b4c, 0x4a69, 0xffff, 0xffdf, 0xef7d, 0xf79e, 0xffff, 0xf7be, 0xef5d, 0xffff, 
  0xffff, 0xf79e, 0xef7d, 0xffff, 0xffdf, 0xef7d, 0xf7be, 0xffff, 0xf7be, 0xef7d, 0xffff, 0xffff, 0xf79e, 0xef7d, 0xffff, 0xffdf, 
  0xef7d, 0xf7be, 0xffff, 0xf79e, 0xef7d, 0xffff, 0xffdf, 0xef7d, 0xf79e, 0xffff, 0xf7be, 0xef7d, 0xffdf, 0xffff, 0xf79e, 0xef7d, 
  0xffff, 0xffdf, 0xef7d, 0xf79e, 0xffff, 0xf7be, 0xef7d, 0xffdf, 0xffff, 0xf79e, 0xf79e, 0xffff, 0xffdf, 0xef7d, 0xf7be, 0xffff, 
  0xf7be, 0xef7e, 0xffff, 0xffff, 0xd6ba, 0xad54, 0xa4d3, 0xc618, 0xd6ba, 0xd6ba, 0xbdd6, 0x7baf, 0x2965, 0x2c77, 0x2d7c, 0x2b2f, 
  0x18a2, 0x9c50, 0xf678, 0xfef9, 0xfef9, 0xddf6, 0x39a6, 0x5b0c, 0xffff, 0xffdf, 0xef7d, 0xf7be, 0xffff, 0xf7be, 0xef7d, 0xffdf, 
  0xffff, 0xf79e, 0xf79e, 0xffff, 0xffdf, 0xef7d, 0xf7be, 0xffff, 0xf7be, 0xef7d, 0xffff, 0xffdf, 0xf79e, 0xf79e, 0xffff, 0xf7be, 
  0xef7d, 0xffdf, 0xffff, 0xf7be, 0xef7d, 0xffff, 0xffdf, 0xf79e, 0xf79e, 0xffff, 0xf7be, 0xef7d, 0xffdf, 0xffff, 0xf79e, 0xef7d, 
  0xf79e, 0xf79e, 0xffdf, 0xffdf, 0xf79e, 0xf7be, 0xffff, 0xf79e, 0xf79e, 0xffdf, 0xffdf, 0xef7d, 0xf7be, 0xffdf, 0xf7be, 0xf79e, 
  0xf7be, 0xffff, 0xf79e, 0x9491, 0x39e7, 0x1a0a, 0x1a6c, 0x21a7, 0x4208, 0x3208, 0x19e9, 0x22ee, 0x2bd3, 0x355b, 0x2b92, 0x353a, 
  0x19e9, 0x0841, 0x62ea, 0xa470, 0x9c4f, 0x4a48, 0x224b, 0x4a49, 0xe73c, 0xffff, 0xffff, 0xef7d, 0xe73c, 0xffff, 0xffff, 0xf79e, 
  0xf79e, 0xffdf, 0xffdf, 0xf79e, 0xf7be, 0xffdf, 0xf7be, 0xf79e, 0xf7be, 0xffdf, 0xf79e, 0xf79e, 0xffdf, 0xffdf, 0xf79e, 0xf7be, 
  0xffdf, 0xf7be, 0xf79e, 0xffdf, 0xffff, 0xf79e, 0xf79e, 0xffdf, 0xffdf, 0xf79e, 0xf7be, 0xffdf, 0xf7be, 0xf79e, 0xffdf, 0xffdf, 
  0xef7d, 0xf79e, 0xffff, 0xffdf, 0xef5d, 0xffdf, 0xffff, 0xef7d, 0xef7d, 0xffff, 0xffff, 0xef5d, 0xf79e, 0xffff, 0xffdf, 0xef7d, 
  0xffdf, 0xffff, 0x5aeb, 0x21c8, 0x2c76, 0x353b, 0x2d7c, 0x2d1a, 0x2b0f, 0x2b2f, 0x2d3b, 0x2d5b, 0x2d7c, 0x2cd9, 0x2a4a, 0x2d1a, 
  0x2c98, 0x1082, 0x0820, 0x1061, 0x0841, 0x1925, 0x2bd3, 0x2145, 0x39c6, 0x630c, 0x632c, 0x41c6, 0x39c6, 0x6b2c, 0xef7d, 0xf79e, 
  0xef7d, 0xffff, 0xffff, 0xef5d, 0xf79e, 0xffff, 0xf7be, 0xef7d, 0xffdf, 0xffff, 0xef7d, 0xef7d, 0xffff, 0xffff, 0xef5d, 0xf7be, 
  0xffff, 0xf7be, 0xef7d, 0xffdf, 0xffff, 0xef7d, 0xf79e, 0xffff, 0xffff, 0xef5d, 0xf7be, 0xffff, 0xf79e, 0xef7d, 0xffdf, 0xffff, 
  0xffff, 0xffdf, 0xef7d, 0xf79e, 0xffff, 0xf7be, 0xef7d, 0xffff, 0xffff, 0xf79e, 0xef7d, 0xffff, 0xffdf, 0xef7d, 0xf7be, 0xffff, 
  0xef7d, 0x6b4d, 0x2125, 0x2b0e, 0x2b2f, 0x2c35, 0x2b2f, 0x2b71, 0x34d9, 0x2bf4, 0x2b50, 0x355b, 0x2d5c, 0x355b, 0x2acd, 0x2d1a, 
  0x2d3b, 0x220a, 0x3476, 0x22cd, 0x1987, 0x2b30, 0x2c55, 0x353b, 0x2c56, 0x2a4b, 0x21e9, 0x2c35, 0x2c35, 0x2209, 0x4a28, 0xef7d, 
  0xffff, 0xf79e, 0xef7d, 0xffff, 0xffdf, 0xef7d, 0xf7be, 0xffff, 0xf7be, 0xef7d, 0xffff, 0xffff, 0xf79e, 0xef7d, 0xffff, 0xffdf, 
  0xef7d, 0xf7be, 0xffff, 0xf79e, 0xef5d, 0xffff, 0xffdf, 0xef7d, 0xf79e, 0xffff, 0xf7be, 0xef7d, 0xffdf, 0xffff, 0xf79e, 0xef7d, 
  0xffff, 0xffdf, 0xef7d, 0xf79e, 0xffff, 0xf7be, 0xef7d, 0xffdf, 0xffff, 0xf79e, 0xef7d, 0xffff, 0xffdf, 0xef7d, 0xf7be, 0xce59, 
  0x4208, 0x39e7, 0x7bef, 0x9492, 0x83ef, 0xa514, 0xc638, 0xbdb6, 0x73ae, 0x33b2, 0x3cb7, 0x2bf4, 0x2cb8, 0x2cf9, 0x2c56, 0x2d1a, 
  0x357c, 0x2bd3, 0x2cd8, 0x2dbd, 0x2c97, 0x351a, 0x2c97, 0x2d5c, 0x2d1a, 0x2c14, 0x2cf9, 0x3cb7, 0x3c55, 0x3c96, 0x21a8, 0x7bcf, 
  0xf7be, 0xf7be, 0xef7d, 0xffff, 0xffdf, 0xef7d, 0xf7be, 0xffff, 0xf7be, 0xef7d, 0xffff, 0xffdf, 0xf79e, 0xf79e, 0xffff, 0xf7be, 
  0xef7d, 0xf7be, 0xffff, 0xf7be, 0xef7d, 0xffff, 0xffdf, 0xf79e, 0xf79e, 0xffff, 0xf7be, 0xef7d, 0xffdf, 0xffff, 0xf79e, 0xef7d, 
  0xf79e, 0xf79e, 0xffdf, 0xffdf, 0xf79e, 0xf7be, 0xffdf, 0xf79e, 0xf79e, 0xffdf, 0xffdf, 0xf79e, 0xf7be, 0xffff, 0xad55, 0x2104, 
  0x738e, 0xbe18, 0xce59, 0xbdd7, 0xc638, 0xc639, 0xc618, 0xc638, 0xc659, 0x83ef, 0x7bae, 0x6baf, 0x6c11, 0x5bd1, 0x4bd1, 0x3391, 
  0x23d3, 0x2cd9, 0x2cf9, 0x2d7c, 0x2cb8, 0x2d9d, 0x2497, 0x2456, 0x2bf4, 0x4c33, 0x7411, 0x9cb2, 0xad34, 0x9cd3, 0x7c10, 0x31c7, 
  0x6b4d, 0xe73c, 0xffdf, 0xf79e, 0xf7be, 0xffdf, 0xf7be, 0xf79e, 0xf7be, 0xffdf, 0xf79e, 0xf79e, 0xffdf, 0xffdf, 0xf79e, 0xf7be, 
  0xffdf, 0xf7be, 0xf79e, 0xffdf, 0xffdf, 0xf79e, 0xf79e, 0xffdf, 0xffdf, 0xf79e, 0xf7be, 0xffdf, 0xf7be, 0xf79e, 0xffdf, 0xffdf, 
  0xef7d, 0xf79e, 0xffff, 0xffdf, 0xef5d, 0xf7be, 0xffff, 0xef7d, 0xef7d, 0xffff, 0xffff, 0xef5d, 0xf7be, 0xdefb, 0x2124, 0x73ae, 
  0xc638, 0xc638, 0xc639, 0xc638, 0xc618, 0xc618, 0xc638, 0xc618, 0xc638, 0xbe18, 0xb596, 0x7bcf, 0x94b2, 0x9472, 0x9cf3, 0xad55, 
  0x9d14, 0x534e, 0x2330, 0x2d3b, 0x2d5b, 0x32ee, 0x84b3, 0x9535, 0x73f0, 0x6b4d, 0xc5f8, 0xc639, 0xc638, 0xc638, 0xbdf8, 0xb5b6, 
  0x4a49, 0x5aeb, 0xffff, 0xef5d, 0xf79e, 0xffff, 0xf7be, 0xef7d, 0xffdf, 0xffff, 0xef7d, 0xef7d, 0xffff, 0xffff, 0xef7d, 0xf7be, 
  0xffff, 0xf7be, 0xef7d, 0xffdf, 0xffff, 0xef7d, 0xf79e, 0xffff, 0xffff, 0xef5d, 0xf7be, 0xffff, 0xf79e, 0xef7d, 0xffdf, 0xffff, 
  0xffff, 0xffdf, 0xef7d, 0xf79e, 0xffff, 0xf7be, 0xef7d, 0xffff, 0xffff, 0xf79d, 0xef7e, 0xffff, 0xffff, 0x4a69, 0x39c7, 0xb5b7, 
  0xc618, 0xc618, 0xc618, 0xc618, 0xc618, 0xc618, 0xc618, 0xc618, 0xc638, 0xbdd7, 0xbdf8, 0xbdd7, 0x632c, 0x7bf0, 0xc638, 0xc618, 
  0xc618, 0xc638, 0xad76, 0x6b8f, 0x5b2d, 0xbdd7, 0xc638, 0xc618, 0xbe18, 0xbdd7, 0xc638, 0xad75, 0xc618, 0xc618, 0xbe18, 0x94b2, 
  0xb5b7, 0x2965, 0xad55, 0xffff, 0xffdf, 0xef7d, 0xf7be, 0xffff, 0xf7be, 0xef7d, 0xffff, 0xffff, 0xf79e, 0xef7d, 0xffff, 0xffdf, 
  0xef7d, 0xf7be, 0xffff, 0xf79e, 0xef7d, 0xffff, 0xffdf, 0xf79e, 0xf79e, 0xffff, 0xf7be, 0xef7d, 0xffdf, 0xffff, 0xf79e, 0xef7d, 
  0xffff, 0xffdf, 0xef7d, 0xf79e, 0xffff, 0xf7be, 0xef7d, 0xffdf, 0xffff, 0xf79e, 0xef7d, 0xffff, 0xdefb, 0x18e3, 0x630c, 0xc618, 
  0xc618, 0xc618, 0xc618, 0xc618, 0xc618, 0xc618, 0xc618, 0xc638, 0xb5b6, 0x8451, 0xad55, 0x632c, 0xad55, 0xc659, 0xc618, 0xc618, 
  0xc618, 0xc638, 0xc639, 0xc639, 0xb5b7, 0xbdf8, 0xc618, 0xc639, 0xc638, 0xc638, 0xc618, 0xa534, 0x7bf0, 0xc618, 0xc638, 0xc618, 
  0x8431, 0x6b6d, 0x4228, 0xffff, 0xffdf, 0xef7d, 0xf7be, 0xffff, 0xf7be, 0xef7d, 0xffff, 0xffdf, 0xf79e, 0xf79e, 0xffff, 0xf7be, 
  0xef7d, 0xf7be, 0xffff, 0xf79e, 0xef7d, 0xffff, 0xffdf, 0xef7d, 0xf79e, 0xffff, 0xf7be, 0xef7d, 0xffdf, 0xffff, 0xf79e, 0xef7d, 
  0xf79e, 0xf7be, 0xffdf, 0xffdf, 0xf79e, 0xf7be, 0xffdf, 0xf79e, 0xf79e, 0xffdf, 0xffdf, 0xf7be, 0x8c51, 0x2104, 0x52aa, 0xb596, 
  0xc639, 0xc618, 0xc638, 0xc618, 0xc618, 0xc618, 0xc618, 0xad76, 0x8c71, 0xad75, 0x9cd4, 0xc618, 0xc639, 0xc638, 0xc618, 0xbe18, 
  0xc618, 0xa535, 0xa510, 0xa4ee, 0x946b, 0xad2e, 0x9d0f, 0xa532, 0xb597, 0xc639, 0xc618, 0xc639, 0x8c72, 0x73ae, 0xce59, 0xc639, 
  0xa534, 0x7bcf, 0x2144, 0xffff, 0xf7be, 0xffdf, 0xf7be, 0xf79e, 0xf7be, 0xffdf, 0xf79e, 0xf79e, 0xffdf, 0xffdf, 0xf79e, 0xf7be, 
  0xffdf, 0xf7be, 0xf79e, 0xffdf, 0xffdf, 0xf79e, 0xf79e, 0xffdf, 0xffdf, 0xf79e, 0xf7be, 0xffdf, 0xf7be, 0xf79e, 0xffdf, 0xffdf, 
  0xef5d, 0xf79e, 0xffff, 0xffdf, 0xef5d, 0xf7be, 0xffff, 0xef7d, 0xef7d, 0xffff, 0xffff, 0x6b6d, 0x2945, 0x2124, 0x39e7, 0x9492, 
  0x9cf3, 0xc618, 0xc618, 0xc618, 0xc638, 0xce59, 0xce59, 0xa535, 0xc639, 0xc639, 0xc638, 0xc618, 0xc618, 0xc618, 0xc618, 0xc638, 
  0xb595, 0x9ca9, 0x5264, 0xb567, 0xad47, 0x8405, 0xbda7, 0x62e5, 0xa50b, 0xad96, 0xc618, 0xc638, 0xc659, 0x6b4d, 0x9cd3, 0xc638, 
  0xb596, 0x4229, 0x2104, 0xa514, 0xffdf, 0xffff, 0xf7be, 0xef7d, 0xffdf, 0xffff, 0xef7d, 0xef7d, 0xffff, 0xffff, 0xef5d, 0xf7be, 
  0xffff, 0xf7be, 0xef7d, 0xffdf, 0xffff, 0xef7d, 0xf79e, 0xffff, 0xffff, 0xef5d, 0xf7be, 0xffff, 0xf79e, 0xef7d, 0xffdf, 0xffff, 
  0xffff, 0xffdf, 0xef7d, 0xf79e, 0xffff, 0xf7be, 0xef7d, 0xffff, 0xffff, 0xef7d, 0x4a69, 0x31a6, 0xad55, 0x52aa, 0x3186, 0x528a, 
  0xa514, 0xc638, 0xc618, 0xc638, 0xbdd7, 0x73ce, 0x39c7, 0x2124, 0x3186, 0x9492, 0xc618, 0xc618, 0xc618, 0xc638, 0xc618, 0xc659, 
  0x73ab, 0x5aa4, 0x0000, 0x6b25, 0x5aa4, 0x0840, 0x7b85, 0x0840, 0x4223, 0xa511, 0xc618, 0xc618, 0xc618, 0xb5d7, 0x5aec, 0xc618, 
  0xc638, 0xb5b7, 0x632d, 0x2104, 0x8c71, 0xf79e, 0xf7be, 0xffff, 0xf7be, 0xef7d, 0xffff, 0xffff, 0xf79e, 0xef7d, 0xffff, 0xffdf, 
  0xef7d, 0xf7be, 0xffff, 0xf79e, 0xef7d, 0xffff, 0xffdf, 0xef7d, 0xf79e, 0xffff, 0xf7be, 0xef7d, 0xffdf, 0xffff, 0xf79e, 0xef7d, 
  0xffff, 0xffdf, 0xef7d, 0xf79e, 0xffff, 0xf7be, 0xef7d, 0xffff, 0xffdf, 0x738e, 0x39e7, 0xbdd7, 0xc638, 0xc659, 0xa514, 0xa535, 
  0xc639, 0xc618, 0xc618, 0xc639, 0x8410, 0x31a6, 0x1082, 0x0000, 0x528a, 0xce59, 0xc638, 0xc618, 0xc618, 0xc618, 0xc618, 0xce59, 
  0x52a8, 0x41e2, 0x18c1, 0x2102, 0x1061, 0x0000, 0x18a1, 0x1081, 0x39a3, 0xa531, 0xc618, 0xc618, 0xc618, 0xbe18, 0x630c, 0xb5b7, 
  0xc618, 0xc618, 0xc618, 0xa514, 0x2965, 0x8430, 0xf7be, 0xffff, 0xf7be, 0xef7d, 0xffff, 0xffdf, 0xf79e, 0xf79e, 0xffff, 0xf7be, 
  0xef7d, 0xf7be, 0xffff, 0xf79e, 0xef7d, 0xffff, 0xffdf, 0xef7d, 0xf79e, 0xffff, 0xf7be, 0xef7d, 0xffdf, 0xffff, 0xf79e, 0xef7d, 
  0xf79e, 0xf7be, 0xffdf, 0xffdf, 0xf79e, 0xf7be, 0xffdf, 0xf7be, 0xb5b6, 0x39c7, 0xbdd7, 0xa535, 0xb5b6, 0xc618, 0xc639, 0xc639, 
  0xc618, 0xc618, 0xc618, 0xc659, 0x5aeb, 0xb5d7, 0x2965, 0x0000, 0x5acb, 0xbdf7, 0xc659, 0xc639, 0xc638, 0xc618, 0xc618, 0xc639, 
  0x7bce, 0x5aa4, 0x7ba5, 0xde88, 0xbda7, 0x6304, 0xd688, 0x9487, 0x7bc6, 0xa534, 0xc618, 0xc618, 0xc618, 0xc639, 0x5acb, 0xad76, 
  0xc618, 0xbdf8, 0x9d14, 0xa555, 0xad55, 0x2945, 0xad75, 0xf79e, 0xf7be, 0xffdf, 0xf79e, 0xf79e, 0xffdf, 0xffdf, 0xf79e, 0xf7be, 
  0xffdf, 0xf7be, 0xf79e, 0xffdf, 0xffdf, 0xf79e, 0xf79e, 0xffdf, 0xffdf, 0xf79e, 0xf7be, 0xffdf, 0xf7be, 0xf79e, 0xffdf, 0xffdf, 
  0xef7d, 0xf79e, 0xffff, 0xffdf, 0xef5d, 0xf7be, 0xffff, 0xf7be, 0x39c7, 0x8c51, 0x9cd3, 0x9492, 0xc618, 0xc618, 0xc618, 0xc618, 
  0xc618, 0xc618, 0xc638, 0xc618, 0x52ab, 0x6b6d, 0x0000, 0x0000, 0x0820, 0x39e7, 0x8c71, 0xc618, 0xce7a, 0xce79, 0xce59, 0xce59, 
  0xbdf7, 0x842f, 0x6b48, 0xa4e7, 0xb566, 0xa4c5, 0x9486, 0x6327, 0x8c70, 0xc618, 0xc618, 0xc638, 0xce7a, 0x8430, 0x18c3, 0xad75, 
  0xc618, 0xc638, 0xbdf8, 0x8431, 0xb5b6, 0x8410, 0x528a, 0xef5d, 0xffdf, 0xffff, 0xef7d, 0xef7d, 0xffff, 0xffff, 0xef5d, 0xf7be, 
  0xffff, 0xf7be, 0xef7d, 0xffdf, 0xffff, 0xef7d, 0xf79e, 0xffff, 0xffff, 0xef5d, 0xf7be, 0xffff, 0xf79e, 0xef7d, 0xffdf, 0xffff, 
  0xffff, 0xffdf, 0xef7d, 0xf79e, 0xffff, 0xf7be, 0xf79e, 0xad55, 0x3186, 0xad55, 0x738e, 0xc659, 0xc618, 0xc618, 0xc638, 0xc618, 
  0xc618, 0xc618, 0xc618, 0xad55, 0x6b6d, 0xad96, 0x0841, 0x0000, 0x0000, 0x0000, 0x1082, 0x2104, 0x31c7, 0x4a49, 0x52aa, 0x6b8e, 
  0xa535, 0xc638, 0xbdf8, 0x7bef, 0xa534, 0xb5d7, 0xad55, 0x94b3, 0xc639, 0xc618, 0xc638, 0xbdd7, 0x630b, 0x1061, 0x18a3, 0xad76, 
  0xc618, 0xc618, 0xc618, 0xbdd7, 0x73ae, 0xbe18, 0x2945, 0xbdd7, 0xffdf, 0xef7d, 0xffff, 0xffff, 0xf79e, 0xef7d, 0xffff, 0xffdf, 
  0xef7d, 0xffdf, 0xffff, 0xf79e, 0xef7d, 0xffff, 0xffdf, 0xef7d, 0xf79e, 0xffff, 0xf7be, 0xef7d, 0xffdf, 0xffff, 0xf79e, 0xef7d, 
  0xffff, 0xffdf, 0xf79e, 0xf79e, 0xffff, 0xf7be, 0xf7be, 0x4a69, 0x6b6d, 0x7bcf, 0xc618, 0xc618, 0xc618, 0xc638, 0xc618, 0xc639, 
  0xc618, 0xc618, 0xc638, 0x8430, 0x94b2, 0xb5b7, 0x18c2, 0x0000, 0x0000, 0x0000, 0x0861, 0x18a3, 0x10a2, 0x18c3, 0x2124, 0x528a, 
  0x9492, 0xc618, 0xbdf8, 0xc639, 0xc638, 0xc638, 0xc638, 0xc639, 0xc618, 0xc639, 0x9cf3, 0x4228, 0x18e3, 0x0821, 0x39c7, 0xb5d7, 
  0xc618, 0xc618, 0xc618, 0xc638, 0x8451, 0xa514, 0x8431, 0x2124, 0xd69a, 0xf79e, 0xffff, 0xffdf, 0xf79e, 0xf79e, 0xffff, 0xf7be, 
  0xef7d, 0xf7be, 0xffff, 0xf79e, 0xef7d, 0xffff, 0xffdf, 0xef7d, 0xf79e, 0xffff, 0xf7be, 0xef7d, 0xffdf, 0xffff, 0xf79e, 0xef7d, 
  0xf79e, 0xf7be, 0xffdf, 0xffdf, 0xf79e, 0xf7be, 0xce79, 0x2945, 0x9d14, 0x8410, 0xc618, 0xc618, 0xc639, 0xc618, 0xc618, 0xc618, 
  0xc618, 0xc638, 0xbdd7, 0x52aa, 0xb5b7, 0x7bcf, 0x0841, 0x0841, 0x5aeb, 0x1082, 0x2104, 0x8c51, 0xa534, 0xad76, 0xc638, 0xce79, 
  0xc639, 0xc618, 0xc618, 0xc618, 0xc618, 0xc618, 0xc618, 0xc618, 0xc618, 0xc618, 0xc639, 0xce59, 0xad76, 0x6b4d, 0x52aa, 0xc618, 
  0xc618, 0xc618, 0xc618, 0xc618, 0xc638, 0x94b2, 0xce79, 0x738e, 0x39e7, 0xef7d, 0xf79e, 0xf79e, 0xffdf, 0xffdf, 0xf79e, 0xf7be, 
  0xffdf, 0xf7be, 0xf79e, 0xf7be, 0xffdf, 0xf79e, 0xf79e, 0xffdf, 0xffdf, 0xf79e, 0xf7be, 0xffdf, 0xf7be, 0xf79e, 0xffdf, 0xffdf, 
  0xef7d, 0xf79e, 0xffff, 0xffdf, 0xef5d, 0xffdf, 0x52aa, 0x6b4d, 0xb5b6, 0x8c51, 0xc618, 0xc638, 0xa535, 0xbdf7, 0xc638, 0xc638, 
  0xc638, 0xc638, 0x4a49, 0x9492, 0x8c51, 0x52aa, 0x4a6a, 0x8c51, 0xc639, 0x9cf3, 0x6b6d, 0x8410, 0xbdf8, 0xc639, 0xc638, 0xc618, 
  0xc618, 0xc638, 0xc618, 0xc618, 0xc618, 0xc638, 0xce59, 0xc638, 0xc638, 0xc618, 0xc618, 0xc618, 0xc638, 0xbdf7, 0x4a49, 0xbdf7, 
  0xc618, 0xc618, 0xc618, 0xc639, 0xce59, 0x9d14, 0xc639, 0xc638, 0x528a, 0x94b2, 0xef7d, 0xef7d, 0xffff, 0xffff, 0xef5d, 0xf79e, 
  0xffff, 0xf7be, 0xef7d, 0xffdf, 0xffff, 0xef7d, 0xf79e, 0xffff, 0xffff, 0xef5d, 0xf7be, 0xffff, 0xf79e, 0xef7d, 0xffdf, 0xffff, 
  0xffff, 0xffdf, 0xef7d, 0xf79e, 0xffff, 0x94b2, 0x39e7, 0xbdd7, 0xa555, 0x8c72, 0xc618, 0xa534, 0x73ae, 0xc639, 0xc639, 0xbdf7, 
  0xc618, 0x5aeb, 0x632c, 0xce59, 0xc639, 0x8c71, 0xad75, 0xc618, 0xbdf7, 0x738e, 0xbdf8, 0xc618, 0xc618, 0xc618, 0xc618, 0xc618, 
  0xc618, 0xc618, 0xc618, 0xc618, 0xc638, 0xad55, 0x630c, 0xad55, 0xb5b7, 0xc638, 0xc618, 0xc638, 0xc618, 0xbdf7, 0x4a49, 0xbdd7, 
  0xc638, 0xc638, 0xc659, 0x9d14, 0x39c7, 0x9cd3, 0xc618, 0xc638, 0xa535, 0x31a6, 0xf7be, 0xffff, 0xef7d, 0xef7d, 0xffff, 0xffdf, 
  0xef7d, 0xffdf, 0xffff, 0xf79e, 0xef7d, 0xffff, 0xffdf, 0xef7d, 0xf79e, 0xffff, 0xf7be, 0xef7d, 0xffdf, 0xffff, 0xf79e, 0xef7d, 
  0xffff, 0xffdf, 0xef7d, 0xf7be, 0xd69a, 0x2104, 0x8410, 0xbdf8, 0x6b4d, 0xbdd7, 0xc618, 0xb5b6, 0x39e7, 0x6b6d, 0x4a69, 0x52aa, 
  0x738e, 0x18e3, 0x4208, 0xce79, 0xc618, 0xc639, 0xc638, 0xc618, 0xbdf7, 0x7bcf, 0xbdd7, 0xc618, 0xc618, 0xc618, 0xc638, 0xc638, 
  0xc618, 0xc618, 0xc638, 0xbdf7, 0xc638, 0xb596, 0xbdd7, 0xc618, 0x9d14, 0x7bef, 0xbe18, 0xc618, 0xc618, 0xbdf8, 0x31a6, 0x4a69, 
  0x5acb, 0x4a69, 0x31a6, 0x3186, 0x7c10, 0x9cd3, 0x8430, 0xc618, 0x8c71, 0x632c, 0x8c51, 0xffff, 0xf79e, 0xf79e, 0xffff, 0xf7be, 
  0xef7d, 0xf7be, 0xffff, 0xf79e, 0xef7d, 0xffff, 0xffdf, 0xef7d, 0xf79e, 0xffff, 0xf7be, 0xef7d, 0xffdf, 0xffff, 0xf79e, 0xef7d, 
  0xf79e, 0xf7be, 0xffdf, 0xef7d, 0x4a69, 0x73ae, 0x9cd3, 0x632c, 0xad75, 0xc639, 0xc618, 0xad55, 0x6b6e, 0x31a6, 0x2965, 0x4a69, 
  0x18e3, 0x2124, 0x2103, 0xbdf7, 0xc639, 0xc638, 0xc638, 0xc618, 0xc639, 0xb5b6, 0xc618, 0xc618, 0xc618, 0xc618, 0xc618, 0xc618, 
  0xc639, 0xc639, 0x8c51, 0x9492, 0xc638, 0xc638, 0xad55, 0xbdd7, 0xc639, 0x9cf3, 0xa534, 0xc659, 0xc638, 0xb5b6, 0x2104, 0x2104, 
  0x1904, 0x2104, 0x5acb, 0xa4f3, 0xce79, 0xb5b6, 0xce59, 0xc639, 0x73ae, 0x8c71, 0x39e7, 0xffff, 0xffdf, 0xffdf, 0xf79e, 0xf7be, 
  0xffdf, 0xf7be, 0xf79e, 0xf7be, 0xffdf, 0xf79e, 0xf79e, 0xffdf, 0xffdf, 0xf79e, 0xf7be, 0xffdf, 0xf7be, 0xf79e, 0xffdf, 0xffdf, 
  0xef7d, 0xf79e, 0xffff, 0xd69a, 0x4208, 0xc618, 0x8410, 0x52aa, 0xd69a, 0xc638, 0xc618, 0xc639, 0xc618, 0xad75, 0x3a4a, 0x2124, 
  0x2124, 0x2a09, 0x2145, 0x7bef, 0xc659, 0xc618, 0xc638, 0xc638, 0x9cf3, 0xbdf8, 0xc638, 0xc618, 0xc618, 0xc618, 0xc618, 0xc659, 
  0xad76, 0x4a69, 0x4208, 0xbe18, 0xc638, 0xc618, 0x8c71, 0xbdd7, 0xc618, 0xce59, 0xa514, 0xa514, 0xce59, 0x738e, 0x1987, 0x2145, 
  0x2124, 0x2b50, 0x3cb7, 0x4414, 0x5b4e, 0x6b6d, 0xd69a, 0xa514, 0x7bef, 0x5acb, 0x6b6d, 0xffdf, 0xffff, 0xffff, 0xef5d, 0xf7be, 
  0xffff, 0xf7be, 0xef7d, 0xffdf, 0xffff, 0xef7d, 0xf79e, 0xffff, 0xffff, 0xef5d, 0xf7be, 0xffff, 0xf79e, 0xef7d, 0xffdf, 0xffff, 
  0xffff, 0xffdf, 0xef7d, 0xc618, 0x4228, 0xc638, 0xbdd7, 0x31a6, 0x9492, 0xbdf7, 0xc618, 0xa534, 0xc639, 0xad76, 0x22ad, 0x3497, 
  0x2104, 0x2acd, 0x2bd3, 0x3986, 0xb596, 0xc618, 0xc659, 0x6b6d, 0x52aa, 0xa555, 0xc638, 0xc638, 0xc638, 0xc638, 0xce59, 0x8c72, 
  0x0841, 0x1082, 0xb596, 0xc638, 0xc618, 0xbe18, 0x8c51, 0xc618, 0xc618, 0xbdd7, 0x2104, 0x18e3, 0xa555, 0x2145, 0x2b30, 0x2166, 
  0x21e9, 0x355c, 0x2d5c, 0x357c, 0x2b91, 0x2a8c, 0x9492, 0x52aa, 0xad75, 0x2104, 0xd69a, 0xffff, 0xf79e, 0xef7d, 0xffff, 0xf7be, 
  0xef7d, 0xffdf, 0xffff, 0xf7be, 0xef7d, 0xffff, 0xffdf, 0xf79e, 0xf79e, 0xffff, 0xf7be, 0xef7d, 0xffdf, 0xffff, 0xf79e, 0xef7d, 
  0xffff, 0xffdf, 0xef7d, 0xdedb, 0x31a6, 0xad55, 0xce59, 0xad55, 0x4228, 0x8c72, 0xc639, 0x4228, 0x8c71, 0x5aeb, 0x2371, 0x2d5c, 
  0x2bd3, 0x2166, 0x2d3b, 0x226c, 0x4a49, 0xb5b7, 0xce59, 0x52aa, 0x4a69, 0xb596, 0xc618, 0xc638, 0xb596, 0x7bcf, 0x2945, 0x0000, 
  0x1082, 0x8431, 0xc618, 0xc618, 0xc618, 0xc618, 0x8c92, 0xc638, 0xc639, 0x7bf0, 0x0020, 0x18e4, 0x528a, 0x21c7, 0x34d9, 0x2145, 
  0x2c56, 0x353b, 0x2d3b, 0x2cf9, 0x22ee, 0x359d, 0x22ce, 0x7bef, 0x73ae, 0x39e7, 0xffdf, 0xffdf, 0xf79e, 0xef7d, 0xffff, 0xf7be, 
  0xef7d, 0xf7be, 0xffff, 0xf79e, 0xef7d, 0xffff, 0xffdf, 0xef7d, 0xf79e, 0xffff, 0xf7be, 0xef7d, 0xffdf, 0xffff, 0xf79e, 0xef7d, 
  0xf79e, 0xf7be, 0xffdf, 0xffdf, 0x8430, 0x3186, 0xa514, 0xc618, 0xb596, 0x630c, 0xc639, 0xc618, 0x632c, 0x21a7, 0x2a6c, 0x2b71, 
  0x357c, 0x224b, 0x2aad, 0x34b7, 0x1904, 0x4208, 0xb5b6, 0x6b6d, 0x4a69, 0xad55, 0xc618, 0xc639, 0xa514, 0x5aca, 0x39e7, 0x0000, 
  0x8410, 0xce79, 0xc618, 0xc639, 0xc639, 0x8c51, 0x94b3, 0xc638, 0xc618, 0x528a, 0x0000, 0x3186, 0x3986, 0x2bd3, 0x2cf9, 0x21c8, 
  0x357c, 0x2bb2, 0x2bd3, 0x2b30, 0x34d9, 0x2d5c, 0x2392, 0x9492, 0x2144, 0x94b2, 0xf7be, 0xf7be, 0xffdf, 0xffdf, 0xf79e, 0xf7be, 
  0xffdf, 0xf7be, 0xf79e, 0xf7be, 0xffdf, 0xf79e, 0xf79e, 0xffdf, 0xffdf, 0xf79e, 0xf7be, 0xffdf, 0xf7be, 0xf79e, 0xffdf, 0xffdf, 
  0xef7d, 0xf79e, 0xffff, 0xffdf, 0xef5d, 0x8430, 0x31a6, 0x73af, 0xb5b6, 0x8410, 0x738e, 0xce59, 0x528a, 0x2aee, 0x2d1a, 0x2cb7, 
  0x357c, 0x2c97, 0x2103, 0x2aac, 0x2124, 0x2104, 0x5acb, 0xa514, 0x2965, 0x9cf4, 0xc618, 0xc618, 0xbdf8, 0x7bef, 0x632d, 0x73ae, 
  0xbdf8, 0xc618, 0xc639, 0xad75, 0x4a69, 0x18c3, 0xb5b6, 0xc639, 0xbdf7, 0x39a6, 0x0000, 0x7bef, 0x39e7, 0x2a8c, 0x2cd8, 0x22ce, 
  0x2c77, 0x2b92, 0x2c56, 0x2c77, 0x2d7c, 0x2d5c, 0x22ac, 0x41e7, 0x2124, 0x9cf3, 0xce79, 0xf79e, 0xffff, 0xffff, 0xef5d, 0xf7be, 
  0xffff, 0xf7be, 0xef7d, 0xffdf, 0xffff, 0xef7d, 0xf79e, 0xffff, 0xffff, 0xef5d, 0xf7be, 0xffff, 0xf79e, 0xef7d, 0xffdf, 0xffff, 
  0xffff, 0xffdf, 0xef7d, 0xf79e, 0xffff, 0xf79e, 0x738e, 0x528a, 0x630c, 0xad75, 0x8c51, 0x4a29, 0x2bb2, 0x2cd8, 0x2b72, 0x2d3b, 
  0x2d7c, 0x357c, 0x2b50, 0x2103, 0x2124, 0x2124, 0x2965, 0xbdd7, 0x5acb, 0x7bef, 0xc618, 0xc618, 0xc618, 0xbe18, 0xbdd7, 0x8431, 
  0xc639, 0xc638, 0xa535, 0x2124, 0x0000, 0x4228, 0xce59, 0xc618, 0xb596, 0x1082, 0x4228, 0xbdd7, 0x39e7, 0x2165, 0x2bd2, 0x2bd3, 
  0x2c14, 0x34f9, 0x355b, 0x2d5c, 0x2d5c, 0x351a, 0x2124, 0x2a4b, 0x2a2a, 0x2966, 0x2945, 0x3186, 0x8410, 0xf79e, 0xffff, 0xf7be, 
  0xef7d, 0xf7be, 0xffff, 0xf7be, 0xef7d, 0xffff, 0xffdf, 0xf79e, 0xf79e, 0xffff, 0xf7be, 0xef7d, 0xffdf, 0xffff, 0xf79e, 0xef7d, 
  0xffff, 0xffdf, 0xef7d, 0xf79e, 0xffff, 0xf7be, 0xd6ba, 0x3186, 0x632c, 0x528a, 0x630b, 0x222a, 0x2bb2, 0x2d1b, 0x353b, 0x2bd3, 
  0x2cb8, 0x355c, 0x2d7d, 0x2bd3, 0x2165, 0x2124, 0x2145, 0x220a, 0x7bf0, 0xb5d7, 0xc638, 0xc618, 0xc618, 0xc618, 0xc639, 0x73ae, 
  0xc659, 0xc638, 0xb5b7, 0x9cd3, 0x9cf3, 0xb5b6, 0xbdd7, 0xc618, 0xb5b7, 0x2104, 0x4a49, 0xbdf8, 0x39e7, 0x2125, 0x2a09, 0x34f9, 
  0x2d1a, 0x2d7c, 0x2d5c, 0x2d5c, 0x359c, 0x2ace, 0x21c8, 0x2d5b, 0x357c, 0x34d9, 0x2a09, 0x39c7, 0xa534, 0xf79e, 0xffff, 0xffbe, 
  0xef7d, 0xf7be, 0xffff, 0xf79e, 0xef7d, 0xffff, 0xffdf, 0xef7d, 0xf79e, 0xffff, 0xf7be, 0xef7d, 0xffdf, 0xffff, 0xf79e, 0xef7d, 
  0xf79e, 0xf7be, 0xffdf, 0xffdf, 0xf79e, 0xf7be, 0xffff, 0xa534, 0x2103, 0x29a7, 0x226b, 0x2bd3, 0x2c56, 0x2c15, 0x2cd8, 0x357c, 
  0x2cd9, 0x2cb8, 0x2d3b, 0x357c, 0x2c35, 0x21e9, 0x2a6c, 0x357d, 0x2b70, 0x7452, 0x9cd3, 0xc618, 0xc638, 0xbdf8, 0xb5b7, 0x73ae, 
  0xc659, 0xc618, 0xc638, 0xc639, 0xce59, 0x9cf3, 0x8c71, 0xc638, 0xbdf7, 0x39c7, 0x2945, 0xbdf7, 0x39c6, 0x2104, 0x2b0f, 0x2d5b, 
  0x2d7c, 0x2d5c, 0x2d5c, 0x2d7c, 0x2c56, 0x2145, 0x2c56, 0x2c35, 0x2aad, 0x2145, 0x4a69, 0x9cd3, 0xbdf7, 0xffdf, 0xf79e, 0xf7be, 
  0xffdf, 0xf7be, 0xf79e, 0xf7be, 0xffdf, 0xf79e, 0xf79e, 0xffdf, 0xffdf, 0xf79e, 0xf7be, 0xffdf, 0xf7be, 0xf79e, 0xffdf, 0xffdf, 
  0xef7d, 0xf79e, 0xffff, 0xffdf, 0xef5d, 0xf7be, 0xffff, 0xf7be, 0x31a6, 0x2209, 0x2209, 0x2b30, 0x2b50, 0x2b50, 0x351a, 0x355c, 
  0x357c, 0x355c, 0x2d3b, 0x2d5c, 0x357c, 0x2cf9, 0x2c56, 0x2d3b, 0x2d5c, 0x2cb8, 0x3bd2, 0x638e, 0xbdf8, 0x8430, 0xad76, 0x8430, 
  0xc639, 0xc638, 0xc638, 0xc638, 0xc639, 0xa535, 0x8431, 0xc638, 0xbdf7, 0x39c7, 0x4a49, 0xb596, 0x3185, 0x2a6c, 0x353b, 0x2d7c, 
  0x2d5c, 0x2d5c, 0x2d5c, 0x2d1a, 0x21e8, 0x2c35, 0x2bf4, 0x2a8c, 0x2229, 0x2a09, 0x2985, 0x18e3, 0x73ae, 0xffff, 0xef7d, 0xf7be, 
  0xffff, 0xf7be, 0xef7d, 0xffdf, 0xffff, 0xef7d, 0xf79e, 0xffff, 0xffff, 0xef5d, 0xf7be, 0xffff, 0xf79e, 0xef7d, 0xffdf, 0xffff, 
  0xffff, 0xffdf, 0xef7d, 0xf79e, 0xffff, 0xf7be, 0xe71c, 0x528a, 0x224b, 0x2d3b, 0x2cb8, 0x222a, 0x2b2f, 0x34b8, 0x22ac, 0x2bf3, 
  0x357c, 0x2d7c, 0x2d5c, 0x2d5c, 0x357c, 0x2d5c, 0x2d5c, 0x2d7c, 0x2d7c, 0x2d5c, 0x2d7c, 0x3391, 0xad75, 0x8c51, 0x8c51, 0x8431, 
  0xce59, 0xc659, 0xbdf7, 0xad76, 0xad76, 0x9493, 0x9cf4, 0xbe18, 0xbdf8, 0x2965, 0x8431, 0xad55, 0x2945, 0x228c, 0x359d, 0x2d5c, 
  0x2d5c, 0x2d5c, 0x2d7c, 0x2aee, 0x2bb2, 0x2d7c, 0x2d5c, 0x353b, 0x2bb3, 0x21a7, 0x2104, 0x9cd3, 0xef5d, 0xf79e, 0xffff, 0xf7be, 
  0xef7d, 0xf7be, 0xffff, 0xf7be, 0xef7d, 0xffff, 0xffdf, 0xf79e, 0xf79e, 0xffff, 0xf7be, 0xef7d, 0xffdf, 0xffff, 0xf79e, 0xef7d, 
  0xffff, 0xffdf, 0xef7d, 0xf79e, 0xffff, 0xd69a, 0x39e8, 0x22ad, 0x359d, 0x2d7c, 0x2d7c, 0x357c, 0x2b91, 0x222a, 0x2c35, 0x2bb2, 
  0x22ad, 0x2c56, 0x2d1a, 0x2d5b, 0x2d5c, 0x2d5c, 0x2d5c, 0x2c97, 0x2c35, 0x2d5b, 0x2c76, 0x2a09, 0x62e9, 0x6309, 0x5ae5, 0x73a6, 
  0x52a9, 0x5ae9, 0x31a5, 0x9486, 0x8c26, 0x8406, 0x7bc6, 0x7ba5, 0x4a48, 0x3185, 0x83e7, 0x5ae8, 0x2965, 0x3435, 0x2c15, 0x2d7c, 
  0x2d5c, 0x2d7c, 0x2bb2, 0x226b, 0x2d1a, 0x3497, 0x2aee, 0x2145, 0x2123, 0x632c, 0xef7d, 0xffff, 0xf79e, 0xf77d, 0xffff, 0xf7df, 
  0xef7d, 0xf7be, 0xffff, 0xf79e, 0xef7d, 0xffff, 0xffdf, 0xef7d, 0xf79e, 0xffff, 0xf7be, 0xef7d, 0xffdf, 0xffff, 0xf79e, 0xef7d, 
  0xf79e, 0xf7be, 0xffdf, 0xef7d, 0x9492, 0x2104, 0x224b, 0x2c77, 0x2c56, 0x2c35, 0x2c14, 0x2bf4, 0x2cb8, 0x353a, 0x2b2f, 0x2acd, 
  0x2b71, 0x2b2f, 0x2b71, 0x2bf4, 0x34f9, 0x357c, 0x2d5b, 0x2cb8, 0x2cf9, 0x2d5c, 0x357c, 0x3497, 0xce49, 0xf769, 0xd628, 0x8c26, 
  0xad47, 0xf748, 0x6b05, 0xbda7, 0xbda7, 0xb567, 0xad47, 0xad47, 0x8c26, 0xd648, 0xce48, 0x9486, 0x4225, 0x2c76, 0x2cd9, 0x357c, 
  0x2cd9, 0x2bb2, 0x2a6c, 0x2cd9, 0x2b50, 0x224b, 0x2187, 0x2104, 0x31a6, 0xe71c, 0xf7be, 0xf79e, 0xffdf, 0xffdf, 0xf79e, 0xf7be, 
  0xffdf, 0xf7be, 0xf79e, 0xf7be, 0xffdf, 0xf79e, 0xf79e, 0xffdf, 0xffdf, 0xf79e, 0xf7be, 0xffdf, 0xf7be, 0xf79e, 0xffdf, 0xffdf, 
  0xef7d, 0xf79e, 0xffff, 0xef7d, 0x7bef, 0x5aeb, 0x530d, 0x29a7, 0x2166, 0x2186, 0x2a8c, 0x2bd3, 0x34f9, 0x359d, 0x35be, 0x2d1a, 
  0x2bf4, 0x2acd, 0x224b, 0x2b30, 0x2b91, 0x2c56, 0x355b, 0x2cb8, 0x2cf9, 0x2d7c, 0x2cd8, 0x430a, 0xdec8, 0xf748, 0xce08, 0x8c46, 
  0xbda7, 0xffa9, 0x6b25, 0xce08, 0xa507, 0xff89, 0xf749, 0xa4e7, 0x9466, 0xde88, 0xce28, 0x9c86, 0x4a24, 0x2c35, 0x2d1a, 0x2c35, 
  0x2b30, 0x2acd, 0x2d5b, 0x359d, 0x2c77, 0x22cd, 0x1945, 0x528a, 0xbdd7, 0xffdf, 0xef7d, 0xef7d, 0xffff, 0xffff, 0xef5d, 0xf7be, 
  0xffff, 0xf7be, 0xef7d, 0xffdf, 0xffff, 0xef7d, 0xf79e, 0xffff, 0xffff, 0xef5d, 0xf7be, 0xffff, 0xf79e, 0xef7d, 0xffdf, 0xffff, 
  0xffff, 0xffdf, 0xef7d, 0xf79e, 0xffdf, 0xef7d, 0x7bef, 0x2103, 0x18e3, 0x2145, 0x2187, 0x21c8, 0x222a, 0x222a, 0x222a, 0x224b, 
  0x2bd3, 0x355b, 0x34b8, 0x21e8, 0x2b0f, 0x357c, 0x2d5c, 0x2d5c, 0x2d5c, 0x2d5b, 0x2d7c, 0x5bcc, 0xf748, 0xf748, 0xc5e7, 0x9467, 
  0xbda7, 0xffa9, 0x6b25, 0xad47, 0x9cc6, 0xf768, 0xef09, 0xa4e7, 0x9466, 0xde88, 0xd648, 0x9486, 0x4204, 0x355b, 0x2cd9, 0x2c97, 
  0x2186, 0x2bd3, 0x2aee, 0x21a8, 0x1904, 0x3a07, 0xb5b6, 0xf7be, 0xf7be, 0xef7d, 0xffff, 0xffdf, 0xf79e, 0xef7d, 0xffff, 0xf7be, 
  0xef7d, 0xf7be, 0xffff, 0xf7be, 0xef7d, 0xffff, 0xffdf, 0xf79e, 0xf79e, 0xffff, 0xf7be, 0xef7d, 0xffdf, 0xffff, 0xf79e, 0xef7d, 
  0xffff, 0xffdf, 0xef7e, 0xf79e, 0xffff, 0xf7be, 0xe73d, 0xdedb, 0xce59, 0xbdd7, 0xb596, 0x9492, 0x2944, 0x2124, 0x2a8c, 0x2bf4, 
  0x2b91, 0x2a6b, 0x2187, 0x2a8c, 0x20e3, 0x224a, 0x34f9, 0x2d1a, 0x2d5b, 0x2d5b, 0x2c35, 0x7ba5, 0xf749, 0xef28, 0xbdc7, 0x9466, 
  0xbda7, 0xffa9, 0x6325, 0xb547, 0xef09, 0xef08, 0xe6c8, 0xa4c7, 0x9486, 0xd668, 0xd688, 0x9486, 0x4a04, 0x353a, 0x2c77, 0x2b50, 
  0x2104, 0x2104, 0x2945, 0x52aa, 0xbdd7, 0xf7be, 0xf7be, 0xffff, 0xf7be, 0xef7d, 0xffff, 0xffff, 0xf79e, 0xf79e, 0xffff, 0xffdf, 
  0xef7d, 0xf7be, 0xffff, 0xf79e, 0xef7d, 0xffff, 0xffdf, 0xef7d, 0xf79e, 0xffff, 0xf7be, 0xef7d, 0xffdf, 0xffff, 0xf79e, 0xef7d, 
  0xf79e, 0xf7be, 0xffdf, 0xffdf, 0xf79e, 0xf7be, 0xffdf, 0xf7be, 0xf7be, 0xffff, 0xffff, 0xad54, 0x6b4d, 0x632d, 0x52ab, 0x2903, 
  0x2a4b, 0x2bf4, 0x357c, 0x2c77, 0x1082, 0x18a2, 0x2124, 0x2187, 0x2acd, 0x224a, 0x18e3, 0x6b25, 0x83c6, 0x7ba6, 0x7386, 0x7366, 
  0x6b66, 0x9466, 0x4a65, 0xad27, 0x8426, 0x8c26, 0x8c47, 0xa4e7, 0x5ac5, 0x7bc6, 0xad07, 0x6b46, 0x3984, 0x2cb8, 0x2bd3, 0x2166, 
  0x2a6b, 0x226c, 0x8430, 0xffff, 0xffdf, 0xffdf, 0xffbe, 0xf79e, 0xffbe, 0xffdf, 0xf79e, 0xf79e, 0xffdf, 0xffdf, 0xf79e, 0xf7be, 
  0xffdf, 0xf7be, 0xf79e, 0xf7be, 0xffdf, 0xf79e, 0xf7be, 0xffdf, 0xffdf, 0xf79e, 0xf7be, 0xffdf, 0xf7be, 0xf79e, 0xffdf, 0xffdf, 
  0xef7d, 0xf79e, 0xffff, 0xffdf, 0xef7d, 0xf7be, 0xffff, 0xef7d, 0xef7d, 0xffff, 0xffff, 0xef9e, 0xffdf, 0xffdf, 0xc638, 0x2944, 
  0x34d9, 0x2d9d, 0x2d7c, 0x2c56, 0x1062, 0x0000, 0x1081, 0x2a6b, 0x2bb2, 0x2a6b, 0x0861, 0x0021, 0x0021, 0x0021, 0x0841, 0x1082, 
  0x0821, 0x0001, 0x10a2, 0x39a3, 0x39c3, 0x39c3, 0x39c3, 0x31a3, 0x0841, 0x0841, 0x2a08, 0x2c15, 0x2187, 0x2c14, 0x2a09, 0x18e3, 
  0x226b, 0x2bd3, 0x4208, 0xffdf, 0xf79e, 0xffff, 0xffde, 0xef5d, 0xffdf, 0xffff, 0xef7d, 0xef7d, 0xffff, 0xffff, 0xef5d, 0xf7be, 
  0xffff, 0xf7be, 0xef7d, 0xffdf, 0xffff, 0xef7d, 0xf79e, 0xffff, 0xffff, 0xef5d, 0xf7be, 0xffff, 0xf79e, 0xef7d, 0xffdf, 0xffff, 
  0xffff, 0xffdf, 0xf79e, 0xf79e, 0xffff, 0xf7be, 0xef7d, 0xffdf, 0xffff, 0xf79e, 0xef7d, 0xffff, 0xffdf, 0xef7d, 0x94b2, 0x20e3, 
  0x355c, 0x2d5c, 0x2d5c, 0x2c35, 0x0841, 0x0000, 0x1081, 0x2b0f, 0x357c, 0x228c, 0x0000, 0x0000, 0x0000, 0x0000, 0x0000, 0x0000, 
  0x0000, 0x0000, 0x0000, 0x0000, 0x0000, 0x0000, 0x0000, 0x0000, 0x0000, 0x0820, 0x2b50, 0x357c, 0x222a, 0x2166, 0x2104, 0x0020, 
  0x2166, 0x2c97, 0x2124, 0xd6ba, 0xffdf, 0xef7d, 0xf7be, 0xffff, 0xf7be, 0xef7d, 0xffff, 0xffdf, 0xf79e, 0xf79e, 0xffff, 0xf7be, 
  0xef7d, 0xf7be, 0xffff, 0xf7be, 0xef7d, 0xffff, 0xffdf, 0xf79e, 0xf79e, 0xffff, 0xf7be, 0xef7d, 0xffdf, 0xffff, 0xf79e, 0xef7d, 
  0xffff, 0xffdf, 0xef7d, 0xf79e, 0xffff, 0xf7be, 0xef7d, 0xffdf, 0xffff, 0xf79e, 0xef7e, 0xffff, 0xffdf, 0xef5d, 0x5acb, 0x2186, 
  0x359d, 0x2d5c, 0x2d5c, 0x2bf4, 0x0841, 0x0000, 0x1882, 0x2b2f, 0x2d5b, 0x19a8, 0x0000, 0x0000, 0x0000, 0x0000, 0x0000, 0x0000, 
  0x0000, 0x0000, 0x0000, 0x0000, 0x0000, 0x0000, 0x0000, 0x0000, 0x0000, 0x0020, 0x2aad, 0x35bd, 0x2acd, 0x18a2, 0x0000, 0x0000, 
  0x10c3, 0x3497, 0x21c8, 0x8410, 0xffff, 0xef7d, 0xf7be, 0xffff, 0xf7be, 0xef7d, 0xffff, 0xffff, 0xf79e, 0xef7d, 0xffff, 0xffdf, 
  0xef7d, 0xf7be, 0xffff, 0xf79e, 0xef7d, 0xffff, 0xffdf, 0xef7d, 0xf79e, 0xffff, 0xf7be, 0xef7d, 0xffdf, 0xffff, 0xf79e, 0xef7d, 
  0xf79e, 0xf7be, 0xffdf, 0xf7be, 0xf79e, 0xf7be, 0xffdf, 0xf7be, 0xf79e, 0xffdf, 0xffdf, 0xf79e, 0xf7be, 0xe73c, 0x2104, 0x2a8c, 
  0x2d9d, 0x2d5c, 0x2d7c, 0x2b91, 0x0841, 0x0000, 0x1882, 0x2b91, 0x2d9d, 0x224b, 0x0000, 0x0000, 0x0000, 0x0000, 0x0000, 0x0000, 
  0x0000, 0x0000, 0x0000, 0x0000, 0x0000, 0x0000, 0x0000, 0x0000, 0x0000, 0x0820, 0x224b, 0x2d7c, 0x2b71, 0x0861, 0x0000, 0x0000, 
  0x0841, 0x2b71, 0x2bd3, 0x41e7, 0xef5d, 0xffdf, 0xffbe, 0xf79e, 0xf7be, 0xffdf, 0xf79e, 0xf79e, 0xffdf, 0xffdf, 0xf79e, 0xf7be, 
  0xffdf, 0xf7be, 0xf79e, 0xf7be, 0xffdf, 0xf79e, 0xf7be, 0xffdf, 0xffdf, 0xf79e, 0xf7be, 0xffdf, 0xf7be, 0xf79e, 0xffdf, 0xffdf, 
  0xef7d, 0xf79e, 0xffff, 0xffdf, 0xef7d, 0xf7be, 0xffff, 0xef7d, 0xef7d, 0xffff, 0xffff, 0xef5d, 0xffff, 0x9492, 0x18a2, 0x2bd2, 
  0x357c, 0x2d5c, 0x2d7c, 0x2aee, 0x0820, 0x0000, 0x18c2, 0x3aac, 0x22ee, 0x19c8, 0x0000, 0x0000, 0x0000, 0x0000, 0x0000, 0x0000, 
  0x0000, 0x0000, 0x0000, 0x0000, 0x0000, 0x0000, 0x0000, 0x0000, 0x0000, 0x0820, 0x2a8c, 0x357c, 0x2330, 0x1082, 0x0000, 0x0000, 
  0x0020, 0x21c8, 0x2d5b, 0x2166, 0xbdf7, 0xffff, 0xffdf, 0xef5d, 0xffdf, 0xffff, 0xef7d, 0xef7d, 0xffff, 0xffff, 0xef5d, 0xf7be, 
  0xffff, 0xf7be, 0xef7d, 0xffdf, 0xffff, 0xef7d, 0xf79e, 0xffff, 0xffff, 0xef5d, 0xf7be, 0xffff, 0xf79e, 0xef5d, 0xffdf, 0xffff, 
  0xffff, 0xffdf, 0xf79e, 0xf79e, 0xffff, 0xf7be, 0xef7d, 0xffdf, 0xffff, 0xf79e, 0xef7d, 0xffff, 0xf79e, 0x2945, 0x2104, 0x2cb8, 
  0x2d5c, 0x2d5c, 0x357c, 0x222a, 0x0840, 0x0000, 0x10a2, 0x94d3, 0xad55, 0x630c, 0x18c3, 0x0820, 0x0000, 0x0000, 0x0000, 0x0000, 
  0x0000, 0x0000, 0x0000, 0x0000, 0x0000, 0x0000, 0x0000, 0x0000, 0x0000, 0x0000, 0x10c3, 0x3456, 0x6bd0, 0x2104, 0x0000, 0x0000, 
  0x0000, 0x1882, 0x2c97, 0x230f, 0x5acb, 0xf7be, 0xf7be, 0xffff, 0xf7be, 0xef7d, 0xffff, 0xffdf, 0xf79e, 0xf79e, 0xffff, 0xf7be, 
  0xef7d, 0xf7be, 0xffff, 0xf7be, 0xef7d, 0xffff, 0xffdf, 0xf79e, 0xf79e, 0xffff, 0xf7be, 0xef7d, 0xffdf, 0xffff, 0xf79e, 0xf79e, 
  0xffff, 0xffdf, 0xef7d, 0xf79e, 0xffff, 0xf7be, 0xef7d, 0xffdf, 0xffff, 0xf79d, 0xef7d, 0xffff, 0x8c50, 0x2187, 0x2a6b, 0x2d1a, 
  0x2d5c, 0x2d5c, 0x357c, 0x2165, 0x0020, 0x0000, 0x18c3, 0xad76, 0xc638, 0xc659, 0xb5b7, 0x528a, 0x1082, 0x0000, 0x0000, 0x0000, 
  0x0000, 0x0000, 0x0000, 0x0000, 0x0000, 0x0000, 0x0000, 0x0000, 0x0000, 0x0020, 0x21a7, 0x6baf, 0xce79, 0x2965, 0x0861, 0x0000, 
  0x0000, 0x0841, 0x2a4b, 0x2cd8, 0x18e4, 0xce59, 0xffdf, 0xffff, 0xf7be, 0xef7d, 0xffff, 0xffff, 0xef7d, 0xef7d, 0xffff, 0xffdf, 
  0xef7d, 0xf7be, 0xffff, 0xf79e, 0xef7d, 0xffff, 0xffdf, 0xef7d, 0xf79e, 0xffff, 0xf7be, 0xef7d, 0xffdf, 0xffff, 0xf79e, 0xef7d, 
  0xf79e, 0xf7be, 0xffdf, 0xf7be, 0xf79e, 0xf7be, 0xffdf, 0xf7be, 0xf79e, 0xffdf, 0xffdf, 0xdefb, 0x39c6, 0x2bf4, 0x2b2f, 0x2d5b, 
  0x2d5c, 0x355c, 0x353a, 0x18c2, 0x0020, 0x0861, 0x2945, 0xb596, 0xc618, 0xb5b7, 0xbdf8, 0xc639, 0x7bef, 0x18e3, 0x0000, 0x0000, 
  0x0000, 0x0000, 0x0000, 0x0000, 0x0000, 0x0000, 0x0000, 0x0000, 0x0000, 0x0841, 0x630c, 0xce59, 0xce59, 0x73ae, 0x1082, 0x0020, 
  0x0000, 0x0020, 0x20e3, 0x2c97, 0x222a, 0x4a49, 0xffdf, 0xf79e, 0xf7be, 0xffdf, 0xf7be, 0xf79e, 0xffdf, 0xffdf, 0xf79e, 0xf7be, 
  0xffdf, 0xf7be, 0xf79e, 0xf7be, 0xffdf, 0xf79e, 0xf7be, 0xffdf, 0xffdf, 0xf79e, 0xf7be, 0xffdf, 0xf7be, 0xf79e, 0xffdf, 0xffdf, 
  0xef5d, 0xf79e, 0xffff, 0xffdf, 0xef5d, 0xf7be, 0xffff, 0xef7d, 0xef7d, 0xffff, 0xffff, 0x9cd2, 0x21c8, 0x357c, 0x2bf4, 0x2d7c, 
  0x2d5c, 0x2d7c, 0x2c14, 0x18a2, 0x0000, 0x2104, 0x31a6, 0xb5b6, 0xc638, 0x7bef, 0xb5d7, 0xc638, 0xc659, 0x9492, 0x18e4, 0x0000, 
  0x0000, 0x0000, 0x0000, 0x0000, 0x0000, 0x0000, 0x0000, 0x0000, 0x0020, 0x5acb, 0xc618, 0xc618, 0xc638, 0xb596, 0x18e3, 0x0020, 
  0x0000, 0x0000, 0x1082, 0x2ace, 0x2c56, 0x2103, 0xad55, 0xef7d, 0xffdf, 0xffff, 0xef7d, 0xef7d, 0xffff, 0xffff, 0xef5d, 0xf7be, 
  0xffff, 0xf7be, 0xef7d, 0xffdf, 0xffff, 0xef7d, 0xf79e, 0xffff, 0xffff, 0xef5d, 0xf7be, 0xffff, 0xf79e, 0xef7d, 0xffdf, 0xffff, 
  0xffff, 0xffdf, 0xf79e, 0xf79e, 0xffff, 0xf7be, 0xef7d, 0xffdf, 0xffdf, 0xf79e, 0xf7be, 0x39c6, 0x2bf3, 0x2d5c, 0x2d1a, 0x2d5c, 
  0x2d5c, 0x2d9d, 0x2aed, 0x1082, 0x0841, 0x2124, 0x4a49, 0xb5d7, 0xc618, 0x6b4d, 0xbdf8, 0xc618, 0xc618, 0xc618, 0x8c51, 0x10a2, 
  0x0000, 0x0000, 0x0000, 0x0000, 0x0000, 0x0000, 0x0000, 0x0000, 0x39c7, 0xbdd7, 0xc618, 0xc638, 0xc618, 0xbe18, 0x4228, 0x0841, 
  0x0000, 0x0000, 0x0000, 0x2186, 0x2cf9, 0x2a6b, 0x4a49, 0xf79e, 0xf7be, 0xef7d, 0xffff, 0xffdf, 0xf79e, 0xf79e, 0xffff, 0xf7de, 
  0xef7d, 0xf7be, 0xffff, 0xf7be, 0xef7d, 0xffff, 0xffdf, 0xf79e, 0xf79e, 0xffff, 0xf7be, 0xef7d, 0xffdf, 0xffff, 0xf79e, 0xf79e, 
  0xffff, 0xffdf, 0xef7d, 0xf79e, 0xffff, 0xf7be, 0xef5d, 0xffdf, 0xffff, 0xf7be, 0xa514, 0x1966, 0x2cf9, 0x2d5c, 0x2d5c, 0x2d5c, 
  0x2d5c, 0x359d, 0x21a7, 0x0861, 0x10a2, 0x2945, 0x7bcf, 0xbdf7, 0xbdf7, 0x6b6d, 0xbdf8, 0xc618, 0xc618, 0xc618, 0xce59, 0x4208, 
  0x0841, 0x0000, 0x0000, 0x0000, 0x0000, 0x0000, 0x0000, 0x18e3, 0xb5b6, 0xc638, 0xc618, 0xc618, 0xc618, 0xc618, 0x6b6d, 0x18a2, 
  0x0000, 0x0000, 0x0000, 0x1061, 0x2b71, 0x351a, 0x18e4, 0xa514, 0xffdf, 0xef7d, 0xffff, 0xffff, 0xef7d, 0xef7d, 0xffff, 0xffdf, 
  0xef7d, 0xf7be, 0xffff, 0xf79e, 0xef7d, 0xffff, 0xffff, 0xef7d, 0xf79e, 0xffff, 0xf7be, 0xef7d, 0xffdf, 0xffff, 0xf79e, 0xef7d, 
  0xf79e, 0xf7be, 0xffdf, 0xf7be, 0xf79e, 0xf7be, 0xffdf, 0xf7be, 0xf79e, 0xffdf, 0x39e7, 0x22ad, 0x357c, 0x2d5c, 0x2d5c, 0x2d5c, 
  0x355c, 0x2cf9, 0x2145, 0x0841, 0x18e3, 0x39e7, 0xa534, 0xc618, 0xb5d7, 0x73ae, 0xc618, 0xc618, 0xc618, 0xc618, 0xc618, 0x6b8d, 
  0x39c7, 0x0000, 0x0000, 0x0000, 0x0000, 0x0000, 0x10a2, 0x94b3, 0xc639, 0xc618, 0xc618, 0xc618, 0xc618, 0xc618, 0x9492, 0x2124, 
  0x0000, 0x0000, 0x0000, 0x0821, 0x2125, 0x2d1a, 0x2b71, 0x2104, 0xd69a, 0xffff, 0xf79e, 0xf79e, 0xffdf, 0xffdf, 0xf79e, 0xf7be, 
  0xffdf, 0xf7be, 0xf79e, 0xf7be, 0xffdf, 0xf79e, 0xf7be, 0xffdf, 0xffdf, 0xf79e, 0xf7be, 0xffdf, 0xf7be, 0xf79e, 0xffdf, 0xffdf, 
  0xef7d, 0xf79e, 0xffff, 0xffdf, 0xef5d, 0xf7be, 0xffff, 0xef7d, 0xef7d, 0xbdf7, 0x2104, 0x2cb8, 0x2d7c, 0x2d5c, 0x2d5c, 0x2d5c, 
  0x2d7c, 0x2c14, 0x2124, 0x0020, 0x18e3, 0x73af, 0xc618, 0xc618, 0xb5b7, 0x8430, 0xc618, 0xc618, 0xc618, 0xc618, 0xb5b7, 0x8410, 
  0x9cf4, 0x0861, 0x0000, 0x0000, 0x0000, 0x0861, 0x7bcf, 0xc618, 0xc618, 0xc618, 0xc618, 0xc618, 0xc618, 0xc638, 0xad55, 0x3186, 
  0x0841, 0x0000, 0x0000, 0x0000, 0x1882, 0x2a8c, 0x357c, 0x21e9, 0x4a49, 0xf79e, 0xef7d, 0xef7d, 0xffff, 0xffff, 0xef5d, 0xf7be, 
  0xffff, 0xf7be, 0xef7d, 0xffdf, 0xffff, 0xef7d, 0xf79e, 0xffff, 0xffff, 0xef5d, 0xf7be, 0xffff, 0xf79e, 0xef7d, 0xffdf, 0xffff, 
  0xffff, 0xffdf, 0xf79e, 0xf79e, 0xffff, 0xf7be, 0xef7d, 0xffdf, 0xffdf, 0x73ae, 0x2209, 0x359d, 0x355c, 0x355c, 0x2d5c, 0x2d5c, 
  0x357c, 0x2b30, 0x10a2, 0x0841, 0x18c3, 0xb596, 0xc638, 0xc618, 0xb5d7, 0x94d3, 0xc638, 0xc618, 0xc618, 0xc618, 0xad55, 0x9492, 
  0xc618, 0x4a49, 0x0000, 0x0841, 0x18c3, 0x8431, 0xc618, 0xc618, 0xc618, 0xc618, 0xc618, 0xc618, 0xc618, 0xc618, 0xc618, 0x39c7, 
  0x1082, 0x0000, 0x0000, 0x0000, 0x0020, 0x2145, 0x2c76, 0x2cf9, 0x2124, 0x7bcf, 0xffff, 0xffdf, 0xf79e, 0xef9e, 0xffff, 0xf7be, 
  0xf79e, 0xf7be, 0xffff, 0xf7be, 0xef7d, 0xffff, 0xffdf, 0xf79e, 0xf79e, 0xffff, 0xf7be, 0xef7d, 0xffdf, 0xffff, 0xf79e, 0xf79e, 
  0xffff, 0xffdf, 0xef7d, 0xf79e, 0xffff, 0xf7be, 0xef7d, 0xffff, 0xef7d, 0x4207, 0x2c15, 0x2d7c, 0x357c, 0x2d5c, 0x2d5c, 0x2d5c, 
  0x2d5b, 0x2a8c, 0x0841, 0x0861, 0x31a6, 0xc658, 0xc618, 0xc618, 0xc618, 0xbe18, 0xc618, 0xc618, 0xc638, 0xc618, 0x9cf4, 0xad75, 
  0xc639, 0x6b4d, 0x2124, 0x4a49, 0xb5b6, 0xc638, 0xc618, 0xc638, 0xc618, 0xc618, 0xc618, 0xc618, 0xc618, 0xc618, 0xce59, 0x4a69, 
  0x10a2, 0x0000, 0x0000, 0x0000, 0x0000, 0x1082, 0x2a6b, 0x355b, 0x2c56, 0x18e4, 0xb596, 0xffff, 0xef7d, 0xef7d, 0xffff, 0xffdf, 
  0xef7d, 0xf7be, 0xffff, 0xf79e, 0xef7d, 0xffff, 0xffdf, 0xef7d, 0xf79e, 0xffff, 0xf7be, 0xef7d, 0xffdf, 0xffff, 0xf79e, 0xef7d, 
  0xf79e, 0xf7be, 0xffdf, 0xf7be, 0xf79e, 0xf7be, 0xffdf, 0xf7be, 0xce59, 0x2145, 0x355b, 0x2d5c, 0x2d5c, 0x2d5c, 0x2d5c, 0x2d5c, 
  0x2d1a, 0x21c8, 0x0000, 0x10a2, 0x5b0c, 0xc639, 0xc638, 0xc618, 0xc618, 0xc618, 0xc618, 0xc618, 0xc618, 0xc618, 0xa514, 0xbdd7, 
  0xc618, 0x5aeb, 0x2124, 0x73ae, 0xce59, 0xc618, 0xc618, 0xc618, 0xc618, 0xc618, 0xc618, 0xc618, 0xc618, 0xc618, 0xce59, 0x6b6d, 
  0x18c3, 0x0000, 0x0000, 0x0000, 0x0000, 0x0000, 0x18e3, 0x2c35, 0x2d7d, 0x2b92, 0x1904, 0xad75, 0xffdf, 0xffdf, 0xf79e, 0xf7be, 
  0xffdf, 0xf7be, 0xf79e, 0xf7be, 0xffdf, 0xf79e, 0xf7be, 0xffdf, 0xffdf, 0xf79e, 0xf7be, 0xffdf, 0xf7be, 0xf79e, 0xf7be, 0xffdf, 
  0xef7d, 0xf79e, 0xffff, 0xffdf, 0xef5d, 0xf7be, 0xffff, 0xf7be, 0x8410, 0x228c, 0x2d5b, 0x2d5c, 0x2d5c, 0x357c, 0x355c, 0x2d5c, 
  0x34d9, 0x18e4, 0x0000, 0x18c3, 0x8431, 0xc638, 0xc618, 0xc618, 0xc638, 0xc618, 0xc618, 0xc618, 0xc618, 0xc618, 0xad76, 0xbdf7, 
  0xbdf7, 0x4a69, 0x2124, 0x6b6e, 0xc639, 0xc618, 0xc618, 0xc618, 0xc618, 0xc618, 0xc618, 0xc618, 0xc618, 0xc618, 0xc639, 0x8410, 
  0x18e3, 0x0000, 0x0000, 0x0000, 0x0000, 0x0000, 0x1061, 0x2187, 0x353b, 0x357c, 0x2bb2, 0x2966, 0x9cf3, 0xffff, 0xef7d, 0xf7be, 
  0xffff, 0xf7be, 0xef7d, 0xffdf, 0xffff, 0xef5d, 0xf79e, 0xffff, 0xffff, 0xef5d, 0xf7be, 0xffff, 0xf79e, 0xef7d, 0xffdf, 0xffff, 
  0xffff, 0xffdf, 0xf79e, 0xf79e, 0xffff, 0xf7be, 0xf79e, 0xffff, 0x4228, 0x2bb3, 0x2d5c, 0x2d5c, 0x2d5c, 0x2d5c, 0x2d5c, 0x2d7c, 
  0x2c14, 0x1081, 0x0000, 0x2124, 0x9cf4, 0xc618, 0xc618, 0xc618, 0xc618, 0xc618, 0xc618, 0xc618, 0xc618, 0xc618, 0xbdf8, 0xc618, 
  0xb5b7, 0x39e7, 0x2124, 0x5b0c, 0xc639, 0xc618, 0xc618, 0xc618, 0xc618, 0xc618, 0xc618, 0xc618, 0xc618, 0xc618, 0xc639, 0x94b2, 
  0x18c3, 0x0841, 0x0000, 0x0000, 0x0000, 0x0000, 0x0000, 0x18c3, 0x2aad, 0x2d9d, 0x2d5c, 0x2c35, 0x2986, 0x5acb, 0xe71c, 0xffdf, 
  0xf79e, 0xf7be, 0xffff, 0xf7be, 0xef7e, 0xffff, 0xffdf, 0xf79e, 0xf79e, 0xffff, 0xf7be, 0xf79e, 0xffdf, 0xffff, 0xf79e, 0xf79e, 
  0xffff, 0xffdf, 0xef7d, 0xf79e, 0xffff, 0xf7be, 0xef7d, 0xf7be, 0x1904, 0x2c97, 0x2d5c, 0x2d5c, 0x2d5c, 0x2d5c, 0x2d5c, 0x2d7d, 
  0x2aee, 0x1061, 0x0000, 0x31a6, 0xad75, 0xc618, 0xc618, 0xc618, 0xc618, 0xc618, 0xc618, 0xc618, 0xc618, 0xc618, 0xc618, 0xc618, 
  0xad96, 0x2124, 0x18e3, 0x4a69, 0xc638, 0xc618, 0xc618, 0xc618, 0xc618, 0xc618, 0xc638, 0xc618, 0xc618, 0xc618, 0xc639, 0x9d14, 
  0x18c3, 0x1062, 0x0841, 0x0000, 0x0000, 0x0000, 0x0000, 0x0020, 0x2145, 0x2c55, 0x2d5c, 0x2d7c, 0x2cf9, 0x2209, 0x2965, 0xb596, 
  0xef7e, 0xf7df, 0xffff, 0xf79e, 0xef7d, 0xffff, 0xffdf, 0xef7d, 0xf79e, 0xffff, 0xf7be, 0xef7d, 0xffdf, 0xffff, 0xf79e, 0xef7d, 
  0xf79e, 0xf7be, 0xffdf, 0xf7be, 0xf79e, 0xf7be, 0xffff, 0xbdf7, 0x1966, 0x2d3b, 0x2d5c, 0x2d7c, 0x2d5c, 0x2d5c, 0x2d5c, 0x359d, 
  0x21c8, 0x0841, 0x0840, 0x4208, 0xb5b7, 0xc618, 0xc618, 0xc618, 0xc618, 0xc618, 0xc618, 0xc618, 0xc618, 0xc618, 0xc618, 0xc638, 
  0x8c51, 0x10a2, 0x18c3, 0x4208, 0xbdd7, 0xc618, 0xbe18, 0xc618, 0xc618, 0xc618, 0xc618, 0xc618, 0xc618, 0xc618, 0xc638, 0xa535, 
  0x18c3, 0x0841, 0x18c3, 0x0000, 0x0000, 0x0000, 0x0000, 0x0000, 0x1061, 0x2a09, 0x353b, 0x2d5c, 0x2d7c, 0x359d, 0x2b50, 0x10e4, 
  0x7bae, 0xe73c, 0xf7be, 0xf7be, 0xffde, 0xf79e, 0xf7be, 0xffdf, 0xffdf, 0xf79e, 0xf7be, 0xffdf, 0xf7be, 0xf79e, 0xffdf, 0xffdf, 
  0xef7d, 0xf79e, 0xffff, 0xffdf, 0xef5d, 0xf7be, 0xffff, 0x9491, 0x21e8, 0x359c, 0x2d5c, 0x357c, 0x2d5c, 0x2d5c, 0x2d5c, 0x355c, 
  0x18e3, 0x0821, 0x0861, 0x4a49, 0xc618, 0xc618, 0xc618, 0xc618, 0xc618, 0xc618, 0xc618, 0xc618, 0xc618, 0xc618, 0xad55, 0xce79, 
  0x4229, 0x1082, 0x0861, 0x31a6, 0xad55, 0xc618, 0xc618, 0xc618, 0xc638, 0xc618, 0xc618, 0xc618, 0xc618, 0xc618, 0xc638, 0xad55, 
  0x18c3, 0x0020, 0x2186, 0x0000, 0x0000, 0x0000, 0x0000, 0x0000, 0x0000, 0x18a2, 0x2b0f, 0x2d9d, 0x2d5c, 0x2d5c, 0x357c, 0x2c15, 
  0x2166, 0x528a, 0xd6ba, 0xffff, 0xffff, 0xef7d, 0xf79e, 0xffff, 0xffff, 0xef5d, 0xf7be, 0xffff, 0xf79e, 0xef7d, 0xffdf, 0xffff, 
  0xffff, 0xffdf, 0xf79e, 0xf79e, 0xffdf, 0xf7be, 0xffdf, 0x6b6d, 0x228c, 0x359d, 0x2d5c, 0x2d5c, 0x2d5c, 0x2d5c, 0x357c, 0x2c97, 
  0x20e3, 0x0000, 0x10a2, 0x5acb, 0xc659, 0xc618, 0xc618, 0xc618, 0xc618, 0xc618, 0xc618, 0xc618, 0xc618, 0xbe18, 0x9492, 0xad55, 
  0x18e3, 0x0841, 0x0020, 0x2124, 0x9cd3, 0xc618, 0xc618, 0xc638, 0xc638, 0xc618, 0xc618, 0xc618, 0xc638, 0xc618, 0xc639, 0xa555, 
  0x18c3, 0x0820, 0x222a, 0x0841, 0x0000, 0x0000, 0x0000, 0x0000, 0x0000, 0x0841, 0x2124, 0x2c14, 0x357c, 0x2d5c, 0x2d5c, 0x2d7c, 
  0x2cb8, 0x21a7, 0x39e7, 0xd6bb, 0xf79e, 0xffff, 0xffdf, 0xf79e, 0xf79e, 0xffff, 0xf7be, 0xf79e, 0xffdf, 0xffdf, 0xf79e, 0xf79e, 
  0xffff, 0xffdf, 0xef7d, 0xf79e, 0xffff, 0xf7be, 0xf7be, 0x5269, 0x2b0f, 0x359d, 0x2d5c, 0x2d7b, 0x2d5c, 0x2d5c, 0x357c, 0x2bb3, 
  0x20e3, 0x0000, 0x18e3, 0x6b6d, 0xc639, 0xc618, 0xc618, 0xc618, 0xc638, 0xc618, 0xc638, 0xc618, 0xc638, 0xb5d7, 0x8c71, 0x5acb, 
  0x18e3, 0x0000, 0x0000, 0x18e3, 0x6b8d, 0xc638, 0xc618, 0xc618, 0xc618, 0xc618, 0xc618, 0xc618, 0xb596, 0xc638, 0xc638, 0xa514, 
  0x18e3, 0x0000, 0x224b, 0x1925, 0x0000, 0x0000, 0x0000, 0x0000, 0x0000, 0x0000, 0x1082, 0x21c8, 0x2cf9, 0x2d5c, 0x2d5c, 0x2d5c, 
  0x2d7c, 0x2cb8, 0x2166, 0x4208, 0xdeda, 0xffff, 0xffff, 0xef7d, 0xf79e, 0xffff, 0xf7be, 0xef7d, 0xffdf, 0xffff, 0xf79e, 0xef7d, 
  0xf79e, 0xf7be, 0xffdf, 0xf7be, 0xf79e, 0xf7be, 0xffff, 0x41e7, 0x2b71, 0x2d7d, 0x2d5c, 0x2d5c, 0x2d5c, 0x2d5c, 0x2d9d, 0x2b2f, 
  0x18c3, 0x0000, 0x2104, 0x8410, 0xc639, 0xc618, 0xc618, 0xc638, 0xc618, 0xc618, 0xc618, 0xc618, 0xc639, 0x94b3, 0x7bcf, 0x2965, 
  0x0861, 0x0000, 0x0000, 0x10a2, 0x39e7, 0xc639, 0xc638, 0xb596, 0xc638, 0xc618, 0xc618, 0xc638, 0x9492, 0xc639, 0xc639, 0x9cd3, 
  0x18e3, 0x0020, 0x1967, 0x22cd, 0x0000, 0x0000, 0x0000, 0x0000, 0x0000, 0x0000, 0x0000, 0x18a2, 0x2aee, 0x355c, 0x2d5c, 0x2d5c, 
  0x2d5c, 0x2d7d, 0x2cb8, 0x2145, 0x62eb, 0xef7d, 0xf7be, 0xffdf, 0xffdf, 0xf79e, 0xf7be, 0xffdf, 0xf7be, 0xf79e, 0xf7be, 0xffdf, 
  0xef7d, 0xf79e, 0xffff, 0xffdf, 0xef5d, 0xf7be, 0xffff, 0x39c7, 0x2bb2, 0x357c, 0x2d5c, 0x2d5c, 0x2d5c, 0x2d5c, 0x359d, 0x2a8c, 
  0x10a2, 0x0020, 0x2104, 0x9cd3, 0xc659, 0xc618, 0xc618, 0xc638, 0xc618, 0xc618, 0xc618, 0xc618, 0xce59, 0x6b6d, 0x528a, 0x18e3, 
  0x0000, 0x0000, 0x0000, 0x0861, 0x18e3, 0xad76, 0xc639, 0x9cd3, 0xc639, 0xc618, 0xc618, 0xc638, 0x9492, 0xbe18, 0xc639, 0x8c51, 
  0x18e3, 0x0000, 0x10c3, 0x2c35, 0x0820, 0x0000, 0x0000, 0x0000, 0x0000, 0x0000, 0x0000, 0x0820, 0x20e3, 0x2b92, 0x359d, 0x2d5c, 
  0x2d5c, 0x2d5c, 0x2d7c, 0x2c35, 0x18e4, 0x738e, 0xf7be, 0xffff, 0xffff, 0xef5d, 0xf7be, 0xffff, 0xf79e, 0xef7d, 0xffdf, 0xffff, 
  0xffff, 0xffdf, 0xf79e, 0xf7be, 0xffff, 0xf7be, 0xe73c, 0x39a6, 0x2bd3, 0x2d7c, 0x2d5c, 0x2d5c, 0x2d5c, 0x2d5c, 0x359d, 0x222a, 
  0x10a2, 0x0841, 0x2124, 0x528a, 0xbdd7, 0xc638, 0xc618, 0xc618, 0xc618, 0xc638, 0xc618, 0xc618, 0xce7a, 0x39e7, 0x2945, 0x0841, 
  0x0000, 0x0000, 0x0000, 0x0821, 0x18e3, 0x6b6e, 0xce79, 0x8451, 0xc659, 0xc618, 0xc618, 0xc638, 0xad96, 0xb596, 0xb596, 0x738e, 
  0x18e3, 0x0000, 0x1062, 0x34d8, 0x10c3, 0x0000, 0x0000, 0x0000, 0x0000, 0x0000, 0x0000, 0x0000, 0x0861, 0x2166, 0x2c56, 0x2d7c, 
  0x2d5c, 0x2d5c, 0x2d5c, 0x357c, 0x2b2f, 0x2924, 0xa534, 0xf7be, 0xf79e, 0xffff, 0xf7be, 0xef9e, 0xffdf, 0xffdf, 0xf79e, 0xf79e, 
  0xffff, 0xffdf, 0xef7d, 0xf79e, 0xffff, 0xf7be, 0xdefb, 0x39a6, 0x2bb3, 0x357c, 0x2d5c, 0x2d5c, 0x2d5c, 0x2d5c, 0x359d, 0x21e9, 
  0x1082, 0x1082, 0x2124, 0x0861, 0x39e7, 0xa514, 0xc639, 0xc618, 0xbdf8, 0xb5b6, 0xc618, 0xc638, 0xbdf8, 0x2104, 0x18e3, 0x0800, 
  0x0000, 0x0020, 0x0000, 0x0000, 0x18e3, 0x3186, 0xce7a, 0x73cf, 0xc659, 0xc618, 0xc618, 0xc618, 0xc618, 0xbdf8, 0xa534, 0x528a, 
  0x18c3, 0x0000, 0x0861, 0x3519, 0x19a7, 0x0000, 0x0000, 0x0000, 0x0000, 0x0000, 0x0000, 0x0000, 0x0000, 0x10a2, 0x2a09, 0x2d1a, 
  0x2d5c, 0x2d5c, 0x2d5c, 0x2d5c, 0x357d, 0x21c8, 0x41e7, 0xdefb, 0xf79e, 0xffff, 0xf7bf, 0xef5d, 0xffdf, 0xffff, 0xf79e, 0xef7d, 
  0xf79e, 0xf7be, 0xffdf, 0xf7be, 0xf7be, 0xf7be, 0xef5d, 0x39a6, 0x2bb2, 0x357d, 0x2d5c, 0x2d5c, 0x2d5c, 0x2d5c, 0x359d, 0x21c8, 
  0x1082, 0x10a2, 0x2124, 0x0841, 0x0000, 0x9492, 0xc639, 0xc638, 0xb596, 0xa535, 0xc618, 0xc639, 0x8c71, 0x2104, 0x1062, 0x0000, 
  0x0841, 0x1082, 0x0000, 0x0000, 0x1082, 0x2945, 0xad55, 0x738e, 0xce59, 0xc618, 0xc618, 0xc618, 0xc618, 0xc638, 0xad75, 0x31a6, 
  0x10a2, 0x0000, 0x0841, 0x351a, 0x22ad, 0x0000, 0x0000, 0x0000, 0x0000, 0x0000, 0x0000, 0x0000, 0x0000, 0x0000, 0x18c2, 0x2aee, 
  0x355c, 0x2d5c, 0x2d5c, 0x2d5c, 0x2d7c, 0x2cd8, 0x18e3, 0x8c51, 0xffff, 0xf7be, 0xf7be, 0xffdf, 0xf7be, 0xf79e, 0xf7be, 0xffdf, 
  0xef7d, 0xf79e, 0xffff, 0xffdf, 0xef5d, 0xf7be, 0xf79e, 0x39c6, 0x2b71, 0x2d7d, 0x2d5c, 0x2d5b, 0x355c, 0x2d5c, 0x359d, 0x21e8, 
  0x1082, 0x18e3, 0x2124, 0x0861, 0x4208, 0xc659, 0xc618, 0xc638, 0x9cf4, 0xa535, 0xc638, 0xbdf8, 0x4a6a, 0x18e3, 0x0000, 0x0000, 
  0x2125, 0x1105, 0x0000, 0x0000, 0x0841, 0x2124, 0x8430, 0x6b4d, 0xce59, 0xc638, 0xc618, 0xc618, 0xc638, 0xad76, 0xc638, 0x39e7, 
  0x0841, 0x0000, 0x0840, 0x34d9, 0x2c14, 0x0820, 0x0000, 0x0000, 0x0000, 0x0000, 0x0000, 0x0000, 0x0000, 0x0000, 0x0841, 0x20e3, 
  0x2b71, 0x357c, 0x2d5c, 0x2d5c, 0x2d5c, 0x2d7c, 0x2aee, 0x2104, 0xdefb, 0xef7d, 0xf7be, 0xffff, 0xf79e, 0xef7d, 0xffdf, 0xffff, 
  0xffff, 0xffdf, 0xf79e, 0xf7be, 0xffff, 0xf7be, 0xe73c, 0x39a6, 0x2b2f, 0x2d9c, 0x2d5c, 0x2d5c, 0x2d5c, 0x2d5c, 0x359d, 0x2209, 
  0x10a2, 0x2104, 0x2124, 0x6b4d, 0x8c51, 0xc639, 0xc618, 0xc639, 0x7bf0, 0x8c51, 0xbdd7, 0x6b4d, 0x2945, 0x0861, 0x0000, 0x0861, 
  0x29e8, 0x1126, 0x0000, 0x0000, 0x0000, 0x2124, 0x6b4d, 0x6b4d, 0xce59, 0xc618, 0xc618, 0xc618, 0xbdd7, 0x94b3, 0xce79, 0x5acb, 
  0x0021, 0x0000, 0x0820, 0x34b8, 0x355b, 0x1082, 0x0000, 0x0000, 0x0000, 0x0000, 0x0000, 0x0000, 0x0000, 0x0000, 0x0000, 0x0861, 
  0x2966, 0x2c35, 0x2d5c, 0x2d5c, 0x2d5c, 0x2d5c, 0x2cb8, 0x2145, 0x632c, 0xffff, 0xf7bf, 0xf79e, 0xffde, 0xffdf, 0xf7be, 0xf79e, 
  0xffff, 0xffdf, 0xef7d, 0xf79e, 0xffff, 0xf7be, 0xe73c, 0x39c7, 0x2ace, 0x2d9d, 0x2d5c, 0x2d5c, 0x2d5c, 0x2d5c, 0x2d9d, 0x2a6c, 
  0x18c3, 0x2965, 0x39c7, 0xad55, 0x9d14, 0xc618, 0xc618, 0xc659, 0x5b0c, 0x738e, 0x52aa, 0x2124, 0x2124, 0x0020, 0x0000, 0x21e9, 
  0x22ad, 0x1105, 0x0000, 0x0000, 0x0000, 0x2104, 0x5acb, 0x6b4d, 0xce59, 0xc618, 0xc618, 0xc638, 0x94b2, 0xa555, 0xce59, 0x73ce, 
  0x0841, 0x0000, 0x0840, 0x3497, 0x35bd, 0x21a8, 0x0000, 0x0000, 0x0000, 0x0000, 0x0000, 0x0000, 0x0000, 0x0000, 0x0000, 0x0000, 
  0x10a2, 0x21a7, 0x353b, 0x2d5c, 0x2d5c, 0x2d5c, 0x2d9d, 0x2a6b, 0x3186, 0xdedb, 0xffbe, 0xef7d, 0xffdf, 0xffff, 0xf79e, 0xef7d, 
  0xf7be, 0xf7be, 0xffdf, 0xf7be, 0xf79e, 0xf7be, 0xffff, 0x4208, 0x224b, 0x359d, 0x2d5c, 0x2d5c, 0x2d5c, 0x2d5c, 0x2d9d, 0x2aee, 
  0x2103, 0x630c, 0x52aa, 0xad75, 0xa534, 0xc618, 0xc618, 0xce59, 0x39c7, 0x3186, 0x31a6, 0x2124, 0x2104, 0x0000, 0x0000, 0x2b30, 
  0x2b71, 0x10c4, 0x0000, 0x0000, 0x0000, 0x18c3, 0x4228, 0x73ae, 0xbdd7, 0xc638, 0xc618, 0xc639, 0x6b6d, 0xc638, 0xc639, 0x8451, 
  0x0861, 0x0000, 0x0820, 0x3497, 0x2d9d, 0x2b50, 0x0000, 0x0000, 0x0000, 0x0000, 0x0000, 0x0000, 0x0000, 0x0000, 0x0000, 0x0000, 
  0x0000, 0x18a2, 0x2a6b, 0x357c, 0x357c, 0x2d5c, 0x357c, 0x2c97, 0x20e3, 0x94b2, 0xf7be, 0xffdf, 0xf7be, 0xf7be, 0xf7be, 0xffdf, 
  0xef7d, 0xf79e, 0xffff, 0xffdf, 0xef5d, 0xf7be, 0xffff, 0x4a69, 0x21c8, 0x359c, 0x2d5c, 0x2d5c, 0x2d5c, 0x2d5c, 0x357c, 0x2b92, 
  0x2924, 0x9d14, 0x634d, 0xa514, 0xb5b6, 0xc618, 0xc638, 0xbdf7, 0x2104, 0x5acb, 0x7bcf, 0x2124, 0x1904, 0x0000, 0x0862, 0x2b2f, 
  0x2c56, 0x10a3, 0x0000, 0x0000, 0x0000, 0x1082, 0x3186, 0x9492, 0x632c, 0xbdf8, 0xc638, 0x9cd3, 0x8410, 0xc638, 0xc639, 0x8c51, 
  0x1082, 0x0000, 0x0820, 0x34b7, 0x2d7c, 0x2c97, 0x0800, 0x0000, 0x0000, 0x0000, 0x0000, 0x0000, 0x0000, 0x0000, 0x0000, 0x0000, 
  0x0000, 0x0841, 0x2103, 0x2bb2, 0x2d7c, 0x2d5c, 0x2d5c, 0x359d, 0x21c9, 0x4a69, 0xf7be, 0xffff, 0xf79e, 0xef5d, 0xffdf, 0xffff, 
  0xffdf, 0xffdf, 0xf79e, 0xf7be, 0xffdf, 0xf7be, 0xffdf, 0x6b4d, 0x2187, 0x2d5b, 0x2d5c, 0x2d5c, 0x2d5c, 0x2d5c, 0x357c, 0x2c56, 
  0x41e7, 0xce79, 0x73ae, 0xad55, 0xbe18, 0xc618, 0xbdf7, 0x630c, 0x4228, 0xc618, 0x4a49, 0x21a7, 0x1925, 0x0000, 0x1105, 0x22ce, 
  0x34d9, 0x1082, 0x0000, 0x0000, 0x0000, 0x0020, 0x1904, 0x9cf4, 0x2124, 0x8431, 0xa555, 0x4228, 0xa534, 0xc618, 0xc659, 0x7bef, 
  0x10a2, 0x0000, 0x0820, 0x34b8, 0x2d7c, 0x353b, 0x10a2, 0x0000, 0x0000, 0x0000, 0x0000, 0x0000, 0x0000, 0x0000, 0x0000, 0x0000, 
  0x0000, 0x0000, 0x1082, 0x29c8, 0x2cf9, 0x2d5c, 0x2d5c, 0x357c, 0x2bd3, 0x18c2, 0xdefb, 0xf79e, 0xffdf, 0xffff, 0xf7be, 0xf79e, 
  0xffff, 0xffdf, 0xef7d, 0xf79e, 0xffff, 0xf7be, 0xf79e, 0x9492, 0x2146, 0x2cf9, 0x2d5c, 0x2d5c, 0x2d5b, 0x2d5c, 0x2d7c, 0x353a, 
  0x39a6, 0xce59, 0x6b6d, 0xce59, 0xc638, 0xc618, 0x9492, 0x94b2, 0x6b4d, 0xad55, 0x2944, 0x2b30, 0x10e4, 0x0000, 0x19a8, 0x2b0f, 
  0x34f9, 0x0861, 0x0000, 0x0000, 0x0000, 0x0000, 0x18c3, 0x6b8e, 0x4a49, 0x5acb, 0x738e, 0x39c7, 0xa555, 0xc618, 0xce59, 0x52cb, 
  0x10a2, 0x0000, 0x0841, 0x34d9, 0x2d7c, 0x2d5b, 0x1967, 0x0000, 0x0000, 0x0000, 0x0000, 0x0000, 0x0000, 0x0000, 0x0000, 0x0000, 
  0x0000, 0x0000, 0x0000, 0x18e3, 0x2bb2, 0x2d7c, 0x2d5c, 0x2d5c, 0x34f9, 0x1904, 0x8c51, 0xf79e, 0xffdf, 0xffff, 0xf79e, 0xef7d, 
  0xf7be, 0xf7be, 0xffdf, 0xf7be, 0xf79e, 0xf7be, 0xffff, 0xbdd7, 0x1924, 0x2c77, 0x2d5c, 0x2d5c, 0x2d5c, 0x2d7c, 0x2d5c, 0x359d, 
  0x31e8, 0x9cf3, 0x6b8e, 0xce59, 0xc618, 0xbe18, 0x94b2, 0x8410, 0xbdd7, 0x5acb, 0x2166, 0x34b8, 0x0882, 0x0000, 0x1a2a, 0x2b91, 
  0x34f9, 0x1061, 0x0000, 0x0000, 0x0000, 0x0000, 0x2104, 0x3186, 0x8430, 0x39c7, 0x5aeb, 0x8430, 0xbdf7, 0xc618, 0xad96, 0x3186, 
  0x10a2, 0x0000, 0x0861, 0x351a, 0x2d7c, 0x355c, 0x1a2b, 0x0000, 0x0000, 0x0000, 0x0000, 0x0000, 0x0000, 0x0000, 0x0000, 0x0000, 
  0x0000, 0x0000, 0x0000, 0x0861, 0x2166, 0x355b, 0x2d5c, 0x2d5c, 0x2d3a, 0x21e9, 0x4208, 0xffff, 0xf7be, 0xf7be, 0xf7be, 0xffdf, 
  0xef7d, 0xf79e, 0xffff, 0xffdf, 0xef5d, 0xf7be, 0xffff, 0xef5d, 0x18e4, 0x2c14, 0x2d5c, 0x2d5c, 0x2d5c, 0x2d5c, 0x2d5c, 0x2d9d, 
  0x32cd, 0x738d, 0x7bf0, 0xc659, 0xc638, 0xb5b7, 0x9cf4, 0xad76, 0x94b2, 0x20e3, 0x2a6b, 0x2c77, 0x0841, 0x0000, 0x228d, 0x2c14, 
  0x34d9, 0x0861, 0x0000, 0x0000, 0x0000, 0x0020, 0x39c7, 0x6b4d, 0x7bef, 0x632c, 0x9d14, 0xc618, 0xc638, 0xbdf8, 0x4a49, 0x2104, 
  0x18c3, 0x0000, 0x1061, 0x357c, 0x355c, 0x2d5c, 0x22ce, 0x0000, 0x0000, 0x0000, 0x0000, 0x0000, 0x0000, 0x0000, 0x0000, 0x0000, 
  0x0000, 0x0000, 0x0000, 0x0020, 0x18c2, 0x2b71, 0x359d, 0x2d5c, 0x2d5c, 0x2acd, 0x18e3, 0xef7d, 0xf79e, 0xef7d, 0xffff, 0xffff, 
  0xffdf, 0xffdf, 0xf79e, 0xf7be, 0xffdf, 0xf7be, 0xf79e, 0xffff, 0x4228, 0x2b50, 0x2d5c, 0x2d5c, 0x2d5c, 0x2d5c, 0x355c, 0x357c, 
  0x33d3, 0x5acb, 0xad96, 0xc638, 0xc638, 0xc659, 0xc618, 0xb5b6, 0x2965, 0x1061, 0x2b50, 0x2c35, 0x0820, 0x0000, 0x230f, 0x2c77, 
  0x2cd9, 0x0861, 0x0000, 0x0000, 0x0000, 0x0861, 0x528a, 0xbdf7, 0xa514, 0xa534, 0xc618, 0xc618, 0xc618, 0xbdd7, 0x18c3, 0x39e7, 
  0x2104, 0x0000, 0x10a2, 0x359d, 0x2d5c, 0x2d5c, 0x2350, 0x0000, 0x0000, 0x0000, 0x0000, 0x0000, 0x0000, 0x0000, 0x1082, 0x18c3, 
  0x10a2, 0x0820, 0x0000, 0x0000, 0x10a2, 0x2186, 0x355b, 0x2d5c, 0x2d7c, 0x2b71, 0x2124, 0xad75, 0xffff, 0xffdf, 0xf7be, 0xf79e, 
  0xffff, 0xffdf, 0xef7d, 0xf79e, 0xffff, 0xf7be, 0xef7d, 0xffff, 0x94b2, 0x224b, 0x2d5b, 0x2d5c, 0x2d5c, 0x2d5c, 0x2d5c, 0x2d5c, 
  0x2cb8, 0x632c, 0xad75, 0xc639, 0xa555, 0x6b4d, 0xc639, 0x9492, 0x18e3, 0x0820, 0x2bf4, 0x2bf4, 0x0820, 0x0020, 0x2b71, 0x2cf9, 
  0x34d9, 0x0861, 0x0000, 0x0000, 0x0000, 0x18c3, 0x6b4d, 0xc638, 0xc638, 0xc618, 0xc618, 0xc618, 0xc618, 0xbdf8, 0x31a6, 0x8c71, 
  0x18e3, 0x0020, 0x1925, 0x35bd, 0x2d5c, 0x2d5c, 0x2b92, 0x0020, 0x0000, 0x0000, 0x0000, 0x0000, 0x0821, 0x2104, 0x2124, 0x39e7, 
  0x3186, 0x2124, 0x0861, 0x0000, 0x0020, 0x2125, 0x2bf4, 0x2d7c, 0x2d7c, 0x2c35, 0x2125, 0x7bef, 0xffff, 0xffff, 0xf79e, 0xef7d, 
  0xf7be, 0xf7be, 0xffdf, 0xf7be, 0xf7be, 0xf7be, 0xffdf, 0xf7be, 0xd69a, 0x2186, 0x2d3b, 0x2d5c, 0x2d5c, 0x2d5c, 0x2d5c, 0x2d5c, 
  0x2d1a, 0x638f, 0xbe18, 0xc639, 0x73ae, 0xc618, 0xc638, 0xb596, 0x18c3, 0x0820, 0x2c77, 0x2bb3, 0x0820, 0x0020, 0x2b71, 0x2d3b, 
  0x2cf9, 0x0861, 0x0000, 0x0000, 0x0000, 0x2124, 0x8451, 0xc639, 0xc618, 0xc618, 0xc618, 0xc638, 0xc618, 0xbe18, 0x6b8e, 0xb5b6, 
  0x18e3, 0x1081, 0x19c8, 0x2dbd, 0x2d5c, 0x2d5c, 0x2bf3, 0x0021, 0x0000, 0x0000, 0x0000, 0x0841, 0x18e3, 0x4a69, 0xce79, 0xffff, 
  0xffff, 0xa534, 0x31a6, 0x0861, 0x0000, 0x18c3, 0x2aac, 0x2d5b, 0x2d7c, 0x2cd9, 0x2145, 0x5aeb, 0xffdf, 0xf7be, 0xf7be, 0xf7be, 
  0xef7d, 0xf79e, 0xffff, 0xffdf, 0xef7d, 0xf7be, 0xffff, 0xef7d, 0xe71c, 0x4a28, 0x3476, 0x2bf3, 0x2d3b, 0x2d5c, 0x2d5c, 0x2d5c, 
  0x2d3b, 0x436f, 0xbe18, 0xc638, 0x6b4d, 0x8410, 0xc638, 0xa535, 0x18c3, 0x1040, 0x2cb8, 0x2bb2, 0x0820, 0x0020, 0x2acd, 0x355c, 
  0x2cd9, 0x1082, 0x0000, 0x0000, 0x0020, 0x2945, 0xa514, 0xc638, 0xc618, 0xc638, 0xc618, 0xc618, 0xc618, 0xc618, 0x94d3, 0x8c72, 
  0x2945, 0x20e3, 0x22ad, 0x359d, 0x2d5c, 0x2d5c, 0x2bf4, 0x0841, 0x0000, 0x0000, 0x0000, 0x10a2, 0x630c, 0xf7be, 0xf79e, 0xf7be, 
  0xffff, 0xffff, 0xbdf7, 0x3186, 0x0820, 0x0861, 0x21a7, 0x351a, 0x357c, 0x357c, 0x2165, 0x528a, 0xef5d, 0xef7d, 0xffdf, 0xffff, 
  0xffdf, 0xffdf, 0xf79e, 0xf7be, 0xffdf, 0xf7be, 0xf79e, 0xffdf, 0xffdf, 0x83ef, 0x2aad, 0x2c14, 0x22ee, 0x359d, 0x357c, 0x2d5c, 
  0x2d7c, 0x2b50, 0xc618, 0xad75, 0x39e7, 0xad75, 0xc659, 0x94d3, 0x18c3, 0x0861, 0x2c14, 0x2bd3, 0x0820, 0x0020, 0x2acd, 0x2d5b, 
  0x2cf9, 0x10a3, 0x0000, 0x0000, 0x0841, 0x2945, 0xbdd7, 0xc618, 0xc618, 0xc638, 0xc618, 0xc618, 0xc618, 0xc639, 0x8cf4, 0x3350, 
  0x2944, 0x20e4, 0x2a6b, 0x2dbd, 0x2d5c, 0x355c, 0x2c14, 0x0841, 0x0000, 0x0000, 0x1082, 0x39e7, 0xd6ba, 0xf79e, 0xffdf, 0xf7be, 
  0xf79e, 0xf7be, 0xffff, 0xad75, 0x2104, 0x0000, 0x20e3, 0x2c56, 0x2d7c, 0x35bd, 0x21c7, 0x4208, 0xe73c, 0xffdf, 0xf7be, 0xf79e, 
  0xffff, 0xffdf, 0xef7d, 0xf79e, 0xffff, 0xf7be, 0xef7d, 0xffff, 0xffff, 0xc618, 0x2145, 0x33f3, 0x3185, 0x2bb3, 0x357c, 0x2d5c, 
  0x2d7c, 0x2c56, 0x3aab, 0x3a8b, 0x7bcf, 0xc638, 0xc639, 0x8430, 0x18e3, 0x0882, 0x2b30, 0x2c15, 0x0820, 0x0020, 0x2aee, 0x2d7c, 
  0x2cfa, 0x10e4, 0x0000, 0x0000, 0x1082, 0x2965, 0xc659, 0xc618, 0xc618, 0xc618, 0xc638, 0xc618, 0xc618, 0xc618, 0x5412, 0x353b, 
  0x2103, 0x4208, 0x2124, 0x34f9, 0x2d7c, 0x2d5c, 0x2bf4, 0x0841, 0x0000, 0x0000, 0x2104, 0x9cf3, 0xf79e, 0xef7d, 0xffff, 0xffdf, 
  0xef7d, 0xf7be, 0xffff, 0xf79e, 0x5acb, 0x10a2, 0x18a2, 0x2a8c, 0x2d9c, 0x359d, 0x224b, 0x31a6, 0xdefb, 0xffff, 0xf79e, 0xef7d, 
  0xf7be, 0xf7be, 0xffdf, 0xf7be, 0xf7be, 0xf7be, 0xffdf, 0xf7be, 0xf7be, 0xffff, 0x4207, 0x31c7, 0xad55, 0x31c7, 0x2cb7, 0x2d7c, 
  0x2d5c, 0x357c, 0x228d, 0x33d2, 0xad35, 0xc618, 0xce59, 0x6b6d, 0x18e3, 0x0862, 0x2acd, 0x3477, 0x1061, 0x0020, 0x22cd, 0x357c, 
  0x2d1a, 0x1125, 0x0000, 0x0000, 0x1082, 0x2966, 0xce79, 0xc618, 0xc618, 0xc618, 0xc618, 0xc618, 0xc639, 0x8cb2, 0x2456, 0x359d, 
  0x2209, 0x8c50, 0x31a6, 0x2b0f, 0x2d7c, 0x357c, 0x2bb3, 0x0021, 0x0000, 0x0861, 0x39e7, 0xffff, 0xffdf, 0xffdf, 0xf7be, 0xf7be, 
  0xffdf, 0xf7be, 0xf7be, 0xffdf, 0xce79, 0x2124, 0x10a2, 0x2125, 0x357c, 0x2d9d, 0x2aee, 0x3165, 0xce79, 0xf7be, 0xffdf, 0xffdf, 
  0xef7d, 0xf79e, 0xffff, 0xffdf, 0xef5d, 0xf7be, 0xffff, 0xef7d, 0xef7d, 0xffff, 0xa514, 0x3186, 0x94b3, 0x6bcf, 0x224b, 0x2d5b, 
  0x2d5c, 0x359d, 0x230f, 0x2bf4, 0x8cb3, 0xc638, 0xce59, 0x4a69, 0x18e3, 0x0820, 0x2aef, 0x2cb8, 0x10a2, 0x1082, 0x1a8c, 0x357c, 
  0x2d1a, 0x1967, 0x0000, 0x0000, 0x1082, 0x2965, 0xce79, 0xc618, 0xc618, 0xc618, 0xc618, 0xc639, 0x9cd3, 0x2bb2, 0x2d9d, 0x2d7c, 
  0x22ee, 0x9471, 0x9492, 0x21c8, 0x2d3b, 0x2d5c, 0x2371, 0x0020, 0x0000, 0x10a2, 0xbdd7, 0xf79e, 0xffff, 0xffff, 0xef5d, 0xf7be, 
  0xffff, 0xf7be, 0xef7d, 0xffdf, 0xffff, 0x632c, 0x18e3, 0x20e3, 0x2c55, 0x359d, 0x2b50, 0x2924, 0xc618, 0xef7d, 0xffdf, 0xffff, 
  0xffff, 0xffdf, 0xf79e, 0xf7be, 0xffdf, 0xf7be, 0xf79e, 0xffdf, 0xffdf, 0xffdf, 0xb5b6, 0x21a8, 0x3cd8, 0x34d8, 0x2b0f, 0x2bb2, 
  0x2d7d, 0x2d7c, 0x2cf9, 0x22ce, 0x3aed, 0xc639, 0xbe18, 0x39c7, 0x18e3, 0x0000, 0x2b0e, 0x2cd9, 0x10e3, 0x2124, 0x226c, 0x2d5c, 
  0x2d3b, 0x19c9, 0x0000, 0x0000, 0x1062, 0x2945, 0xbe18, 0xc618, 0xc618, 0xc638, 0xce79, 0x8451, 0x3c14, 0x355c, 0x2d5b, 0x357c, 
  0x22ee, 0x8410, 0xdefb, 0x1925, 0x2cd8, 0x2d5b, 0x22ef, 0x0000, 0x0820, 0x4a69, 0xf7be, 0xffdf, 0xf79e, 0xf79e, 0xffdf, 0xf7be, 
  0xf79e, 0xf7be, 0xffdf, 0xf7be, 0xf79e, 0xe73c, 0x2124, 0x2104, 0x2acd, 0x2dbd, 0x2bb2, 0x2103, 0xce59, 0xffdf, 0xf79e, 0xf79e, 
  0xffff, 0xffdf, 0xef7d, 0xf79e, 0xffff, 0xf7be, 0xef7d, 0xffff, 0xffff, 0xf7be, 0xad55, 0x19e9, 0x357c, 0x2d5c, 0x351a, 0x2186, 
  0x34f9, 0x2d7c, 0x357c, 0x2b0f, 0x2c15, 0x632c, 0xad76, 0x2965, 0x2104, 0x0820, 0x22ee, 0x2d1a, 0x1145, 0x2104, 0x2a6b, 0x2d3b, 
  0x355b, 0x224b, 0x0000, 0x0000, 0x1082, 0x2945, 0xa534, 0xc639, 0xc638, 0x9cd3, 0x4aec, 0x2c77, 0x357c, 0x2d5c, 0x2d5c, 0x2d7d, 
  0x2ace, 0x840f, 0xf79e, 0x39e8, 0x2c56, 0x355c, 0x1a4b, 0x0000, 0x10a2, 0x94b2, 0xffff, 0xffff, 0xef7d, 0xef7d, 0xffff, 0xffdf, 
  0xef7d, 0xf7be, 0xffff, 0xf79e, 0xef7d, 0xffff, 0x6b4d, 0x2104, 0x21a8, 0x2d7d, 0x2bf4, 0x20e3, 0xce59, 0xffff, 0xf79e, 0xef7d, 
  0xf7be, 0xf7be, 0xffdf, 0xf7be, 0xf7be, 0xf7be, 0xffdf, 0xf7be, 0xf7be, 0xffff, 0xb5b6, 0x19e9, 0x357c, 0x2d5c, 0x2d7c, 0x2bd3, 
  0x2209, 0x2d5c, 0x2d7c, 0x2bf4, 0x2c77, 0x2b71, 0x5aec, 0x3186, 0x5acb, 0x1061, 0x228d, 0x357c, 0x19c8, 0x18e3, 0x21c8, 0x2d1a, 
  0x357c, 0x22ad, 0x0000, 0x0000, 0x10a2, 0x2124, 0x3a29, 0x42ed, 0x2aad, 0x23d3, 0x2d7c, 0x357c, 0x2d5c, 0x2d5c, 0x2d5c, 0x2d7d, 
  0x22ad, 0x8c51, 0xffdf, 0x62eb, 0x2bf4, 0x2d5b, 0x1966, 0x0000, 0x3186, 0xd69a, 0xf7be, 0xf7be, 0xf7be, 0xffdf, 0xf7be, 0xf7be, 
  0xffdf, 0xf7be, 0xf7be, 0xf7be, 0xffdf, 0xf7be, 0xad75, 0x2124, 0x2166, 0x2cd9, 0x2c35, 0x20c3, 0xbdf7, 0xf7be, 0xf7be, 0xffdf, 
  0xef7d, 0xf79e, 0xffff, 0xffdf, 0xef5d, 0xf7be, 0xffff, 0xef7d, 0xef7d, 0xffff, 0xc618, 0x19e9, 0x357c, 0x2d5c, 0x2d5c, 0x359d, 
  0x2a6b, 0x2bd3, 0x2d5c, 0x2cb8, 0x2b2f, 0x2d9d, 0x1a09, 0x8410, 0xdedb, 0x2924, 0x222a, 0x35bd, 0x228c, 0x18a2, 0x2103, 0x2b91, 
  0x359d, 0x2b50, 0x0000, 0x0000, 0x18c3, 0x2104, 0x228c, 0x2d7c, 0x2d9d, 0x357c, 0x2d5c, 0x2d5c, 0x2d5c, 0x2d5c, 0x355c, 0x2d9d, 
  0x228c, 0x9c92, 0xffff, 0x736d, 0x2bd3, 0x351a, 0x0862, 0x0841, 0x4a69, 0xffff, 0xef7d, 0xef7d, 0xffff, 0xffff, 0xef5d, 0xf7be, 
  0xffff, 0xf7be, 0xef7d, 0xffdf, 0xffff, 0xef7d, 0xdedb, 0x31a6, 0x2145, 0x2c35, 0x2c56, 0x20c2, 0xbdd7, 0xef7d, 0xffdf, 0xffff, 
  0xffdf, 0xffdf, 0xf79e, 0xf7be, 0xffdf, 0xf7be, 0xf79e, 0xffdf, 0xffdf, 0xf7be, 0xc638, 0x19c8, 0x2d5b, 0x2d5c, 0x2d5c, 0x2d7c, 
  0x2cb8, 0x21e8, 0x2d3b, 0x2d5c, 0x226b, 0x34d9, 0x29a7, 0xd6ba, 0xf79e, 0x6b4d, 0x2166, 0x35bd, 0x2bb2, 0x10a2, 0x2965, 0x2145, 
  0x351a, 0x2bf4, 0x0021, 0x0000, 0x10c2, 0x4a89, 0x2166, 0x2d1a, 0x2d5c, 0x2d5c, 0x2d5c, 0x355c, 0x2d5c, 0x2d5c, 0x2d5c, 0x2d9d, 
  0x224b, 0x9492, 0xf7be, 0x736d, 0x2bf5, 0x2bf4, 0x0000, 0x10a2, 0x9492, 0xffdf, 0xffdf, 0xffdf, 0xf79e, 0xf79e, 0xffdf, 0xf7be, 
  0xf79e, 0xf7be, 0xffdf, 0xf7be, 0xf79e, 0xffdf, 0xffff, 0x632c, 0x2104, 0x2b71, 0x2c76, 0x20e3, 0xc638, 0xffdf, 0xf7be, 0xf79e, 
  0xffff, 0xffdf, 0xef7d, 0xf79e, 0xffff, 0xf7be, 0xef7d, 0xffff, 0xffff, 0xf79e, 0xd69a, 0x19a8, 0x2d3b, 0x2d5c, 0x2d5c, 0x2d5c, 
  0x2d5b, 0x2aac, 0x2acd, 0x35bd, 0x2c14, 0x2166, 0x6b4d, 0xf79e, 0xef7d, 0xd6ba, 0x2944, 0x2bb2, 0x2cd9, 0x18c2, 0x632c, 0x41e7, 
  0x2a4b, 0x34b8, 0x0861, 0x0000, 0x10a2, 0x8410, 0x39a6, 0x2c35, 0x2d7c, 0x2d5c, 0x2d5c, 0x2d5c, 0x2d5c, 0x355c, 0x2d5c, 0x2d9d, 
  0x222a, 0x9cb2, 0xf79e, 0x528a, 0x2c77, 0x2209, 0x0000, 0x18c3, 0xe73c, 0xef7d, 0xffff, 0xffff, 0xef7d, 0xef7d, 0xffff, 0xffdf, 
  0xef7d, 0xf7be, 0xffff, 0xf79e, 0xef7d, 0xffff, 0xffff, 0xbdd7, 0x18c3, 0x2aad, 0x2c56, 0x20e3, 0xce59, 0xffff, 0xf79e, 0xef7d, 
  0xf7be, 0xf7be, 0xffdf, 0xf7be, 0xf7be, 0xf7be, 0xffdf, 0xf7be, 0xf7be, 0xffdf, 0xf79e, 0x1966, 0x2d3a, 0x2d5c, 0x2d5c, 0x2d5c, 
  0x2d7c, 0x2c77, 0x2124, 0x2c35, 0x359d, 0x2186, 0x8c51, 0xffdf, 0xf7df, 0xffff, 0x8c51, 0x21a7, 0x355b, 0x1945, 0x630b, 0xce79, 
  0x2165, 0x2c14, 0x10a3, 0x0000, 0x10a2, 0x8410, 0x73ae, 0x226b, 0x2d9d, 0x355c, 0x2d5c, 0x2d5c, 0x2d5c, 0x2d5c, 0x2d5c, 0x2d9d, 
  0x222a, 0xa534, 0xffff, 0x2986, 0x2c35, 0x1081, 0x0841, 0x5b0b, 0xffff, 0xffdf, 0xf7be, 0xf7be, 0xf7be, 0xf7be, 0xf7be, 0xf7be, 
  0xffdf, 0xf7be, 0xf7be, 0xf7be, 0xffdf, 0xf7be, 0xf7be, 0xffff, 0x2965, 0x21e8, 0x2c35, 0x2103, 0xc638, 0xf7be, 0xf7be, 0xffdf, 
  0xef7d, 0xf79e, 0xffff, 0xffdf, 0xef5d, 0xf7be, 0xffff, 0xef7d, 0xef7d, 0xffff, 0xffff, 0x21a7, 0x2cd9, 0x2d5c, 0x2d5c, 0x2d5c, 
  0x357c, 0x359d, 0x2a09, 0x21c8, 0x353b, 0x2bd3, 0x4a08, 0xef5d, 0xffff, 0xf7be, 0xf79e, 0x4a49, 0x2bb2, 0x2b2f, 0x4a48, 0xffdf, 
  0xad55, 0x2a6b, 0x1925, 0x0000, 0x10a2, 0x7bcf, 0xb5b6, 0x2124, 0x355b, 0x2d7c, 0x2d5c, 0x2d5c, 0x2d5b, 0x2d5c, 0x2d5c, 0x2d9d, 
  0x2a09, 0xb596, 0xe73c, 0x1946, 0x2a8c, 0x0000, 0x10a2, 0xbdd7, 0xffdf, 0xffff, 0xef7d, 0xef7d, 0xffff, 0xffff, 0xef5d, 0xf7be, 
  0xffff, 0xf7be, 0xef7d, 0xffdf, 0xffff, 0xef7d, 0xf79e, 0xffff, 0x8410, 0x1904, 0x2c14, 0x3144, 0xc638, 0xef7d, 0xffdf, 0xffff, 
  0xffdf, 0xffdf, 0xf79e, 0xf7be, 0xffdf, 0xf7be, 0xf79e, 0xffdf, 0xffdf, 0xf7be, 0xf7be, 0x3a29, 0x2cb8, 0x2d5c, 0x2d5c, 0x2d5c, 
  0x2d5c, 0x357c, 0x2bf4, 0x20e3, 0x2b30, 0x355b, 0x2187, 0xbdd7, 0xf7be, 0xf7be, 0xffdf, 0xc617, 0x2986, 0x2c56, 0x39a6, 0xe71c, 
  0xf79e, 0x6b8d, 0x1925, 0x0000, 0x10a2, 0x738e, 0xe73c, 0x3165, 0x2bd3, 0x2d7c, 0x2d5c, 0x2d5c, 0x2d5c, 0x2d5c, 0x2d5c, 0x2d9d, 
  0x2a09, 0xb5b6, 0xa534, 0x1965, 0x1105, 0x0841, 0x528a, 0xf79e, 0xf7be, 0xf79e, 0xffdf, 0xffdf, 0xf7be, 0xf79e, 0xffdf, 0xf7be, 
  0xf79e, 0xf7be, 0xffdf, 0xf7be, 0xf79e, 0xffdf, 0xffdf, 0xf7be, 0xc638, 0x18c3, 0x2b30, 0x3165, 0xd6ba, 0xffdf, 0xf7be, 0xf79e, 
  0xffff, 0xffdf, 0xef7d, 0xf79e, 0xffff, 0xf7be, 0xef7d, 0xffff, 0xffff, 0xf79e, 0xf79e, 0x5aec, 0x2c76, 0x2d5c, 0x2d5c, 0x2d5c, 
  0x2d5c, 0x357c, 0x2c56, 0x20e3, 0x2103, 0x2c77, 0x2b50, 0x4a49, 0xf7be, 0xf7be, 0xffff, 0xf7be, 0x6b2c, 0x2209, 0x2a09, 0xd6ba, 
  0xf79e, 0xf79e, 0x3186, 0x0841, 0x10a2, 0x634c, 0xffff, 0x52aa, 0x222a, 0x359d, 0x2d5c, 0x2d5c, 0x2d5c, 0x2d5c, 0x2d5c, 0x359d, 
  0x29e9, 0xbdf7, 0x6b4d, 0x18e3, 0x0020, 0x2104, 0xa514, 0xffff, 0xf7be, 0xef7d, 0xffff, 0xffff, 0xef7d, 0xef7d, 0xffff, 0xffdf, 
  0xef7d, 0xf7be, 0xffff, 0xf79e, 0xef7d, 0xffff, 0xffdf, 0xef7d, 0xdefb, 0x39e7, 0x21e9, 0x39c7, 0xe71c, 0xffff, 0xf79e, 0xef7d, 
  0xf7be, 0xf7be, 0xf7be, 0xf7be, 0xf7be, 0xf7be, 0xffdf, 0xf7be, 0xf7be, 0xf7bf, 0xffdf, 0x738d, 0x2c14, 0x2d5c, 0x2d5c, 0x2d5c, 
  0x2d5c, 0x359d, 0x2a8c, 0x528a, 0x73ae, 0x2165, 0x2c56, 0x1905, 0xc638, 0xffdf, 0xf7be, 0xffdf, 0xef5d, 0x2965, 0x1904, 0xd6ba, 
  0xf7be, 0xffdf, 0xce59, 0x18c3, 0x10a2, 0x52aa, 0xffff, 0xad75, 0x1946, 0x2d1a, 0x2d5c, 0x2d5c, 0x2d5c, 0x2d5c, 0x2d5c, 0x359d, 
  0x29c8, 0xce79, 0x31a6, 0x1082, 0x0861, 0x4a69, 0xffdf, 0xf7be, 0xf7be, 0xffdf, 0xf7be, 0xf7be, 0xf7be, 0xf7be, 0xf7be, 0xf7be, 
  0xffdf, 0xf7be, 0xf7be, 0xf7be, 0xffdf, 0xf7be, 0xf7be, 0xffdf, 0xf79e, 0x630c, 0x2104, 0x4228, 0xe73c, 0xf7be, 0xf7be, 0xffdf, 
  0xef7d, 0xf79e, 0xffff, 0xffdf, 0xef5d, 0xf7be, 0xffff, 0xef7d, 0xef7d, 0xffff, 0xffff, 0x8c51, 0x2350, 0x2d7c, 0x2d5c, 0x2d5c, 
  0x2d5c, 0x355b, 0x2145, 0x94b2, 0xffff, 0x7bcf, 0x224b, 0x224b, 0x5aaa, 0xf7be, 0xef7d, 0xffdf, 0xffff, 0xad55, 0x10a2, 0xc618, 
  0xffff, 0xef5d, 0xffff, 0x94d3, 0x2104, 0x4a49, 0xffff, 0xffff, 0x2145, 0x2c76, 0x2d5c, 0x2d5c, 0x2d5c, 0x2d5b, 0x2d5c, 0x359d, 
  0x31e8, 0xbdd7, 0x2945, 0x1082, 0x39e7, 0xe73c, 0xffdf, 0xef7d, 0xffdf, 0xffff, 0xef7d, 0xef7d, 0xffff, 0xffff, 0xef5d, 0xf7be, 
  0xffff, 0xf7be, 0xef7d, 0xffdf, 0xffff, 0xef7d, 0xf79e, 0xffff, 0xffff, 0x8430, 0x2124, 0x528a, 0xef7d, 0xef7d, 0xffdf, 0xffff, 
  0xffdf, 0xf7be, 0xf79e, 0xf7be, 0xffdf, 0xf7be, 0xf79e, 0xffdf, 0xffdf, 0xf7be, 0xf79e, 0xb5b6, 0x226c, 0x2d7c, 0x357c, 0x2d5c, 
  0x2d5c, 0x2c56, 0x2104, 0xdefb, 0xf7be, 0xf79e, 0x7bef, 0x21a7, 0x2965, 0xce79, 0xffdf, 0xf7be, 0xf79e, 0xffdf, 0x632c, 0x94b2, 
  0xffdf, 0xffdf, 0xf7be, 0xef7d, 0x52aa, 0x31a6, 0xffff, 0xffff, 0x5aeb, 0x2bb2, 0x355c, 0x2d5c, 0x2d5c, 0x2d5c, 0x2d5c, 0x359d, 
  0x31c7, 0x8c71, 0x18c3, 0x528a, 0xd69a, 0xf7be, 0xf7be, 0xffdf, 0xf7be, 0xf79e, 0xffdf, 0xffdf, 0xf7be, 0xf79e, 0xffdf, 0xf7be, 
  0xf79e, 0xf7be, 0xffdf, 0xf7be, 0xf79e, 0xffdf, 0xffdf, 0xf79e, 0xf7be, 0xbdf7, 0x2945, 0x5aeb, 0xffdf, 0xffdf, 0xf7be, 0xf79e, 
  0xffff, 0xffdf, 0xef7d, 0xf79e, 0xffff, 0xf7be, 0xef5d, 0xffff, 0xffff, 0xf79e, 0xef7d, 0xce7a, 0x29e8, 0x2d7c, 0x2d5c, 0x2d5c, 
  0x2d7c, 0x2b92, 0x31a7, 0xffff, 0xf77d, 0xef7d, 0xffff, 0x632c, 0x18e3, 0x8c51, 0xffff, 0xf79e, 0xef7d, 0xffff, 0xe73c, 0xdedb, 
  0xf79e, 0xffff, 0xf7be, 0xef7d, 0xe71c, 0x630c, 0xffff, 0xef7d, 0xa534, 0x22ce, 0x2d5c, 0x2d5c, 0x2d5b, 0x2d5c, 0x2d5c, 0x359d, 
  0x31c7, 0xbdd6, 0xc618, 0xffdf, 0xffdf, 0xef7d, 0xf7be, 0xffff, 0xf7be, 0xef7d, 0xffff, 0xffff, 0xef7d, 0xef7d, 0xffff, 0xffdf, 
  0xef7d, 0xf7be, 0xffff, 0xf79e, 0xef7d, 0xffff, 0xffdf, 0xef7d, 0xf79e, 0xf7be, 0x2945, 0x7bcf, 0xffff, 0xffff, 0xf79e, 0xef7d, 
  0xf7be, 0xf7be, 0xf7be, 0xf7be, 0xf7be, 0xf7be, 0xf7be, 0xf7be, 0xf7be, 0xf7be, 0xf7be, 0xd6ba, 0x3186, 0x355c, 0x2d5c, 0x2d5c, 
  0x2d7c, 0x22ce, 0x6b6d, 0xffff, 0xf7be, 0xf7be, 0xf7be, 0xffff, 0x632c, 0x3186, 0xef5d, 0xf7be, 0xf7be, 0xf7be, 0xf7be, 0xffdf, 
  0xf7be, 0xf79e, 0xf7be, 0xf7be, 0xf7be, 0xffff, 0xf7be, 0xffdf, 0xd699, 0x222b, 0x355b, 0x2d5c, 0x2d5c, 0x2d5c, 0x2d5c, 0x359d, 
  0x31a6, 0xe71c, 0xffdf, 0xf7be, 0xf7be, 0xf7be, 0xf7be, 0xf7be, 0xf7be, 0xffdf, 0xf7be, 0xf7be, 0xf7be, 0xf7be, 0xf7be, 0xf7be, 
  0xf7be, 0xf7be, 0xf7be, 0xf7be, 0xf7be, 0xf7be, 0xf7be, 0xf7be, 0xf7be, 0xffff, 0x4a49, 0xad55, 0xffdf, 0xf7be, 0xf7be, 0xf7be, 
  0xef7d, 0xf79e, 0xffff, 0xffdf, 0xef5d, 0xf7be, 0xffff, 0xef7d, 0xef7d, 0xffff, 0xffff, 0xdedb, 0x41c7, 0x2c97, 0x357c, 0x2d5c, 
  0x2d5c, 0x226b, 0x9cd3, 0xf7be, 0xffff, 0xffff, 0xef7d, 0xf7be, 0xffff, 0x630c, 0xb596, 0xffff, 0xffff, 0xef7d, 0xf79e, 0xffff, 
  0xffff, 0xef5d, 0xf7be, 0xffff, 0xf79e, 0xef7d, 0xffdf, 0xffff, 0xd6da, 0x324a, 0x2d5b, 0x2d5c, 0x2d5c, 0x2d5c, 0x2d5c, 0x359d, 
  0x31a6, 0xef7d, 0xffff, 0xef5d, 0xf79e, 0xffff, 0xf7be, 0xef5d, 0xffdf, 0xffff, 0xef7d, 0xef7d, 0xffff, 0xffff, 0xef5d, 0xf7be, 
  0xffff, 0xf7be, 0xef7d, 0xffdf, 0xffff, 0xef7d, 0xf79e, 0xffff, 0xffff, 0xef7d, 0xc618, 0xef7d, 0xf79e, 0xef7d, 0xffdf, 0xffff, 
  0xffdf, 0xf7be, 0xf79e, 0xf7be, 0xffdf, 0xf7be, 0xf79e, 0xffdf, 0xffdf, 0xf7be, 0xf79e, 0xf7be, 0x5269, 0x2b92, 0x2d7d, 0x2d5c, 
  0x2d5b, 0x1a2a, 0xc618, 0xffff, 0xf7be, 0xf79e, 0xffdf, 0xf7be, 0xf7be, 0xe73c, 0xef5d, 0xf7be, 0xf79e, 0xffdf, 0xffdf, 0xf7be, 
  0xf7be, 0xffdf, 0xf7be, 0xf79e, 0xf7be, 0xffdf, 0xf7be, 0xf79e, 0xef5d, 0x426a, 0x2d5b, 0x2d5c, 0x2d5c, 0x2d5c, 0x2d5c, 0x357c, 
  0x39a6, 0xef5d, 0xf79e, 0xffdf, 0xf7be, 0xf79e, 0xf7be, 0xffdf, 0xf7be, 0xf79e, 0xffdf, 0xffdf, 0xf7be, 0xf79e, 0xffdf, 0xf7be, 
  0xf79e, 0xf7be, 0xffdf, 0xf7be, 0xf79e, 0xffdf, 0xffdf, 0xf7be, 0xf7be, 0xffdf, 0xffdf, 0xf7be, 0xf7be, 0xffdf, 0xf7be, 0xf7be, 
  0xffff, 0xffdf, 0xef7d, 0xf79e, 0xffff, 0xf7be, 0xef5d, 0xffff, 0xffff, 0xf79e, 0xef7d, 0xffff, 0x6b4c, 0x2aad, 0x2d9d, 0x2d5c, 
  0x355b, 0x1a2a, 0xce79, 0xffff, 0xef7d, 0xef7d, 0xffff, 0xffdf, 0xef7d, 0xffdf, 0xffff, 0xf79e, 0xef7d, 0xffff, 0xffdf, 0xef7d, 
  0xf79e, 0xffff, 0xf7be, 0xef7d, 0xffdf, 0xffff, 0xf79e, 0xef7d, 0xf79e, 0x52aa, 0x34f9, 0x2d7c, 0x2d5c, 0x2d5c, 0x2d5c, 0x357c, 
  0x39a6, 0xef7d, 0xef7d, 0xffff, 0xffdf, 0xef7d, 0xf7be, 0xffff, 0xf7be, 0xef5d, 0xffff, 0xffff, 0xef7d, 0xef7d, 0xffff, 0xffdf, 
  0xef7d, 0xf7be, 0xffff, 0xf79e, 0xef5d, 0xffff, 0xffdf, 0xef7d, 0xf79e, 0xffff, 0xf7be, 0xef7d, 0xffdf, 0xffff, 0xf79e, 0xef7d, 
  0xf7be, 0xf7be, 0xf7be, 0xf7be, 0xf7be, 0xf7be, 0xf7be, 0xf7be, 0xf7be, 0xf7be, 0xf7bf, 0xffdf, 0x8430, 0x21e9, 0x359d, 0x2d5c, 
  0x2d5b, 0x226c, 0xa534, 0xffdf, 0xf7be, 0xf7be, 0xf7be, 0xf7be, 0xf7be, 0xf7be, 0xf7be, 0xf7be, 0xf7be, 0xf7be, 0xf7be, 0xffdf, 
  0xf7be, 0xf7be, 0xf7be, 0xf7be, 0xf7be, 0xf7be, 0xffdf, 0xf7be, 0xef5d, 0x528a, 0x2c55, 0x357c, 0x2d5c, 0x2d5c, 0x2d7c, 0x355b, 
  0x39c6, 0xf7be, 0xf7be, 0xf7be, 0xf7be, 0xf7be, 0xf7be, 0xf7be, 0xf7be, 0xf7be, 0xf7be, 0xf7be, 0xf7be, 0xf7be, 0xf7be, 0xf7be, 
  0xf7be, 0xf7be, 0xf7be, 0xf7be, 0xf7be, 0xf7be, 0xf7be, 0xf7be, 0xf7be, 0xf7be, 0xf7be, 0xf7be, 0xf7be, 0xf7be, 0xf7be, 0xf7be, 
  0xef7d, 0xf79e, 0xffff, 0xffdf, 0xef5d, 0xf7be, 0xffff, 0xef7d, 0xef7d, 0xffff, 0xffff, 0xf79e, 0x8c71, 0x21a7, 0x35bd, 0x355c, 
  0x2d7c, 0x2371, 0x630c, 0xffdf, 0xffff, 0xffff, 0xef5d, 0xf7be, 0xffff, 0xf7be, 0xef7d, 0xffdf, 0xffff, 0xef7d, 0xf79e, 0xffff, 
  0xffff, 0xef5d, 0xf7be, 0xffff, 0xf79e, 0xef5d, 0xffdf, 0xffff, 0xe71c, 0x5289, 0x2bd3, 0x353a, 0x2d5c, 0x2d5c, 0x357c, 0x353b, 
  0x39c6, 0xffff, 0xffff, 0xef5d, 0xf79e, 0xffff, 0xf7be, 0xef5d, 0xffdf, 0xffff, 0xef7d, 0xef7d, 0xffff, 0xffff, 0xef5d, 0xf7be, 
  0xffff, 0xf7be, 0xef7d, 0xffdf, 0xffff, 0xef7d, 0xf79e, 0xffff, 0xffff, 0xef5d, 0xf7be, 0xffff, 0xf79e, 0xef7d, 0xffdf, 0xffff, 
  0xffdf, 0xf7be, 0xf7be, 0xf7be, 0xffdf, 0xf7be, 0xf79e, 0xffdf, 0xffdf, 0xf7be, 0xf79e, 0xffff, 0x7bef, 0x224a, 0x359d, 0x2d5c, 
  0x2d7c, 0x2cb8, 0x2945, 0xf77e, 0xf7be, 0xf7be, 0xffdf, 0xf7be, 0xf79e, 0xf7be, 0xffdf, 0xf7be, 0xf79e, 0xffdf, 0xffdf, 0xf7be, 
  0xf7be, 0xffdf, 0xf7be, 0xf79e, 0xf7be, 0xffdf, 0xf7be, 0xf79e, 0xef7d, 0x4a69, 0x2c14, 0x2c56, 0x2d7c, 0x2d5c, 0x2d7c, 0x353a, 
  0x39c6, 0xf7be, 0xf79e, 0xffdf, 0xf7be, 0xf7be, 0xf7be, 0xffdf, 0xf7be, 0xf79e, 0xffdf, 0xffdf, 0xf7be, 0xf7be, 0xffdf, 0xf7be, 
  0xf79e, 0xf7be, 0xffdf, 0xf7be, 0xf79e, 0xffdf, 0xffdf, 0xf7be, 0xf7be, 0xffdf, 0xf7be, 0xf79e, 0xffdf, 0xffdf, 0xf7be, 0xf7be, 
  0xffff, 0xffdf, 0xef7d, 0xf79e, 0xffff, 0xf7be, 0xef5d, 0xffff, 0xffff, 0xf79e, 0xef7d, 0xffff, 0x62eb, 0x2b30, 0x357d, 0x2d5c, 
  0x357c, 0x357c, 0x2145, 0xbdf8, 0xf79e, 0xef7d, 0xffff, 0xffdf, 0xef7d, 0xf7be, 0xffff, 0xf79e, 0xef5d, 0xffff, 0xffdf, 0xef7d, 
  0xf79e, 0xffff, 0xf7be, 0xef7d, 0xffdf, 0xffff, 0xf79e, 0xef7d, 0xef7d, 0x4229, 0x2c56, 0x2bb2, 0x2d7c, 0x2d5c, 0x2d7c, 0x351a, 
  0x39a6, 0xef5d, 0xef7d, 0xffff, 0xffdf, 0xef7d, 0xf7be, 0xffff, 0xf7be, 0xef5d, 0xffff, 0xffff, 0xef7d, 0xef7d, 0xffff, 0xffdf, 
  0xef7d, 0xf7be, 0xffff, 0xf79e, 0xef5d, 0xffff, 0xffdf, 0xef7d, 0xf79e, 0xffff, 0xf7be, 0xef7d, 0xffdf, 0xffff, 0xf79e, 0xef7d, 
  0xf7be, 0xf7be, 0xf7be, 0xf7be, 0xf7be, 0xf7be, 0xffdf, 0xf7be, 0xf7be, 0xf7be, 0xf7be, 0xef7d, 0x5249, 0x2c35, 0x2d7c, 0x2d5b, 
  0x2d5c, 0x355c, 0x2125, 0xc618, 0xffdf, 0xf7be, 0xf7be, 0xf7be, 0xf7be, 0xf7be, 0xf7be, 0xf7be, 0xf7be, 0xf7be, 0xf7be, 0xf7be, 
  0xf7be, 0xf7be, 0xf7be, 0xf7be, 0xf7be, 0xf7be, 0xf7be, 0xf7be, 0xdefb, 0x29e8, 0x3477, 0x2b71, 0x2d7c, 0x2d5b, 0x2d5c, 0x351a, 
  0x3185, 0xdefb, 0xf7be, 0xf7be, 0xf7be, 0xf7be, 0xf7be, 0xf7be, 0xf7be, 0xf7be, 0xf7be, 0xf7be, 0xf7be, 0xffdf, 0xf7be, 0xf7be, 
  0xf7be, 0xf7be, 0xf7be, 0xf7be, 0xf7be, 0xf7be, 0xf7be, 0xf7be, 0xf7be, 0xf7be, 0xf7be, 0xf7be, 0xf7be, 0xf7be, 0xf7be, 0xf7be, 
  0xef7d, 0xf79e, 0xffff, 0xffdf, 0xef5d, 0xf7be, 0xffff, 0xef7d, 0xef7d, 0xffff, 0xffff, 0xe71c, 0x4a28, 0x2c77, 0x357c, 0x2d5c, 
  0x2d7c, 0x2c97, 0x1904, 0xe71c, 0xffff, 0xffff, 0xef5d, 0xf7be, 0xffff, 0xf7be, 0xef7d, 0xffdf, 0xffff, 0xef7d, 0xf79e, 0xffff, 
  0xffff, 0xef5d, 0xf7be, 0xffff, 0xf79e, 0xef7d, 0xffdf, 0xffff, 0xc618, 0x19e9, 0x2c97, 0x2b92, 0x2d7c, 0x2d5c, 0x2d5c, 0x357c, 
  0x2986, 0xb596, 0xffff, 0xef5d, 0xf79e, 0xffff, 0xf7be, 0xef5d, 0xffdf, 0xffff, 0xef7d, 0xef7d, 0xffff, 0xffff, 0xef5d, 0xf7be, 
  0xffff, 0xf7be, 0xef7d, 0xffdf, 0xffff, 0xef7d, 0xf79e, 0xffff, 0xffff, 0xef5d, 0xf7be, 0xffff, 0xf79e, 0xef7d, 0xffdf, 0xffff, 
  0xffdf, 0xf7be, 0xf7be, 0xf7be, 0xffdf, 0xf7be, 0xf7be, 0xffdf, 0xffdf, 0xf7be, 0xf7be, 0xf79e, 0x5248, 0x2c35, 0x2d7c, 0x2d5c, 
  0x2d7c, 0x2bd4, 0x31a7, 0xffff, 0xf79e, 0xf7be, 0xffdf, 0xf7be, 0xf7be, 0xf7be, 0xffdf, 0xf7be, 0xf7be, 0xffdf, 0xf7be, 0xf7be, 
  0xf7be, 0xffdf, 0xf7be, 0xf7be, 0xf7be, 0xffdf, 0xf7be, 0xffdf, 0x9492, 0x22ad, 0x2c77, 0x2bd3, 0x357c, 0x2d5c, 0x2d5c, 0x2d7c, 
  0x2b50, 0x5269, 0xf7be, 0xffdf, 0xf7be, 0xf7be, 0xf7be, 0xffdf, 0xf7be, 0xf79e, 0xffdf, 0xffdf, 0xf7be, 0xf7be, 0xffdf, 0xf7be, 
  0xf7be, 0xf7be, 0xffdf, 0xf7be, 0xf7be, 0xffdf, 0xf7be, 0xf7be, 0xf7be, 0xffdf, 0xf7be, 0xf7be, 0xf7be, 0xffdf, 0xf7be, 0xf7be, 
  0xffff, 0xffdf, 0xef7d, 0xf79e, 0xffff, 0xf7be, 0xef5d, 0xffff, 0xffff, 0xf79e, 0xef7d, 0xffff, 0x528a, 0x2c14, 0x2d7c, 0x2d5c, 
  0x2d7c, 0x2350, 0x632c, 0xffff, 0xef7d, 0xef7d, 0xffff, 0xffdf, 0xef7d, 0xf7be, 0xffff, 0xf79e, 0xef5d, 0xffff, 0xffdf, 0xef7d, 
  0xf79e, 0xffff, 0xf7be, 0xef5d, 0xffdf, 0xffff, 0xf79e, 0xf7be, 0x52aa, 0x23b2, 0x2c77, 0x2bd3, 0x2d9d, 0x2d5c, 0x2d5c, 0x2d5c, 
  0x34f9, 0x1925, 0xad54, 0xffff, 0xffdf, 0xef7d, 0xf7be, 0xffff, 0xf7be, 0xef5d, 0xffff, 0xffff, 0xef7d, 0xef7d, 0xffff, 0xffdf, 
  0xef7d, 0xf7be, 0xffff, 0xf79e, 0xef5d, 0xffff, 0xffdf, 0xef7d, 0xf79e, 0xffff, 0xf7be, 0xef5d, 0xffdf, 0xffff, 0xf79e, 0xef7d, 
  0xf7be, 0xf7be, 0xf7be, 0xf7be, 0xf7be, 0xf7be, 0xf7be, 0xf7be, 0xf7be, 0xf7be, 0xf7be, 0xef5d, 0x4a27, 0x3476, 0x357c, 0x2d5c, 
  0x357c, 0x22ef, 0x7bcf, 0xffff, 0xf7be, 0xf7be, 0xf7be, 0xf7be, 0xf7be, 0xf7be, 0xf7be, 0xf7be, 0xf7be, 0xf7be, 0xf7be, 0xf7be, 
  0xf7be, 0xf7be, 0xf7be, 0xf7be, 0xf7be, 0xf7be, 0xf7be, 0xf7be, 0x1904, 0x2c77, 0x355b, 0x222a, 0x2bb2, 0x2d7c, 0x2d5c, 0x2d5c, 
  0x2d5c, 0x2aee, 0x2945, 0xef7d, 0xf7be, 0xf7be, 0xf7be, 0xf7be, 0xf7be, 0xf7be, 0xf7be, 0xf7be, 0xf7be, 0xf7be, 0xf7be, 0xf7be, 
  0xf7be, 0xf7be, 0xf7be, 0xf7be, 0xf7be, 0xf7be, 0xf7be, 0xf7be, 0xf7be, 0xf7be, 0xf7be, 0xf7be, 0xf7be, 0xf7be, 0xf7be, 0xf7be, 
  0xef7d, 0xf79e, 0xffff, 0xffdf, 0xef5d, 0xf7be, 0xffff, 0xef7d, 0xef7d, 0xffff, 0xffff, 0xb596, 0x21c7, 0x357c, 0x2d5c, 0x2d5c, 
  0x2d7c, 0x230f, 0x6b4d, 0xffdf, 0xffff, 0xffff, 0xef5d, 0xf7be, 0xffff, 0xf7be, 0xef7d, 0xffdf, 0xffff, 0xef7d, 0xf79e, 0xffff, 
  0xffff, 0xef5d, 0xf7be, 0xffff, 0xf79e, 0xef7d, 0xffff, 0xc618, 0x1946, 0x2d1a, 0x2d7c, 0x2b50, 0x2a2a, 0x357c, 0x2d5c, 0x2d5c, 
  0x2d7c, 0x2cd9, 0x2145, 0x6b6d, 0xf79e, 0xffff, 0xffbe, 0xef5d, 0xffdf, 0xffff, 0xef7d, 0xef7d, 0xffff, 0xffff, 0xef5d, 0xf7be, 
  0xffff, 0xf7be, 0xef7d, 0xffdf, 0xffff, 0xef7d, 0xf79e, 0xffff, 0xffff, 0xef5d, 0xf7be, 0xffff, 0xf79e, 0xef5d, 0xffdf, 0xffff, 
  0xffdf, 0xf7be, 0xf7be, 0xf7be, 0xffdf, 0xf7be, 0xf7be, 0xf7be, 0xffdf, 0xf7be, 0xffff, 0x528a, 0x2bb3, 0x2d7c, 0x2d5c, 0x2d5c, 
  0x2d7c, 0x2bd3, 0x31a6, 0xffff, 0xf7be, 0xf7be, 0xffde, 0xf7be, 0xf7be, 0xf7be, 0xffdf, 0xf7be, 0xf7be, 0xffdf, 0xf7be, 0xf7be, 
  0xf7be, 0xffdf, 0xf7be, 0xf7be, 0xf7be, 0xffdf, 0xffff, 0x8c51, 0x21a8, 0x357c, 0x2d5b, 0x355b, 0x2c76, 0x2d7c, 0x2d5c, 0x2d5c, 
  0x2d5c, 0x2d9d, 0x2bb2, 0x2103, 0xb5b6, 0xffdf, 0xf7be, 0xffdf, 0xf7be, 0xf7be, 0xffdf, 0xf7be, 0xf7be, 0xf79e, 0xf7df, 0xf7be, 
  0xf7be, 0xf7be, 0xffdf, 0xf7be, 0xf7be, 0xffdf, 0xf7be, 0xf7be, 0xf7be, 0xffdf, 0xf7be, 0xf7be, 0xf7be, 0xffdf, 0xf7be, 0xf7be, 
  0xffff, 0xffdf, 0xef7d, 0xf79e, 0xffff, 0xf7be, 0xef5d, 0xffff, 0xffff, 0xf7be, 0xb596, 0x1987, 0x2cfa, 0x2d5c, 0x2d5c, 0x2d5c, 
  0x2d7c, 0x2c77, 0x2104, 0xf79e, 0xf77e, 0xef7d, 0xffff, 0xffdf, 0xef7d, 0xf7be, 0xffff, 0xf79e, 0xef5d, 0xffff, 0xffff, 0xef7d, 
  0xf79e, 0xffff, 0xf7be, 0xef5d, 0xffdf, 0xffff, 0xffdf, 0x738e, 0x2209, 0x359d, 0x2d5c, 0x2d5c, 0x2d7c, 0x2d5c, 0x2d7b, 0x2d5c, 
  0x2d5c, 0x2d5c, 0x2d5b, 0x2aad, 0x2945, 0xd69a, 0xffdf, 0xffff, 0xf79e, 0xef7d, 0xffff, 0xffff, 0xef7d, 0xef7d, 0xffff, 0xffdf, 
  0xef7d, 0xf7be, 0xffff, 0xf79e, 0xef5d, 0xffff, 0xffff, 0xef7d, 0xf79e, 0xffff, 0xf7be, 0xef5d, 0xffdf, 0xffff, 0xf79e, 0xef7d, 
  0xf7be, 0xf7be, 0xf7be, 0xf7be, 0xf7be, 0xf7be, 0xf7be, 0xf7be, 0xf7be, 0xffff, 0x39e7, 0x2b50, 0x357c, 0x2d5c, 0x2d5c, 0x2d5c, 
  0x2d5c, 0x353b, 0x2124, 0xc638, 0xffdf, 0xf7be, 0xf7be, 0xf7be, 0xf7be, 0xf7be, 0xf7be, 0xf7be, 0xf7be, 0xf7be, 0xf7be, 0xf7be, 
  0xf7be, 0xf7be, 0xf7be, 0xf7be, 0xf7be, 0xf7be, 0xffff, 0x8410, 0x2209, 0x359d, 0x357c, 0x2d5c, 0x2d5c, 0x2d5c, 0x2d5c, 0x2d5c, 
  0x2d5c, 0x2d5c, 0x2d5c, 0x2d1a, 0x21e9, 0x2965, 0xd6ba, 0xf7be, 0xf7be, 0xf7be, 0xf7be, 0xf7be, 0xf7be, 0xf7be, 0xf7be, 0xf7be, 
  0xf7be, 0xf7be, 0xf7be, 0xf7be, 0xf7be, 0xf7be, 0xf7be, 0xf7be, 0xf7be, 0xf7be, 0xf7be, 0xf7be, 0xf7be, 0xf7be, 0xf7be, 0xf7be, 
  0xef7d, 0xf79e, 0xffff, 0xffdf, 0xef5d, 0xffdf, 0xffff, 0xef7d, 0xef7d, 0xd6ba, 0x2124, 0x2d1a, 0x2d7c, 0x2d5c, 0x2d5c, 0x2d5c, 
  0x2d5c, 0x35bd, 0x2166, 0xad55, 0xffff, 0xffff, 0xef5d, 0xf7be, 0xffff, 0xf7be, 0xef7d, 0xffdf, 0xffff, 0xef7d, 0xf79e, 0xffff, 
  0xffff, 0xef5d, 0xf7be, 0xffff, 0xf79e, 0xef7d, 0xffff, 0xb596, 0x1946, 0x355b, 0x2d7c, 0x2d7c, 0x357c, 0x357c, 0x2d7c, 0x2d5c, 
  0x2d5c, 0x2d5c, 0x2d5c, 0x357c, 0x2d1a, 0x224b, 0x39c7, 0xbdf7, 0xffff, 0xffff, 0xef7e, 0xef7d, 0xffff, 0xffff, 0xef5d, 0xf7be, 
  0xffff, 0xf7be, 0xef7d, 0xffdf, 0xffff, 0xef7d, 0xf79e, 0xffff, 0xffff, 0xef5d, 0xf7be, 0xffff, 0xf79e, 0xef7d, 0xffdf, 0xffff, 
  0xffdf, 0xf7be, 0xf7be, 0xf7be, 0xffdf, 0xf7be, 0xf7be, 0xf7be, 0xffdf, 0xd69a, 0x2924, 0x353a, 0x357c, 0x2d5c, 0x2d5c, 0x2d5c, 
  0x2d7c, 0x2d1a, 0x1924, 0xc638, 0xffdf, 0xf7be, 0xffdf, 0xf7be, 0xf7be, 0xf7be, 0xffdf, 0xf7be, 0xf7be, 0xffdf, 0xf7be, 0xf7be, 
  0xf7be, 0xf7be, 0xf7be, 0xf7be, 0xf7be, 0xffdf, 0xf7be, 0xe73c, 0x31a6, 0x1a2a, 0x2392, 0x23f4, 0x2c15, 0x2c36, 0x2d3a, 0x2d7c, 
  0x2d5c, 0x2d5c, 0x2d5b, 0x2d5c, 0x357c, 0x2d3b, 0x22cd, 0x3186, 0xb5b6, 0xffdf, 0xf7bf, 0xf7be, 0xf7be, 0xf7be, 0xf7df, 0xf7be, 
  0xf7be, 0xf7be, 0xffdf, 0xf7be, 0xf7be, 0xffdf, 0xf7be, 0xf7be, 0xf7be, 0xffdf, 0xf7be, 0xf7be, 0xf7be, 0xffdf, 0xf7be, 0xf7be, 
  0xffff, 0xffdf, 0xef7d, 0xf79e, 0xffff, 0xf7be, 0xef5d, 0xffff, 0xffff, 0xef7d, 0x2945, 0x2bf4, 0x2d7c, 0x2d5c, 0x2d5c, 0x2d5c, 
  0x2d7c, 0x230f, 0x52aa, 0xffff, 0xef7d, 0xef7d, 0xffff, 0xffdf, 0xef7d, 0xf7be, 0xffff, 0xf79e, 0xef5d, 0xffff, 0xffff, 0xef7d, 
  0xf79e, 0xffff, 0xf7be, 0xef5d, 0xffdf, 0xffff, 0xf79e, 0xef7d, 0xe73c, 0xad54, 0x7bef, 0x636e, 0x634d, 0x4a8a, 0x21e9, 0x353b, 
  0x357c, 0x2d5c, 0x2d5c, 0x355c, 0x2d5c, 0x2d5c, 0x355b, 0x2b50, 0x3185, 0xce59, 0xffff, 0xffff, 0xef7d, 0xef7d, 0xffff, 0xffdf, 
  0xef7d, 0xf7be, 0xffff, 0xf79e, 0xef5d, 0xffff, 0xffff, 0xef7d, 0xf79e, 0xffff, 0xf7be, 0xef5d, 0xffdf, 0xffff, 0xf79e, 0xef7d, 
  0xf7be, 0xf7be, 0xf7be, 0xf7be, 0xf7be, 0xf7be, 0xf7be, 0xf7be, 0xf7be, 0xffff, 0x630c, 0x222a, 0x355c, 0x2d5c, 0x2d5c, 0x2d5b, 
  0x2c36, 0x2966, 0xe71c, 0xf7be, 0xf7be, 0xf7be, 0xf7be, 0xf7be, 0xf7be, 0xf7be, 0xf7be, 0xf7be, 0xf7be, 0xf7be, 0xf7be, 0xf7be, 
  0xf7be, 0xf7be, 0xf7be, 0xf7be, 0xf7be, 0xf7be, 0xf7be, 0xf7be, 0xf7be, 0xf7be, 0xffdf, 0xffdf, 0xffdf, 0xffdf, 0x736d, 0x21c8, 
  0x351a, 0x2d5c, 0x2d5c, 0x2d5c, 0x2d5c, 0x2d5c, 0x2d5c, 0x2d9d, 0x2b71, 0x738e, 0xf79e, 0xf7be, 0xf7be, 0xf7be, 0xf7be, 0xf7be, 
  0xf7be, 0xf7be, 0xf7be, 0xf7be, 0xf7be, 0xf7be, 0xf7be, 0xf7be, 0xf7be, 0xf7be, 0xf7be, 0xf7be, 0xf7be, 0xf7be, 0xf7be, 0xf7be, 
  0xef7d, 0xf79e, 0xffff, 0xffdf, 0xef5d, 0xf7be, 0xffff, 0xef7d, 0xef7d, 0xffff, 0xdedb, 0x2124, 0x2b92, 0x2cb8, 0x2c77, 0x230f, 
  0x3185, 0xbdd7, 0xef7d, 0xef7d, 0xffff, 0xffff, 0xef5d, 0xf7be, 0xffff, 0xf7be, 0xef7d, 0xffdf, 0xffff, 0xef7d, 0xf79e, 0xffff, 
  0xffff, 0xef5d, 0xf7be, 0xffff, 0xf79e, 0xef7d, 0xffdf, 0xffff, 0xef5d, 0xf79e, 0xffff, 0xffdf, 0xef5d, 0xffdf, 0xf79e, 0x5aeb, 
  0x2146, 0x2bd3, 0x351a, 0x357c, 0x357c, 0x357c, 0x357c, 0x353b, 0x2c97, 0x3208, 0xe73c, 0xef7d, 0xffff, 0xffff, 0xef5d, 0xf7be, 
  0xffff, 0xf7be, 0xef7d, 0xffdf, 0xffff, 0xef7d, 0xf79e, 0xffff, 0xffff, 0xef5d, 0xf7be, 0xffff, 0xf79e, 0xef7d, 0xffdf, 0xffff, 
  0xffdf, 0xffdf, 0xf7be, 0xf7be, 0xf7be, 0xf7be, 0xf7be, 0xf7be, 0xf7be, 0xf7be, 0xffdf, 0xa534, 0x3186, 0x1946, 0x2145, 0x62eb, 
  0xbdf7, 0xffdf, 0xf7be, 0xf7be, 0xf7be, 0xf7be, 0xf7be, 0xf7be, 0xf7be, 0xf7be, 0xf7be, 0xf7be, 0xf7be, 0xf7be, 0xf7be, 0xf7be, 
  0xf7be, 0xf7be, 0xf7be, 0xf7be, 0xf7be, 0xf7be, 0xf7be, 0xf7be, 0xf7be, 0xf7be, 0xf7be, 0xf7be, 0xf7be, 0xf7be, 0xffdf, 0xef7d, 
  0x9cd2, 0x4208, 0x19c9, 0x22ad, 0x22ef, 0x230f, 0x22ad, 0x222b, 0x1966, 0x630c, 0xf7be, 0xf7bf, 0xf7be, 0xf7be, 0xf7be, 0xf7be, 
  0xf7be, 0xf7be, 0xf7be, 0xf7be, 0xf7be, 0xf7be, 0xf7be, 0xf7be, 0xf7be, 0xf7be, 0xf7be, 0xf7be, 0xf7be, 0xf7be, 0xf7be, 0xf7be, 
  0xffff, 0xffdf, 0xef7d, 0xf79e, 0xffff, 0xf7be, 0xef5d, 0xffff, 0xffff, 0xf79e, 0xef7d, 0xffff, 0xe71c, 0xc638, 0xdedb, 0xf79e, 
  0xf7be, 0xef5d, 0xffff, 0xffff, 0xef7d, 0xef7d, 0xffff, 0xffdf, 0xef7d, 0xf7be, 0xffff, 0xf79e, 0xef5d, 0xffff, 0xffff, 0xef7d, 
  0xf79e, 0xffff, 0xf7be, 0xef7d, 0xffdf, 0xffff, 0xf79e, 0xef7d, 0xffff, 0xffdf, 0xef7d, 0xf79e, 0xffff, 0xf7be, 0xef5d, 0xffff, 
  0xffff, 0xdefb, 0xbdf7, 0x94b2, 0x73ae, 0x630c, 0x630c, 0x7bce, 0xa534, 0xe71c, 0xffff, 0xffff, 0xef7d, 0xef7d, 0xffff, 0xffdf, 
  0xef7d, 0xf7be, 0xffff, 0xf79e, 0xef5d, 0xffff, 0xffff, 0xef7d, 0xf79e, 0xffff, 0xf7be, 0xef5d, 0xffdf, 0xffff, 0xf79e, 0xef7d, 
  0xf7be, 0xf7be, 0xf7be, 0xf7be, 0xf7be, 0xf7be, 0xffdf, 0xf7be, 0xf7be, 0xf7be, 0xf7be, 0xf7be, 0xf7be, 0xf7be, 0xf7be, 0xf7be, 
  0xf7be, 0xf7be, 0xf7be, 0xf7be, 0xf7be, 0xf7be, 0xf7be, 0xf7be, 0xf7be, 0xf7be, 0xf7be, 0xf7be, 0xf7be, 0xf7be, 0xf7be, 0xf7be, 
  0xf7be, 0xf7be, 0xf7be, 0xf7be, 0xf7be, 0xf7be, 0xf7be, 0xf7be, 0xf7be, 0xf7be, 0xf7be, 0xf7be, 0xf7be, 0xf7be, 0xf7be, 0xf7be, 
  0xf7be, 0xf7be, 0xf7be, 0xf7be, 0xffdf, 0xffdf, 0xffdf, 0xffdf, 0xf7be, 0xf7be, 0xf7be, 0xf7be, 0xf7be, 0xf7be, 0xf7be, 0xf7be, 
  0xf7be, 0xf7be, 0xf7be, 0xf7be, 0xf7be, 0xf7be, 0xf7be, 0xf7be, 0xf7be, 0xf7be, 0xf7be, 0xf7be, 0xf7be, 0xf7be, 0xf7be, 0xf7be, 
  0xef7d, 0xf79e, 0xffff, 0xffdf, 0xef5d, 0xf7be, 0xffff, 0xf79e, 0xef7d, 0xffff, 0xffff, 0xef5d, 0xf79e, 0xffff, 0xf7be, 0xef7d, 
  0xffdf, 0xffff, 0xef7d, 0xef7d, 0xffff, 0xffff, 0xef5d, 0xf7be, 0xffff, 0xf7be, 0xef7d, 0xffdf, 0xffff, 0xef7d, 0xf79e, 0xffff, 
  0xffff, 0xef5d, 0xf7be, 0xffff, 0xf79e, 0xef7d, 0xffdf, 0xffff, 0xef7d, 0xf79e, 0xffff, 0xffdf, 0xef5d, 0xf7be, 0xffff, 0xf79e, 
  0xef7d, 0xffdf, 0xffff, 0xef5d, 0xf7be, 0xffff, 0xf7bf, 0xef5d, 0xffdf, 0xffff, 0xef7d, 0xef7d, 0xffff, 0xffff, 0xef5d, 0xf7be, 
  0xffff, 0xf7be, 0xef7d, 0xffdf, 0xffff, 0xef7d, 0xf79e, 0xffff, 0xffff, 0xef5d, 0xf7be, 0xffff, 0xf79e, 0xef7d, 0xffdf, 0xffff, 
  0xf7be, 0xf7be, 0xf7be, 0xf7be, 0xf7be, 0xf7be, 0xf7be, 0xf7be, 0xffdf, 0xf7be, 0xf7be, 0xf7be, 0xf7be, 0xf7be, 0xf7be, 0xf7be, 
  0xf7be, 0xf7be, 0xf7be, 0xf7be, 0xf7be, 0xf7be, 0xf7be, 0xf7be, 0xf7be, 0xf7be, 0xf7be, 0xf7be, 0xf7be, 0xf7be, 0xf7be, 0xf7be, 
  0xf7be, 0xf7be, 0xf7be, 0xf7be, 0xf7be, 0xf7be, 0xf7be, 0xf7be, 0xf7be, 0xf7be, 0xf7be, 0xf7be, 0xf7be, 0xf7be, 0xf7be, 0xf7be, 
  0xf7be, 0xf7be, 0xf7be, 0xf7be, 0xf7be, 0xf7be, 0xf7be, 0xf7be, 0xf7be, 0xf7be, 0xf7be, 0xffbe, 0xf7be, 0xf7be, 0xf7be, 0xf7be, 
  0xf7be, 0xf7be, 0xf7be, 0xf7be, 0xf7be, 0xf7be, 0xf7be, 0xf7be, 0xf7be, 0xf7be, 0xf7be, 0xf7be, 0xf7be, 0xf7be, 0xf7be, 0xf7be, 
  0xffff, 0xffdf, 0xef7d, 0xf79e, 0xffff, 0xf7be, 0xef5d, 0xffff, 0xffff, 0xf79e, 0xef7d, 0xffff, 0xffdf, 0xef7d, 0xf7be, 0xffff, 
  0xf7be, 0xef5d, 0xffff, 0xffff, 0xef7d, 0xef7d, 0xffff, 0xffdf, 0xef7d, 0xf7be, 0xffff, 0xf79e, 0xef5d, 0xffff, 0xffff, 0xef7d, 
  0xf79e, 0xffff, 0xf7be, 0xef5d, 0xffdf, 0xffff, 0xf79e, 0xef7d, 0xffff, 0xffdf, 0xef7d, 0xf79e, 0xffff, 0xf7be, 0xef5d, 0xffff, 
  0xffff, 0xf79e, 0xef7d, 0xffff, 0xffdf, 0xef7d, 0xf7be, 0xffff, 0xf7be, 0xef5d, 0xffff, 0xffff, 0xef7d, 0xef7d, 0xffff, 0xffdf, 
  0xef7d, 0xf7be, 0xffff, 0xf79e, 0xef5d, 0xffff, 0xffff, 0xef7d, 0xf79e, 0xffff, 0xf7be, 0xef5d, 0xffdf, 0xffff, 0xf79e, 0xef7d, 
  0xf7be, 0xf7be, 0xf7be, 0xf7be, 0xf7be, 0xf7be, 0xf7be, 0xf7be, 0xf7be, 0xf7be, 0xf7be, 0xf7be, 0xf7be, 0xf7be, 0xf7be, 0xf7bf, 
  0xf7be, 0xf7be, 0xf7be, 0xf7be, 0xf7be, 0xf7be, 0xf7be, 0xf7be, 0xf7be, 0xf7be, 0xf7be, 0xf7be, 0xf7be, 0xf7be, 0xf7be, 0xf7be, 
  0xf7be, 0xf7be, 0xf7be, 0xf7be, 0xf7be, 0xf7be, 0xf7be, 0xf7be, 0xf7be, 0xf7be, 0xf7be, 0xf7be, 0xf7be, 0xf7be, 0xf7be, 0xf7be, 
  0xf7be, 0xf7be, 0xf7be, 0xf7be, 0xf7be, 0xf7be, 0xf7be, 0xf7be, 0xf7be, 0xf7be, 0xf7be, 0xf7be, 0xf7be, 0xf7be, 0xf7be, 0xf7be, 
  0xf7be, 0xf7be, 0xf7be, 0xf7be, 0xf7be, 0xf7be, 0xf7be, 0xf7be, 0xf7be, 0xf7be, 0xf7be, 0xf7be, 0xf7be, 0xf7be, 0xf7be, 0xf7be, 
  0xef7d, 0xf79e, 0xffff, 0xffdf, 0xef5d, 0xf7be, 0xffff, 0xf79e, 0xef7d, 0xffff, 0xffff, 0xef5d, 0xf79e, 0xffff, 0xf7be, 0xef5d, 
  0xffdf, 0xffff, 0xef7d, 0xef7d, 0xffff, 0xffff, 0xef5d, 0xf7be, 0xffff, 0xf7be, 0xef7d, 0xffdf, 0xffff, 0xef7d, 0xf79e, 0xffff, 
  0xffff, 0xef5d, 0xf7be, 0xffff, 0xf79e, 0xef7d, 0xffdf, 0xffff, 0xef5d, 0xf79e, 0xffff, 0xffdf, 0xef5d, 0xf7be, 0xffff, 0xf79e, 
  0xef7d, 0xffff, 0xffff, 0xef5d, 0xf7be, 0xffff, 0xf7be, 0xef5d, 0xffdf, 0xffff, 0xef7d, 0xef7d, 0xffff, 0xffff, 0xef5d, 0xf7be, 
  0xffff, 0xf7be, 0xef7d, 0xffdf, 0xffff, 0xef7d, 0xf79e, 0xffff, 0xffff, 0xef5d, 0xf7be, 0xffff, 0xf79e, 0xef7d, 0xffdf, 0xffff, 
  0xf7be, 0xf7be, 0xf7be, 0xf7be, 0xf7be, 0xf7be, 0xf7be, 0xf7be, 0xf7be, 0xf7be, 0xf7be, 0xf7be, 0xf7be, 0xf7be, 0xf7be, 0xf7be, 
  0xf7be, 0xf7be, 0xf7be, 0xf7be, 0xf7be, 0xf7be, 0xf7be, 0xf7be, 0xf7be, 0xf7be, 0xf7be, 0xf7be, 0xf7be, 0xf7be, 0xf7be, 0xf7be, 
  0xf7be, 0xf7be, 0xf7be, 0xf7be, 0xf7be, 0xf7be, 0xf7be, 0xf7be, 0xf7be, 0xf7be, 0xf7be, 0xf7be, 0xf7be, 0xf7be, 0xf7be, 0xf7be, 
  0xf7be, 0xf7be, 0xf7be, 0xf7be, 0xf7be, 0xf7be, 0xf7be, 0xf7be, 0xf7be, 0xf7be, 0xf7be, 0xf7be, 0xf7be, 0xf7be, 0xf7be, 0xf7be, 
  0xf7be, 0xf7be, 0xf7be, 0xf7be, 0xf7be, 0xf7be, 0xf7be, 0xf7be, 0xf7be, 0xf7be, 0xf7be, 0xf7be, 0xf7be, 0xf7be, 0xf7be, 0xf7be, 
  0xffff, 0xffdf, 0xef7d, 0xf79e, 0xffff, 0xf7be, 0xef5d, 0xffff, 0xffff, 0xf79e, 0xef7d, 0xffff, 0xffdf, 0xef7d, 0xf7be, 0xffff, 
  0xf7be, 0xef5d, 0xffff, 0xffff, 0xef7d, 0xef7d, 0xffff, 0xffdf, 0xef7d, 0xf7be, 0xffff, 0xf79e, 0xef5d, 0xffff, 0xffff, 0xef7d, 
  0xf79e, 0xffff, 0xf7be, 0xef5d, 0xffdf, 0xffff, 0xf79e, 0xef7d, 0xffff, 0xffdf, 0xef7d, 0xf79e, 0xffff, 0xf7be, 0xef5d, 0xffff, 
  0xffff, 0xf79e, 0xef7d, 0xffff, 0xffdf, 0xef7d, 0xf7be, 0xffff, 0xf7be, 0xef5d, 0xffff, 0xffff, 0xef7d, 0xef7d, 0xffff, 0xffdf, 
  0xef7d, 0xf7be, 0xffff, 0xf79e, 0xef5d, 0xffff, 0xffff, 0xef7d, 0xf79e, 0xffff, 0xf7be, 0xef5d, 0xffdf, 0xffff, 0xf79e, 0xef7d, 
  0xf7be, 0xf7be, 0xf7be, 0xf7be, 0xf7be, 0xf7be, 0xf7be, 0xf7be, 0xf7be, 0xf7be, 0xf7be, 0xf7be, 0xf7be, 0xf7be, 0xf7be, 0xf7be, 
  0xf7be, 0xf7be, 0xf7be, 0xf7be, 0xf7be, 0xf7be, 0xf7be, 0xf7be, 0xf7be, 0xf7be, 0xf7be, 0xf7be, 0xf7be, 0xf7be, 0xf7be, 0xf7be, 
  0xf7be, 0xf7be, 0xf7be, 0xf7be, 0xf7be, 0xf7be, 0xf7be, 0xf7be, 0xf7be, 0xf7be, 0xf7be, 0xf7be, 0xf7be, 0xf7be, 0xf7be, 0xf7be, 
  0xf7be, 0xf7be, 0xf7be, 0xf7be, 0xf7be, 0xf7be, 0xf7be, 0xf7be, 0xf7be, 0xf7be, 0xf7be, 0xf7be, 0xf7be, 0xf7be, 0xf7be, 0xf7be, 
  0xf7be, 0xf7be, 0xf7be, 0xf7be, 0xf7be, 0xf7be, 0xf7be, 0xf7be, 0xf7be, 0xf7be, 0xf7be, 0xf7be, 0xf7be, 0xf7be, 0xf7be, 0xf7be, 
  0xef7d, 0xf79e, 0xffff, 0xffdf, 0xef5d, 0xf7be, 0xffff, 0xf79e, 0xef7d, 0xffff, 0xffff, 0xef5d, 0xf79e, 0xffff, 0xf7be, 0xef5d, 
  0xffdf, 0xffff, 0xef7d, 0xef7d, 0xffff, 0xffff, 0xef5d, 0xf7be, 0xffff, 0xf7be, 0xef7d, 0xffdf, 0xffff, 0xef7d, 0xf79e, 0xffff, 
  0xffff, 0xef5d, 0xf7be, 0xffff, 0xf79e, 0xef7d, 0xffdf, 0xffff, 0xef7d, 0xf79e, 0xffff, 0xffdf, 0xef5d, 0xf7be, 0xffff, 0xf79e, 
  0xef7d, 0xffff, 0xffff, 0xef5d, 0xf79e, 0xffff, 0xf7be, 0xef5d, 0xffdf, 0xffff, 0xef7d, 0xef7d, 0xffff, 0xffff, 0xef5d, 0xf7be, 
  0xffff, 0xf7be, 0xef7d, 0xffdf, 0xffff, 0xef7d, 0xf79e, 0xffff, 0xffff, 0xef5d, 0xf7be, 0xffff, 0xf79e, 0xef7d, 0xffdf, 0xffff, 
  0xf7be, 0xf7be, 0xf7be, 0xf7be, 0xf7be, 0xf7be, 0xf7be, 0xf7be, 0xf7be, 0xf7be, 0xf7be, 0xf7be, 0xf7be, 0xf7be, 0xf7be, 0xf7be, 
  0xf7be, 0xf7be, 0xf7be, 0xf7be, 0xf7be, 0xf7be, 0xf7be, 0xf7be, 0xf7be, 0xf7be, 0xf7be, 0xf7be, 0xf7be, 0xf7be, 0xf7be, 0xf7be, 
  0xf7be, 0xf7be, 0xf7be, 0xf7be, 0xf7be, 0xf7be, 0xf7be, 0xf7be, 0xf7be, 0xf7be, 0xf7be, 0xf7be, 0xf7be, 0xf7be, 0xf7be, 0xf7be, 
  0xf7be, 0xf7be, 0xf7be, 0xf7be, 0xf7be, 0xf7be, 0xf7be, 0xf7be, 0xf7be, 0xf7be, 0xf7be, 0xf7be, 0xf7be, 0xf7be, 0xf7be, 0xf7be, 
  0xf7be, 0xf7be, 0xf7be, 0xf7be, 0xf7be, 0xf7be, 0xf7be, 0xf7be, 0xf7be, 0xf7be, 0xf7be, 0xf7be, 0xf7be, 0xf7be, 0xf7be, 0xf7be, 
  0xffff, 0xffdf, 0xef7d, 0xf79e, 0xffff, 0xf7be, 0xef5d, 0xffff, 0xffff, 0xf79e, 0xef7d, 0xffff, 0xffdf, 0xef5d, 0xf7be, 0xffff, 
  0xf7be, 0xef5d, 0xffff, 0xffff, 0xef7d, 0xef7d, 0xffff, 0xffdf, 0xef5d, 0xf7be, 0xffff, 0xf79e, 0xef5d, 0xffff, 0xffff, 0xef7d, 
  0xf79e, 0xffff, 0xf7be, 0xef7d, 0xffdf, 0xffff, 0xf79e, 0xef7d, 0xffff, 0xffdf, 0xef7d, 0xf79e, 0xffff, 0xf7be, 0xef5d, 0xffff, 
  0xffff, 0xf79e, 0xef7d, 0xffff, 0xffdf, 0xef5d, 0xf7be, 0xffff, 0xf7be, 0xef5d, 0xffff, 0xffff, 0xef7d, 0xef7d, 0xffff, 0xffdf, 
  0xef5d, 0xf7be, 0xffff, 0xf79e, 0xef5d, 0xffff, 0xffff, 0xef7d, 0xf79e, 0xffff, 0xf7be, 0xef5d, 0xffdf, 0xffff, 0xf79e, 0xef7d, 
  0xf7be, 0xf7be, 0xf7be, 0xf7be, 0xf7be, 0xf7be, 0xf7be, 0xf7be, 0xf7be, 0xf7be, 0xf7be, 0xf7be, 0xf7be, 0xf7be, 0xf7be, 0xf7be, 
  0xf7be, 0xf7be, 0xf7be, 0xf7be, 0xf7be, 0xf7be, 0xf7be, 0xf7be, 0xf7be, 0xf7be, 0xf7be, 0xf7be, 0xf7be, 0xf7be, 0xf7be, 0xf7be, 
  0xf7be, 0xf7be, 0xf7be, 0xf7be, 0xf7be, 0xf7be, 0xf7be, 0xf7be, 0xf7be, 0xf7be, 0xf7be, 0xf7be, 0xf7be, 0xf7be, 0xf7be, 0xf7be, 
  0xf7be, 0xf7be, 0xf7be, 0xf7be, 0xf7be, 0xf7be, 0xf7be, 0xf7be, 0xf7be, 0xf7be, 0xf7be, 0xf7be, 0xf7be, 0xf7be, 0xf7be, 0xf7be, 
  0xf7be, 0xf7be, 0xf7be, 0xf7be, 0xf7be, 0xf7be, 0xf7be, 0xf7be, 0xf7be, 0xf7be, 0xf7be, 0xf7be, 0xf7be, 0xf7be, 0xf7be, 0xf7be, 
  0xef7d, 0xf79e, 0xffff, 0xffdf, 0xef7d, 0xf7be, 0xffff, 0xf79e, 0xef7d, 0xffff, 0xffff, 0xef7d, 0xf79e, 0xffff, 0xf7be, 0xef7d, 
  0xffdf, 0xffff, 0xef7d, 0xef7d, 0xffff, 0xffff, 0xef5d, 0xf7be, 0xffff, 0xf7be, 0xef7d, 0xffdf, 0xffff, 0xef7d, 0xf79e, 0xffff, 
  0xffff, 0xef5d, 0xf7be, 0xffff, 0xf79e, 0xef7d, 0xffdf, 0xffff, 0xef7d, 0xf79e, 0xffff, 0xffdf, 0xef7d, 0xf7be, 0xffff, 0xf79e, 
  0xef7d, 0xffff, 0xffff, 0xef7d, 0xf79e, 0xffff, 0xf7be, 0xef7d, 0xffdf, 0xffff, 0xef7d, 0xef7d, 0xffff, 0xffff, 0xef5d, 0xf7be, 
  0xffff, 0xf7be, 0xef7d, 0xffdf, 0xffff, 0xef7d, 0xf79e, 0xffff, 0xffff, 0xef5d, 0xf7be, 0xffff, 0xf79e, 0xef7d, 0xffdf, 0xffff,   };
