const uint8_t KixBarcode_y5De20pt7bBitmaps[] PROGMEM = {
  0x00, 0x00, 0x00, 0x00, 0x00, 0x00, 0x00, 0x00, 0x00, 0x00, 0x00, 0x00,
  0x00, 0x00, 0x00, 0x00, 0x00, 0x00, 0x00, 0x7E, 0x03, 0xF0, 0x00, 0x00,
  0x07, 0xE0, 0x3F, 0x00, 0x00, 0x00, 0x7E, 0x03, 0xF0, 0x00, 0x00, 0x07,
  0xE0, 0x3F, 0x00, 0x00, 0x00, 0x7E, 0x03, 0xF0, 0x00, 0x00, 0x07, 0xE0,
  0x3F, 0x00, 0x00, 0x00, 0x7E, 0x03, 0xF0, 0x00, 0x00, 0x07, 0xE0, 0x3F,
  0x00, 0x00, 0x00, 0x7E, 0x03, 0xF0, 0x00, 0x00, 0x07, 0xE0, 0x3F, 0x00,
  0x00, 0x00, 0x7E, 0x03, 0xF0, 0x00, 0x00, 0x07, 0xE0, 0x3F, 0x00, 0x00,
  0x00, 0x7E, 0x03, 0xF0, 0x00, 0x00, 0x07, 0xE0, 0x3F, 0x00, 0x00, 0x00,
  0x7E, 0x03, 0xF0, 0x00, 0x00, 0x07, 0xE0, 0x3F, 0x00, 0x00, 0x00, 0x7E,
  0x03, 0xF0, 0x00, 0x00, 0x07, 0xE0, 0x3F, 0x00, 0x00, 0x00, 0x7E, 0x03,
  0xF0, 0x00, 0x00, 0x07, 0xE0, 0x3F, 0x00, 0x00, 0x00, 0x7E, 0x03, 0xFF,
  0xC0, 0x7E, 0x07, 0xE0, 0x3F, 0xFC, 0x07, 0xE0, 0x7E, 0x03, 0xFF, 0xC0,
  0x7E, 0x07, 0xE0, 0x3F, 0xFC, 0x07, 0xE0, 0x7E, 0x03, 0xFF, 0xC0, 0x7E,
  0x07, 0xE0, 0x3F, 0xFC, 0x07, 0xE0, 0x7E, 0x03, 0xFF, 0xC0, 0x7E, 0x07,
  0xE0, 0x3F, 0xFC, 0x07, 0xE0, 0x7E, 0x03, 0xFF, 0xC0, 0x7E, 0x07, 0xE0,
  0x3F, 0xFC, 0x07, 0xE0, 0x7E, 0x03, 0xFF, 0xC0, 0x7E, 0x07, 0xE0, 0x3F,
  0xFC, 0x07, 0xE0, 0x7E, 0x03, 0xFF, 0xC0, 0x7E, 0x07, 0xE0, 0x3F, 0xFC,
  0x07, 0xE0, 0x7E, 0x03, 0xF0, 0x00, 0x00, 0x07, 0xE0, 0x3F, 0x00, 0x00,
  0x00, 0x7E, 0x03, 0xF0, 0x00, 0x00, 0x07, 0xE0, 0x3F, 0x00, 0x00, 0x00,
  0x7E, 0x03, 0xF0, 0x00, 0x00, 0x07, 0xE0, 0x3F, 0x00, 0x00, 0x00, 0x7E,
  0x03, 0xF0, 0x00, 0x00, 0x07, 0xE0, 0x3F, 0x00, 0x00, 0x00, 0x7E, 0x03,
  0xF0, 0x00, 0x00, 0x07, 0xE0, 0x3F, 0x00, 0x00, 0x00, 0x7E, 0x03, 0xF0,
  0x00, 0x00, 0x07, 0xE0, 0x3F, 0x00, 0x00, 0x00, 0x7E, 0x03, 0xF0, 0x00,
  0x00, 0x07, 0xE0, 0x3F, 0x00, 0x00, 0x00, 0x7E, 0x03, 0xF0, 0x00, 0x00,
  0x07, 0xE0, 0x3F, 0x00, 0x00, 0x00, 0x7E, 0x03, 0xF0, 0x00, 0x00, 0x07,
  0xE0, 0x3F, 0x00, 0x00, 0x00, 0x7E, 0x03, 0xF0, 0x00, 0x00, 0x07, 0xE0,
  0x3F, 0x00, 0x00, 0x00, 0x7E, 0x03, 0xF0, 0x00, 0x00, 0x07, 0xE0, 0x3F,
  0x00, 0x00, 0x00, 0x7E, 0x03, 0xF0, 0x00, 0x00, 0x07, 0xE0, 0x3F, 0x00,
  0x00, 0x00, 0x7E, 0x03, 0xF0, 0x00, 0x00, 0x07, 0xE0, 0x3F, 0x00, 0x00,
  0x00, 0x7E, 0x03, 0xF0, 0x00, 0x00, 0x07, 0xE0, 0x3F, 0x00, 0x00, 0x00,
  0x7E, 0x03, 0xF0, 0x00, 0x00, 0x07, 0xE0, 0x3F, 0x00, 0x00, 0x00, 0x7E,
  0x03, 0xF0, 0x00, 0x00, 0x07, 0xE0, 0x3F, 0x00, 0x00, 0x00, 0x7E, 0x03,
  0xF0, 0x00, 0x00, 0x07, 0xE0, 0x3F, 0x00, 0x00, 0x00, 0x7E, 0x03, 0xF0,
  0x00, 0x00, 0x07, 0xE0, 0x3F, 0x00, 0x00, 0x00, 0x7E, 0x03, 0xF0, 0x00,
  0x00, 0x07, 0xE0, 0x3F, 0x00, 0x00, 0x00, 0x7E, 0x03, 0xF0, 0x00, 0x00,
  0x07, 0xE0, 0x3F, 0x00, 0x00, 0x00, 0x7E, 0x03, 0xF0, 0x00, 0x00, 0x07,
  0xE0, 0x3F, 0x00, 0x00, 0x00, 0x7E, 0x03, 0xFF, 0xC0, 0x7E, 0x07, 0xE0,
  0x3F, 0xFC, 0x07, 0xE0, 0x7E, 0x03, 0xFF, 0xC0, 0x7E, 0x07, 0xE0, 0x3F,
  0xFC, 0x07, 0xE0, 0x7E, 0x03, 0xFF, 0xC0, 0x7E, 0x07, 0xE0, 0x3F, 0xFC,
  0x07, 0xE0, 0x7E, 0x03, 0xFF, 0xC0, 0x7E, 0x07, 0xE0, 0x3F, 0xFC, 0x07,
  0xE0, 0x7E, 0x03, 0xFF, 0xC0, 0x7E, 0x07, 0xE0, 0x3F, 0xFC, 0x07, 0xE0,
  0x7E, 0x03, 0xFF, 0xC0, 0x7E, 0x07, 0xE0, 0x3F, 0xFC, 0x07, 0xE0, 0x7E,
  0x03, 0xFF, 0xC0, 0x7E, 0x07, 0xE0, 0x3F, 0xFC, 0x07, 0xE0, 0x7E, 0x03,
  0xF0, 0x00, 0x7E, 0x00, 0x00, 0x3F, 0x00, 0x07, 0xE0, 0x00, 0x03, 0xF0,
  0x00, 0x7E, 0x00, 0x00, 0x3F, 0x00, 0x07, 0xE0, 0x00, 0x03, 0xF0, 0x00,
  0x7E, 0x00, 0x00, 0x3F, 0x00, 0x07, 0xE0, 0x00, 0x03, 0xF0, 0x00, 0x7E,
  0x00, 0x00, 0x3F, 0x00, 0x07, 0xE0, 0x00, 0x03, 0xF0, 0x00, 0x7E, 0x00,
  0x00, 0x3F, 0x00, 0x07, 0xE0, 0x00, 0x03, 0xF0, 0x00, 0x7E, 0x00, 0x00,
  0x3F, 0x00, 0x07, 0xE0, 0x00, 0x03, 0xF0, 0x00, 0x7E, 0x00, 0x00, 0x3F,
  0x00, 0x07, 0xE0, 0x00, 0x03, 0xF0, 0x00, 0x7E, 0x00, 0x00, 0x3F, 0x00,
  0x07, 0xE0, 0x00, 0x03, 0xF0, 0x00, 0x7E, 0x00, 0x00, 0x3F, 0x00, 0x07,
  0xE0, 0x00, 0x03, 0xF0, 0x00, 0x7E, 0x00, 0x00, 0x3F, 0x00, 0x07, 0xE0,
  0x00, 0x03, 0xF0, 0x00, 0x7E, 0x00, 0x00, 0x3F, 0x00, 0x00, 0x00, 0x7E,
  0x03, 0xF0, 0x00, 0x00, 0x07, 0xE0, 0x3F, 0x00, 0x00, 0x00, 0x7E, 0x03,
  0xF0, 0x00, 0x00, 0x07, 0xE0, 0x3F, 0x00, 0x00, 0x00, 0x7E, 0x03, 0xF0,
  0x00, 0x00, 0x07, 0xE0, 0x3F, 0x00, 0x00, 0x00, 0x7E, 0x03, 0xF0, 0x00,
  0x00, 0x07, 0xE0, 0x3F, 0x00, 0x00, 0x00, 0x7E, 0x03, 0xF0, 0x00, 0x00,
  0x07, 0xE0, 0x3F, 0x00, 0x00, 0x00, 0x7E, 0x03, 0xF0, 0x00, 0x00, 0x07,
  0xE0, 0x3F, 0x00, 0x00, 0x00, 0x7E, 0x03, 0xF0, 0x00, 0x00, 0x07, 0xE0,
  0x3F, 0x00, 0x00, 0x00, 0x7E, 0x03, 0xF0, 0x00, 0x00, 0x07, 0xE0, 0x3F,
  0x00, 0x00, 0x00, 0x7E, 0x03, 0xF0, 0x00, 0x00, 0x07, 0xE0, 0x3F, 0x00,
  0x00, 0x00, 0x7E, 0x03, 0xF0, 0x00, 0x00, 0x07, 0xE0, 0x3F, 0x00, 0x00,
  0x00, 0x7E, 0x03, 0xFF, 0xC0, 0x7E, 0x07, 0xE0, 0x3F, 0xFC, 0x07, 0xE0,
  0x7E, 0x03, 0xFF, 0xC0, 0x7E, 0x07, 0xE0, 0x3F, 0xFC, 0x07, 0xE0, 0x7E,
  0x03, 0xFF, 0xC0, 0x7E, 0x07, 0xE0, 0x3F, 0xFC, 0x07, 0xE0, 0x7E, 0x03,
  0xFF, 0xC0, 0x7E, 0x07, 0xE0, 0x3F, 0xFC, 0x07, 0xE0, 0x7E, 0x03, 0xFF,
  0xC0, 0x7E, 0x07, 0xE0, 0x3F, 0xFC, 0x07, 0xE0, 0x7E, 0x03, 0xFF, 0xC0,
  0x7E, 0x07, 0xE0, 0x3F, 0xFC, 0x07, 0xE0, 0x7E, 0x03, 0xFF, 0xC0, 0x7E,
  0x07, 0xE0, 0x3F, 0xFC, 0x07, 0xE0, 0x7E, 0x03, 0xF0, 0x00, 0x7E, 0x07,
  0xE0, 0x00, 0x00, 0x07, 0xE0, 0x7E, 0x00, 0x00, 0x00, 0x7E, 0x07, 0xE0,
  0x00, 0x00, 0x07, 0xE0, 0x7E, 0x00, 0x00, 0x00, 0x7E, 0x07, 0xE0, 0x00,
  0x00, 0x07, 0xE0, 0x7E, 0x00, 0x00, 0x00, 0x7E, 0x07, 0xE0, 0x00, 0x00,
  0x07, 0xE0, 0x7E, 0x00, 0x00, 0x00, 0x7E, 0x07, 0xE0, 0x00, 0x00, 0x07,
  0xE0, 0x7E, 0x00, 0x00, 0x00, 0x7E, 0x07, 0xE0, 0x00, 0x00, 0x07, 0xE0,
  0x7E, 0x00, 0x00, 0x00, 0x7E, 0x07, 0xE0, 0x00, 0x00, 0x07, 0xE0, 0x7E,
  0x00, 0x00, 0x00, 0x7E, 0x07, 0xE0, 0x00, 0x00, 0x07, 0xE0, 0x7E, 0x00,
  0x00, 0x00, 0x7E, 0x07, 0xE0, 0x00, 0x00, 0x07, 0xE0, 0x7E, 0x00, 0x00,
  0x00, 0x7E, 0x07, 0xE0, 0x00, 0x00, 0x07, 0xE0, 0x7E, 0x00, 0x00, 0x00,
  0x7E, 0x07, 0xE0, 0x00, 0x00, 0x00, 0x00, 0x7E, 0x03, 0xF0, 0x00, 0x00,
  0x07, 0xE0, 0x3F, 0x00, 0x00, 0x00, 0x7E, 0x03, 0xF0, 0x00, 0x00, 0x07,
  0xE0, 0x3F, 0x00, 0x00, 0x00, 0x7E, 0x03, 0xF0, 0x00, 0x00, 0x07, 0xE0,
  0x3F, 0x00, 0x00, 0x00, 0x7E, 0x03, 0xF0, 0x00, 0x00, 0x07, 0xE0, 0x3F,
  0x00, 0x00, 0x00, 0x7E, 0x03, 0xF0, 0x00, 0x00, 0x07, 0xE0, 0x3F, 0x00,
  0x00, 0x00, 0x7E, 0x03, 0xF0, 0x00, 0x00, 0x07, 0xE0, 0x3F, 0x00, 0x00,
  0x00, 0x7E, 0x03, 0xF0, 0x00, 0x00, 0x07, 0xE0, 0x3F, 0x00, 0x00, 0x00,
  0x7E, 0x03, 0xF0, 0x00, 0x00, 0x07, 0xE0, 0x3F, 0x00, 0x00, 0x00, 0x7E,
  0x03, 0xF0, 0x00, 0x00, 0x07, 0xE0, 0x3F, 0x00, 0x00, 0x00, 0x7E, 0x03,
  0xF0, 0x00, 0x00, 0x07, 0xE0, 0x3F, 0x00, 0x00, 0x00, 0x7E, 0x03, 0xFF,
  0xC0, 0x7E, 0x07, 0xE0, 0x3F, 0xFC, 0x07, 0xE0, 0x7E, 0x03, 0xFF, 0xC0,
  0x7E, 0x07, 0xE0, 0x3F, 0xFC, 0x07, 0xE0, 0x7E, 0x03, 0xFF, 0xC0, 0x7E,
  0x07, 0xE0, 0x3F, 0xFC, 0x07, 0xE0, 0x7E, 0x03, 0xFF, 0xC0, 0x7E, 0x07,
  0xE0, 0x3F, 0xFC, 0x07, 0xE0, 0x7E, 0x03, 0xFF, 0xC0, 0x7E, 0x07, 0xE0,
  0x3F, 0xFC, 0x07, 0xE0, 0x7E, 0x03, 0xFF, 0xC0, 0x7E, 0x07, 0xE0, 0x3F,
  0xFC, 0x07, 0xE0, 0x7E, 0x03, 0xFF, 0xC0, 0x7E, 0x07, 0xE0, 0x3F, 0xFC,
  0x07, 0xE0, 0x7E, 0x03, 0xFF, 0xC0, 0x00, 0x00, 0x00, 0x3F, 0xFC, 0x00,
  0x00, 0x00, 0x03, 0xFF, 0xC0, 0x00, 0x00, 0x00, 0x3F, 0xFC, 0x00, 0x00,
  0x00, 0x03, 0xFF, 0xC0, 0x00, 0x00, 0x00, 0x3F, 0xFC, 0x00, 0x00, 0x00,
  0x03, 0xFF, 0xC0, 0x00, 0x00, 0x00, 0x3F, 0xFC, 0x00, 0x00, 0x00, 0x03,
  0xFF, 0xC0, 0x00, 0x00, 0x00, 0x3F, 0xFC, 0x00, 0x00, 0x00, 0x03, 0xFF,
  0xC0, 0x00, 0x00, 0x00, 0x3F, 0xFC, 0x00, 0x00, 0x00, 0x03, 0xFF, 0xC0,
  0x00, 0x00, 0x00, 0x3F, 0xFC, 0x00, 0x00, 0x00, 0x03, 0xFF, 0xC0, 0x00,
  0x00, 0x00, 0x3F, 0xFC, 0x00, 0x00, 0x00, 0x03, 0xFF, 0xC0, 0x00, 0x00,
  0x00, 0x3F, 0xFC, 0x00, 0x00, 0x00, 0x03, 0xFF, 0xC0, 0x00, 0x00, 0x00,
  0x3F, 0xFC, 0x00, 0x00, 0x00, 0x03, 0xFF, 0xC0, 0x00, 0x00, 0x00, 0x3F,
  0x00, 0x00, 0x00, 0x7E, 0x03, 0xF0, 0x00, 0x00, 0x07, 0xE0, 0x3F, 0x00,
  0x00, 0x00, 0x7E, 0x03, 0xF0, 0x00, 0x00, 0x07, 0xE0, 0x3F, 0x00, 0x00,
  0x00, 0x7E, 0x03, 0xF0, 0x00, 0x00, 0x07, 0xE0, 0x3F, 0x00, 0x00, 0x00,
  0x7E, 0x03, 0xF0, 0x00, 0x00, 0x07, 0xE0, 0x3F, 0x00, 0x00, 0x00, 0x7E,
  0x03, 0xF0, 0x00, 0x00, 0x07, 0xE0, 0x3F, 0x00, 0x00, 0x00, 0x7E, 0x03,
  0xF0, 0x00, 0x00, 0x07, 0xE0, 0x3F, 0x00, 0x00, 0x00, 0x7E, 0x03, 0xF0,
  0x00, 0x00, 0x07, 0xE0, 0x3F, 0x00, 0x00, 0x00, 0x7E, 0x03, 0xF0, 0x00,
  0x00, 0x07, 0xE0, 0x3F, 0x00, 0x00, 0x00, 0x7E, 0x03, 0xF0, 0x00, 0x00,
  0x07, 0xE0, 0x3F, 0x00, 0x00, 0x00, 0x7E, 0x03, 0xF0, 0x00, 0x00, 0x07,
  0xE0, 0x3F, 0x00, 0x00, 0x00, 0x7E, 0x03, 0xFF, 0xC0, 0x7E, 0x07, 0xE0,
  0x3F, 0xFC, 0x07, 0xE0, 0x7E, 0x03, 0xFF, 0xC0, 0x7E, 0x07, 0xE0, 0x3F,
  0xFC, 0x07, 0xE0, 0x7E, 0x03, 0xFF, 0xC0, 0x7E, 0x07, 0xE0, 0x3F, 0xFC,
  0x07, 0xE0, 0x7E, 0x03, 0xFF, 0xC0, 0x7E, 0x07, 0xE0, 0x3F, 0xFC, 0x07,
  0xE0, 0x7E, 0x03, 0xFF, 0xC0, 0x7E, 0x07, 0xE0, 0x3F, 0xFC, 0x07, 0xE0,
  0x7E, 0x03, 0xFF, 0xC0, 0x7E, 0x07, 0xE0, 0x3F, 0xFC, 0x07, 0xE0, 0x7E,
  0x03, 0xFF, 0xC0, 0x7E, 0x07, 0xE0, 0x3F, 0xFC, 0x07, 0xE0, 0x7E, 0x03,
  0xFF, 0xC0, 0x00, 0x07, 0xE0, 0x00, 0xFC, 0x00, 0x00, 0x7E, 0x00, 0x0F,
  0xC0, 0x00, 0x07, 0xE0, 0x00, 0xFC, 0x00, 0x00, 0x7E, 0x00, 0x0F, 0xC0,
  0x00, 0x07, 0xE0, 0x00, 0xFC, 0x00, 0x00, 0x7E, 0x00, 0x0F, 0xC0, 0x00,
  0x07, 0xE0, 0x00, 0xFC, 0x00, 0x00, 0x7E, 0x00, 0x0F, 0xC0, 0x00, 0x07,
  0xE0, 0x00, 0xFC, 0x00, 0x00, 0x7E, 0x00, 0x0F, 0xC0, 0x00, 0x07, 0xE0,
  0x00, 0xFC, 0x00, 0x00, 0x7E, 0x00, 0x0F, 0xC0, 0x00, 0x07, 0xE0, 0x00,
  0xFC, 0x00, 0x00, 0x7E, 0x00, 0x0F, 0xC0, 0x00, 0x07, 0xE0, 0x00, 0xFC,
  0x00, 0x00, 0x7E, 0x00, 0x0F, 0xC0, 0x00, 0x07, 0xE0, 0x00, 0xFC, 0x00,
  0x00, 0x7E, 0x00, 0x0F, 0xC0, 0x00, 0x07, 0xE0, 0x00, 0xFC, 0x00, 0x00,
  0x7E, 0x00, 0x0F, 0xC0, 0x00, 0x07, 0xE0, 0x00, 0x00, 0x00, 0x00, 0x7E,
  0x03, 0xF0, 0x00, 0x00, 0x07, 0xE0, 0x3F, 0x00, 0x00, 0x00, 0x7E, 0x03,
  0xF0, 0x00, 0x00, 0x07, 0xE0, 0x3F, 0x00, 0x00, 0x00, 0x7E, 0x03, 0xF0,
  0x00, 0x00, 0x07, 0xE0, 0x3F, 0x00, 0x00, 0x00, 0x7E, 0x03, 0xF0, 0x00,
  0x00, 0x07, 0xE0, 0x3F, 0x00, 0x00, 0x00, 0x7E, 0x03, 0xF0, 0x00, 0x00,
  0x07, 0xE0, 0x3F, 0x00, 0x00, 0x00, 0x7E, 0x03, 0xF0, 0x00, 0x00, 0x07,
  0xE0, 0x3F, 0x00, 0x00, 0x00, 0x7E, 0x03, 0xF0, 0x00, 0x00, 0x07, 0xE0,
  0x3F, 0x00, 0x00, 0x00, 0x7E, 0x03, 0xF0, 0x00, 0x00, 0x07, 0xE0, 0x3F,
  0x00, 0x00, 0x00, 0x7E, 0x03, 0xF0, 0x00, 0x00, 0x07, 0xE0, 0x3F, 0x00,
  0x00, 0x00, 0x7E, 0x03, 0xF0, 0x00, 0x00, 0x07, 0xE0, 0x3F, 0x00, 0x00,
  0x00, 0x7E, 0x03, 0xFF, 0xC0, 0x7E, 0x07, 0xE0, 0x3F, 0xFC, 0x07, 0xE0,
  0x7E, 0x03, 0xFF, 0xC0, 0x7E, 0x07, 0xE0, 0x3F, 0xFC, 0x07, 0xE0, 0x7E,
  0x03, 0xFF, 0xC0, 0x7E, 0x07, 0xE0, 0x3F, 0xFC, 0x07, 0xE0, 0x7E, 0x03,
  0xFF, 0xC0, 0x7E, 0x07, 0xE0, 0x3F, 0xFC, 0x07, 0xE0, 0x7E, 0x03, 0xFF,
  0xC0, 0x7E, 0x07, 0xE0, 0x3F, 0xFC, 0x07, 0xE0, 0x7E, 0x03, 0xFF, 0xC0,
  0x7E, 0x07, 0xE0, 0x3F, 0xFC, 0x07, 0xE0, 0x7E, 0x03, 0xFF, 0xC0, 0x7E,
  0x07, 0xE0, 0x3F, 0xFC, 0x07, 0xE0, 0x7E, 0x03, 0xFF, 0xC0, 0x7E, 0x00,
  0x00, 0x00, 0xFC, 0x07, 0xE0, 0x00, 0x00, 0x0F, 0xC0, 0x7E, 0x00, 0x00,
  0x00, 0xFC, 0x07, 0xE0, 0x00, 0x00, 0x0F, 0xC0, 0x7E, 0x00, 0x00, 0x00,
  0xFC, 0x07, 0xE0, 0x00, 0x00, 0x0F, 0xC0, 0x7E, 0x00, 0x00, 0x00, 0xFC,
  0x07, 0xE0, 0x00, 0x00, 0x0F, 0xC0, 0x7E, 0x00, 0x00, 0x00, 0xFC, 0x07,
  0xE0, 0x00, 0x00, 0x0F, 0xC0, 0x7E, 0x00, 0x00, 0x00, 0xFC, 0x07, 0xE0,
  0x00, 0x00, 0x0F, 0xC0, 0x7E, 0x00, 0x00, 0x00, 0xFC, 0x07, 0xE0, 0x00,
  0x00, 0x0F, 0xC0, 0x7E, 0x00, 0x00, 0x00, 0xFC, 0x07, 0xE0, 0x00, 0x00,
  0x0F, 0xC0, 0x7E, 0x00, 0x00, 0x00, 0xFC, 0x07, 0xE0, 0x00, 0x00, 0x0F,
  0xC0, 0x7E, 0x00, 0x00, 0x00, 0xFC, 0x07, 0xE0, 0x00, 0x00, 0x0F, 0xC0,
  0x7E, 0x00, 0x00, 0x00, 0x00, 0x07, 0xE0, 0x00, 0x03, 0xF0, 0x00, 0x7E,
  0x00, 0x00, 0x3F, 0x00, 0x07, 0xE0, 0x00, 0x03, 0xF0, 0x00, 0x7E, 0x00,
  0x00, 0x3F, 0x00, 0x07, 0xE0, 0x00, 0x03, 0xF0, 0x00, 0x7E, 0x00, 0x00,
  0x3F, 0x00, 0x07, 0xE0, 0x00, 0x03, 0xF0, 0x00, 0x7E, 0x00, 0x00, 0x3F,
  0x00, 0x07, 0xE0, 0x00, 0x03, 0xF0, 0x00, 0x7E, 0x00, 0x00, 0x3F, 0x00,
  0x07, 0xE0, 0x00, 0x03, 0xF0, 0x00, 0x7E, 0x00, 0x00, 0x3F, 0x00, 0x07,
  0xE0, 0x00, 0x03, 0xF0, 0x00, 0x7E, 0x00, 0x00, 0x3F, 0x00, 0x07, 0xE0,
  0x00, 0x03, 0xF0, 0x00, 0x7E, 0x00, 0x00, 0x3F, 0x00, 0x07, 0xE0, 0x00,
  0x03, 0xF0, 0x00, 0x7E, 0x00, 0x00, 0x3F, 0x00, 0x07, 0xE0, 0x00, 0x03,
  0xF0, 0x00, 0x7E, 0x00, 0x00, 0x3F, 0x00, 0x07, 0xE0, 0x00, 0x03, 0xFF,
  0xC0, 0x7E, 0x07, 0xE0, 0x3F, 0xFC, 0x07, 0xE0, 0x7E, 0x03, 0xFF, 0xC0,
  0x7E, 0x07, 0xE0, 0x3F, 0xFC, 0x07, 0xE0, 0x7E, 0x03, 0xFF, 0xC0, 0x7E,
  0x07, 0xE0, 0x3F, 0xFC, 0x07, 0xE0, 0x7E, 0x03, 0xFF, 0xC0, 0x7E, 0x07,
  0xE0, 0x3F, 0xFC, 0x07, 0xE0, 0x7E, 0x03, 0xFF, 0xC0, 0x7E, 0x07, 0xE0,
  0x3F, 0xFC, 0x07, 0xE0, 0x7E, 0x03, 0xFF, 0xC0, 0x7E, 0x07, 0xE0, 0x3F,
  0xFC, 0x07, 0xE0, 0x7E, 0x03, 0xFF, 0xC0, 0x7E, 0x07, 0xE0, 0x3F, 0xFC,
  0x07, 0xE0, 0x7E, 0x03, 0xF0, 0x00, 0x00, 0x07, 0xE0, 0x3F, 0x00, 0x00,
  0x00, 0x7E, 0x03, 0xF0, 0x00, 0x00, 0x07, 0xE0, 0x3F, 0x00, 0x00, 0x00,
  0x7E, 0x03, 0xF0, 0x00, 0x00, 0x07, 0xE0, 0x3F, 0x00, 0x00, 0x00, 0x7E,
  0x03, 0xF0, 0x00, 0x00, 0x07, 0xE0, 0x3F, 0x00, 0x00, 0x00, 0x7E, 0x03,
  0xF0, 0x00, 0x00, 0x07, 0xE0, 0x3F, 0x00, 0x00, 0x00, 0x7E, 0x03, 0xF0,
  0x00, 0x00, 0x07, 0xE0, 0x3F, 0x00, 0x00, 0x00, 0x7E, 0x03, 0xF0, 0x00,
  0x00, 0x07, 0xE0, 0x3F, 0x00, 0x00, 0x00, 0x7E, 0x03, 0xF0, 0x00, 0x00,
  0x07, 0xE0, 0x3F, 0x00, 0x00, 0x00, 0x7E, 0x03, 0xF0, 0x00, 0x00, 0x07,
  0xE0, 0x3F, 0x00, 0x00, 0x00, 0x7E, 0x03, 0xF0, 0x00, 0x00, 0x07, 0xE0,
  0x3F, 0x00, 0x00, 0x00, 0x7E, 0x03, 0xF0, 0x00, 0x00, 0x07, 0xE0, 0x3F,
  0x00, 0x07, 0xE0, 0x00, 0x03, 0xF0, 0x00, 0x7E, 0x00, 0x00, 0x3F, 0x00,
  0x07, 0xE0, 0x00, 0x03, 0xF0, 0x00, 0x7E, 0x00, 0x00, 0x3F, 0x00, 0x07,
  0xE0, 0x00, 0x03, 0xF0, 0x00, 0x7E, 0x00, 0x00, 0x3F, 0x00, 0x07, 0xE0,
  0x00, 0x03, 0xF0, 0x00, 0x7E, 0x00, 0x00, 0x3F, 0x00, 0x07, 0xE0, 0x00,
  0x03, 0xF0, 0x00, 0x7E, 0x00, 0x00, 0x3F, 0x00, 0x07, 0xE0, 0x00, 0x03,
  0xF0, 0x00, 0x7E, 0x00, 0x00, 0x3F, 0x00, 0x07, 0xE0, 0x00, 0x03, 0xF0,
  0x00, 0x7E, 0x00, 0x00, 0x3F, 0x00, 0x07, 0xE0, 0x00, 0x03, 0xF0, 0x00,
  0x7E, 0x00, 0x00, 0x3F, 0x00, 0x07, 0xE0, 0x00, 0x03, 0xF0, 0x00, 0x7E,
  0x00, 0x00, 0x3F, 0x00, 0x07, 0xE0, 0x00, 0x03, 0xF0, 0x00, 0x7E, 0x00,
  0x00, 0x3F, 0x00, 0x07, 0xE0, 0x00, 0x03, 0xFF, 0xC0, 0x7E, 0x07, 0xE0,
  0x3F, 0xFC, 0x07, 0xE0, 0x7E, 0x03, 0xFF, 0xC0, 0x7E, 0x07, 0xE0, 0x3F,
  0xFC, 0x07, 0xE0, 0x7E, 0x03, 0xFF, 0xC0, 0x7E, 0x07, 0xE0, 0x3F, 0xFC,
  0x07, 0xE0, 0x7E, 0x03, 0xFF, 0xC0, 0x7E, 0x07, 0xE0, 0x3F, 0xFC, 0x07,
  0xE0, 0x7E, 0x03, 0xFF, 0xC0, 0x7E, 0x07, 0xE0, 0x3F, 0xFC, 0x07, 0xE0,
  0x7E, 0x03, 0xFF, 0xC0, 0x7E, 0x07, 0xE0, 0x3F, 0xFC, 0x07, 0xE0, 0x7E,
  0x03, 0xFF, 0xC0, 0x7E, 0x07, 0xE0, 0x3F, 0xFC, 0x07, 0xE0, 0x7E, 0x03,
  0xF0, 0x00, 0x7E, 0x00, 0x00, 0x3F, 0x00, 0x07, 0xE0, 0x00, 0x03, 0xF0,
  0x00, 0x7E, 0x00, 0x00, 0x3F, 0x00, 0x07, 0xE0, 0x00, 0x03, 0xF0, 0x00,
  0x7E, 0x00, 0x00, 0x3F, 0x00, 0x07, 0xE0, 0x00, 0x03, 0xF0, 0x00, 0x7E,
  0x00, 0x00, 0x3F, 0x00, 0x07, 0xE0, 0x00, 0x03, 0xF0, 0x00, 0x7E, 0x00,
  0x00, 0x3F, 0x00, 0x07, 0xE0, 0x00, 0x03, 0xF0, 0x00, 0x7E, 0x00, 0x00,
  0x3F, 0x00, 0x07, 0xE0, 0x00, 0x03, 0xF0, 0x00, 0x7E, 0x00, 0x00, 0x3F,
  0x00, 0x07, 0xE0, 0x00, 0x03, 0xF0, 0x00, 0x7E, 0x00, 0x00, 0x3F, 0x00,
  0x07, 0xE0, 0x00, 0x03, 0xF0, 0x00, 0x7E, 0x00, 0x00, 0x3F, 0x00, 0x07,
  0xE0, 0x00, 0x03, 0xF0, 0x00, 0x7E, 0x00, 0x00, 0x3F, 0x00, 0x07, 0xE0,
  0x00, 0x03, 0xF0, 0x00, 0x7E, 0x00, 0x00, 0x3F, 0x00, 0x07, 0xE0, 0x00,
  0x03, 0xF0, 0x00, 0x7E, 0x00, 0x00, 0x3F, 0x00, 0x07, 0xE0, 0x00, 0x03,
  0xF0, 0x00, 0x7E, 0x00, 0x00, 0x3F, 0x00, 0x07, 0xE0, 0x00, 0x03, 0xF0,
  0x00, 0x7E, 0x00, 0x00, 0x3F, 0x00, 0x07, 0xE0, 0x00, 0x03, 0xF0, 0x00,
  0x7E, 0x00, 0x00, 0x3F, 0x00, 0x07, 0xE0, 0x00, 0x03, 0xF0, 0x00, 0x7E,
  0x00, 0x00, 0x3F, 0x00, 0x07, 0xE0, 0x00, 0x03, 0xF0, 0x00, 0x7E, 0x00,
  0x00, 0x3F, 0x00, 0x07, 0xE0, 0x00, 0x03, 0xF0, 0x00, 0x7E, 0x00, 0x00,
  0x3F, 0x00, 0x07, 0xE0, 0x00, 0x03, 0xF0, 0x00, 0x7E, 0x00, 0x00, 0x3F,
  0x00, 0x07, 0xE0, 0x00, 0x03, 0xF0, 0x00, 0x7E, 0x00, 0x00, 0x3F, 0x00,
  0x07, 0xE0, 0x00, 0x03, 0xF0, 0x00, 0x7E, 0x00, 0x00, 0x3F, 0x00, 0x07,
  0xE0, 0x00, 0x03, 0xFF, 0xC0, 0x7E, 0x07, 0xE0, 0x3F, 0xFC, 0x07, 0xE0,
  0x7E, 0x03, 0xFF, 0xC0, 0x7E, 0x07, 0xE0, 0x3F, 0xFC, 0x07, 0xE0, 0x7E,
  0x03, 0xFF, 0xC0, 0x7E, 0x07, 0xE0, 0x3F, 0xFC, 0x07, 0xE0, 0x7E, 0x03,
  0xFF, 0xC0, 0x7E, 0x07, 0xE0, 0x3F, 0xFC, 0x07, 0xE0, 0x7E, 0x03, 0xFF,
  0xC0, 0x7E, 0x07, 0xE0, 0x3F, 0xFC, 0x07, 0xE0, 0x7E, 0x03, 0xFF, 0xC0,
  0x7E, 0x07, 0xE0, 0x3F, 0xFC, 0x07, 0xE0, 0x7E, 0x03, 0xFF, 0xC0, 0x7E,
  0x07, 0xE0, 0x3F, 0xFC, 0x07, 0xE0, 0x7E, 0x03, 0xF0, 0x00, 0x7E, 0x07,
  0xE0, 0x00, 0x00, 0x07, 0xE0, 0x7E, 0x00, 0x00, 0x00, 0x7E, 0x07, 0xE0,
  0x00, 0x00, 0x07, 0xE0, 0x7E, 0x00, 0x00, 0x00, 0x7E, 0x07, 0xE0, 0x00,
  0x00, 0x07, 0xE0, 0x7E, 0x00, 0x00, 0x00, 0x7E, 0x07, 0xE0, 0x00, 0x00,
  0x07, 0xE0, 0x7E, 0x00, 0x00, 0x00, 0x7E, 0x07, 0xE0, 0x00, 0x00, 0x07,
  0xE0, 0x7E, 0x00, 0x00, 0x00, 0x7E, 0x07, 0xE0, 0x00, 0x00, 0x07, 0xE0,
  0x7E, 0x00, 0x00, 0x00, 0x7E, 0x07, 0xE0, 0x00, 0x00, 0x07, 0xE0, 0x7E,
  0x00, 0x00, 0x00, 0x7E, 0x07, 0xE0, 0x00, 0x00, 0x07, 0xE0, 0x7E, 0x00,
  0x00, 0x00, 0x7E, 0x07, 0xE0, 0x00, 0x00, 0x07, 0xE0, 0x7E, 0x00, 0x00,
  0x00, 0x7E, 0x07, 0xE0, 0x00, 0x00, 0x07, 0xE0, 0x7E, 0x00, 0x00, 0x00,
  0x7E, 0x07, 0xE0, 0x00, 0x00, 0x07, 0xE0, 0x00, 0x03, 0xF0, 0x00, 0x7E,
  0x00, 0x00, 0x3F, 0x00, 0x07, 0xE0, 0x00, 0x03, 0xF0, 0x00, 0x7E, 0x00,
  0x00, 0x3F, 0x00, 0x07, 0xE0, 0x00, 0x03, 0xF0, 0x00, 0x7E, 0x00, 0x00,
  0x3F, 0x00, 0x07, 0xE0, 0x00, 0x03, 0xF0, 0x00, 0x7E, 0x00, 0x00, 0x3F,
  0x00, 0x07, 0xE0, 0x00, 0x03, 0xF0, 0x00, 0x7E, 0x00, 0x00, 0x3F, 0x00,
  0x07, 0xE0, 0x00, 0x03, 0xF0, 0x00, 0x7E, 0x00, 0x00, 0x3F, 0x00, 0x07,
  0xE0, 0x00, 0x03, 0xF0, 0x00, 0x7E, 0x00, 0x00, 0x3F, 0x00, 0x07, 0xE0,
  0x00, 0x03, 0xF0, 0x00, 0x7E, 0x00, 0x00, 0x3F, 0x00, 0x07, 0xE0, 0x00,
  0x03, 0xF0, 0x00, 0x7E, 0x00, 0x00, 0x3F, 0x00, 0x07, 0xE0, 0x00, 0x03,
  0xF0, 0x00, 0x7E, 0x00, 0x00, 0x3F, 0x00, 0x07, 0xE0, 0x00, 0x03, 0xFF,
  0xC0, 0x7E, 0x07, 0xE0, 0x3F, 0xFC, 0x07, 0xE0, 0x7E, 0x03, 0xFF, 0xC0,
  0x7E, 0x07, 0xE0, 0x3F, 0xFC, 0x07, 0xE0, 0x7E, 0x03, 0xFF, 0xC0, 0x7E,
  0x07, 0xE0, 0x3F, 0xFC, 0x07, 0xE0, 0x7E, 0x03, 0xFF, 0xC0, 0x7E, 0x07,
  0xE0, 0x3F, 0xFC, 0x07, 0xE0, 0x7E, 0x03, 0xFF, 0xC0, 0x7E, 0x07, 0xE0,
  0x3F, 0xFC, 0x07, 0xE0, 0x7E, 0x03, 0xFF, 0xC0, 0x7E, 0x07, 0xE0, 0x3F,
  0xFC, 0x07, 0xE0, 0x7E, 0x03, 0xFF, 0xC0, 0x7E, 0x07, 0xE0, 0x3F, 0xFC,
  0x07, 0xE0, 0x7E, 0x03, 0xFF, 0xC0, 0x00, 0x00, 0x00, 0x3F, 0xFC, 0x00,
  0x00, 0x00, 0x03, 0xFF, 0xC0, 0x00, 0x00, 0x00, 0x3F, 0xFC, 0x00, 0x00,
  0x00, 0x03, 0xFF, 0xC0, 0x00, 0x00, 0x00, 0x3F, 0xFC, 0x00, 0x00, 0x00,
  0x03, 0xFF, 0xC0, 0x00, 0x00, 0x00, 0x3F, 0xFC, 0x00, 0x00, 0x00, 0x03,
  0xFF, 0xC0, 0x00, 0x00, 0x00, 0x3F, 0xFC, 0x00, 0x00, 0x00, 0x03, 0xFF,
  0xC0, 0x00, 0x00, 0x00, 0x3F, 0xFC, 0x00, 0x00, 0x00, 0x03, 0xFF, 0xC0,
  0x00, 0x00, 0x00, 0x3F, 0xFC, 0x00, 0x00, 0x00, 0x03, 0xFF, 0xC0, 0x00,
  0x00, 0x00, 0x3F, 0xFC, 0x00, 0x00, 0x00, 0x03, 0xFF, 0xC0, 0x00, 0x00,
  0x00, 0x3F, 0xFC, 0x00, 0x00, 0x00, 0x03, 0xFF, 0xC0, 0x00, 0x00, 0x00,
  0x3F, 0xFC, 0x00, 0x00, 0x00, 0x03, 0xFF, 0xC0, 0x00, 0x00, 0x00, 0x3F,
  0x00, 0x00, 0x00, 0x00, 0x00, 0x00, 0x00, 0x00, 0x07, 0xE0, 0x00, 0x03,
  0xF0, 0x00, 0x7E, 0x00, 0x00, 0x3F, 0x00, 0x07, 0xE0, 0x00, 0x03, 0xF0,
  0x00, 0x7E, 0x00, 0x00, 0x3F, 0x00, 0x07, 0xE0, 0x00, 0x03, 0xF0, 0x00,
  0x7E, 0x00, 0x00, 0x3F, 0x00, 0x07, 0xE0, 0x00, 0x03, 0xF0, 0x00, 0x7E,
  0x00, 0x00, 0x3F, 0x00, 0x07, 0xE0, 0x00, 0x03, 0xF0, 0x00, 0x7E, 0x00,
  0x00, 0x3F, 0x00, 0x07, 0xE0, 0x00, 0x03, 0xF0, 0x00, 0x7E, 0x00, 0x00,
  0x3F, 0x00, 0x07, 0xE0, 0x00, 0x03, 0xF0, 0x00, 0x7E, 0x00, 0x00, 0x3F,
  0x00, 0x07, 0xE0, 0x00, 0x03, 0xF0, 0x00, 0x7E, 0x00, 0x00, 0x3F, 0x00,
  0x07, 0xE0, 0x00, 0x03, 0xF0, 0x00, 0x7E, 0x00, 0x00, 0x3F, 0x00, 0x07,
  0xE0, 0x00, 0x03, 0xF0, 0x00, 0x7E, 0x00, 0x00, 0x3F, 0x00, 0x07, 0xE0,
  0x00, 0x03, 0xFF, 0xC0, 0x7E, 0x07, 0xE0, 0x3F, 0xFC, 0x07, 0xE0, 0x7E,
  0x03, 0xFF, 0xC0, 0x7E, 0x07, 0xE0, 0x3F, 0xFC, 0x07, 0xE0, 0x7E, 0x03,
  0xFF, 0xC0, 0x7E, 0x07, 0xE0, 0x3F, 0xFC, 0x07, 0xE0, 0x7E, 0x03, 0xFF,
  0xC0, 0x7E, 0x07, 0xE0, 0x3F, 0xFC, 0x07, 0xE0, 0x7E, 0x03, 0xFF, 0xC0,
  0x7E, 0x07, 0xE0, 0x3F, 0xFC, 0x07, 0xE0, 0x7E, 0x03, 0xFF, 0xC0, 0x7E,
  0x07, 0xE0, 0x3F, 0xFC, 0x07, 0xE0, 0x7E, 0x03, 0xFF, 0xC0, 0x7E, 0x07,
  0xE0, 0x3F, 0xFC, 0x07, 0xE0, 0x7E, 0x03, 0xFF, 0xC0, 0x00, 0x07, 0xE0,
  0x00, 0xFC, 0x00, 0x00, 0x7E, 0x00, 0x0F, 0xC0, 0x00, 0x07, 0xE0, 0x00,
  0xFC, 0x00, 0x00, 0x7E, 0x00, 0x0F, 0xC0, 0x00, 0x07, 0xE0, 0x00, 0xFC,
  0x00, 0x00, 0x7E, 0x00, 0x0F, 0xC0, 0x00, 0x07, 0xE0, 0x00, 0xFC, 0x00,
  0x00, 0x7E, 0x00, 0x0F, 0xC0, 0x00, 0x07, 0xE0, 0x00, 0xFC, 0x00, 0x00,
  0x7E, 0x00, 0x0F, 0xC0, 0x00, 0x07, 0xE0, 0x00, 0xFC, 0x00, 0x00, 0x7E,
  0x00, 0x0F, 0xC0, 0x00, 0x07, 0xE0, 0x00, 0xFC, 0x00, 0x00, 0x7E, 0x00,
  0x0F, 0xC0, 0x00, 0x07, 0xE0, 0x00, 0xFC, 0x00, 0x00, 0x7E, 0x00, 0x0F,
  0xC0, 0x00, 0x07, 0xE0, 0x00, 0xFC, 0x00, 0x00, 0x7E, 0x00, 0x0F, 0xC0,
  0x00, 0x07, 0xE0, 0x00, 0xFC, 0x00, 0x00, 0x7E, 0x00, 0x0F, 0xC0, 0x00,
  0x07, 0xE0, 0x00, 0x00, 0x07, 0xE0, 0x00, 0x03, 0xF0, 0x00, 0x7E, 0x00,
  0x00, 0x3F, 0x00, 0x07, 0xE0, 0x00, 0x03, 0xF0, 0x00, 0x7E, 0x00, 0x00,
  0x3F, 0x00, 0x07, 0xE0, 0x00, 0x03, 0xF0, 0x00, 0x7E, 0x00, 0x00, 0x3F,
  0x00, 0x07, 0xE0, 0x00, 0x03, 0xF0, 0x00, 0x7E, 0x00, 0x00, 0x3F, 0x00,
  0x07, 0xE0, 0x00, 0x03, 0xF0, 0x00, 0x7E, 0x00, 0x00, 0x3F, 0x00, 0x07,
  0xE0, 0x00, 0x03, 0xF0, 0x00, 0x7E, 0x00, 0x00, 0x3F, 0x00, 0x07, 0xE0,
  0x00, 0x03, 0xF0, 0x00, 0x7E, 0x00, 0x00, 0x3F, 0x00, 0x07, 0xE0, 0x00,
  0x03, 0xF0, 0x00, 0x7E, 0x00, 0x00, 0x3F, 0x00, 0x07, 0xE0, 0x00, 0x03,
  0xF0, 0x00, 0x7E, 0x00, 0x00, 0x3F, 0x00, 0x07, 0xE0, 0x00, 0x03, 0xF0,
  0x00, 0x7E, 0x00, 0x00, 0x3F, 0x00, 0x07, 0xE0, 0x00, 0x03, 0xFF, 0xC0,
  0x7E, 0x07, 0xE0, 0x3F, 0xFC, 0x07, 0xE0, 0x7E, 0x03, 0xFF, 0xC0, 0x7E,
  0x07, 0xE0, 0x3F, 0xFC, 0x07, 0xE0, 0x7E, 0x03, 0xFF, 0xC0, 0x7E, 0x07,
  0xE0, 0x3F, 0xFC, 0x07, 0xE0, 0x7E, 0x03, 0xFF, 0xC0, 0x7E, 0x07, 0xE0,
  0x3F, 0xFC, 0x07, 0xE0, 0x7E, 0x03, 0xFF, 0xC0, 0x7E, 0x07, 0xE0, 0x3F,
  0xFC, 0x07, 0xE0, 0x7E, 0x03, 0xFF, 0xC0, 0x7E, 0x07, 0xE0, 0x3F, 0xFC,
  0x07, 0xE0, 0x7E, 0x03, 0xFF, 0xC0, 0x7E, 0x07, 0xE0, 0x3F, 0xFC, 0x07,
  0xE0, 0x7E, 0x03, 0xFF, 0xC0, 0x7E, 0x00, 0x00, 0x00, 0xFC, 0x07, 0xE0,
  0x00, 0x00, 0x0F, 0xC0, 0x7E, 0x00, 0x00, 0x00, 0xFC, 0x07, 0xE0, 0x00,
  0x00, 0x0F, 0xC0, 0x7E, 0x00, 0x00, 0x00, 0xFC, 0x07, 0xE0, 0x00, 0x00,
  0x0F, 0xC0, 0x7E, 0x00, 0x00, 0x00, 0xFC, 0x07, 0xE0, 0x00, 0x00, 0x0F,
  0xC0, 0x7E, 0x00, 0x00, 0x00, 0xFC, 0x07, 0xE0, 0x00, 0x00, 0x0F, 0xC0,
  0x7E, 0x00, 0x00, 0x00, 0xFC, 0x07, 0xE0, 0x00, 0x00, 0x0F, 0xC0, 0x7E,
  0x00, 0x00, 0x00, 0xFC, 0x07, 0xE0, 0x00, 0x00, 0x0F, 0xC0, 0x7E, 0x00,
  0x00, 0x00, 0xFC, 0x07, 0xE0, 0x00, 0x00, 0x0F, 0xC0, 0x7E, 0x00, 0x00,
  0x00, 0xFC, 0x07, 0xE0, 0x00, 0x00, 0x0F, 0xC0, 0x7E, 0x00, 0x00, 0x00,
  0xFC, 0x07, 0xE0, 0x00, 0x00, 0x0F, 0xC0, 0x7E, 0x00, 0x00, 0x00, 0x00,
  0x07, 0xE0, 0x7E, 0x00, 0x00, 0x00, 0x7E, 0x07, 0xE0, 0x00, 0x00, 0x07,
  0xE0, 0x7E, 0x00, 0x00, 0x00, 0x7E, 0x07, 0xE0, 0x00, 0x00, 0x07, 0xE0,
  0x7E, 0x00, 0x00, 0x00, 0x7E, 0x07, 0xE0, 0x00, 0x00, 0x07, 0xE0, 0x7E,
  0x00, 0x00, 0x00, 0x7E, 0x07, 0xE0, 0x00, 0x00, 0x07, 0xE0, 0x7E, 0x00,
  0x00, 0x00, 0x7E, 0x07, 0xE0, 0x00, 0x00, 0x07, 0xE0, 0x7E, 0x00, 0x00,
  0x00, 0x7E, 0x07, 0xE0, 0x00, 0x00, 0x07, 0xE0, 0x7E, 0x00, 0x00, 0x00,
  0x7E, 0x07, 0xE0, 0x00, 0x00, 0x07, 0xE0, 0x7E, 0x00, 0x00, 0x00, 0x7E,
  0x07, 0xE0, 0x00, 0x00, 0x07, 0xE0, 0x7E, 0x00, 0x00, 0x00, 0x7E, 0x07,
  0xE0, 0x00, 0x00, 0x07, 0xE0, 0x7E, 0x00, 0x00, 0x00, 0x7E, 0x07, 0xE0,
  0x00, 0x00, 0x07, 0xE0, 0x7E, 0x00, 0x0F, 0xC0, 0x7E, 0x07, 0xE0, 0x3F,
  0xFC, 0x07, 0xE0, 0x7E, 0x03, 0xFF, 0xC0, 0x7E, 0x07, 0xE0, 0x3F, 0xFC,
  0x07, 0xE0, 0x7E, 0x03, 0xFF, 0xC0, 0x7E, 0x07, 0xE0, 0x3F, 0xFC, 0x07,
  0xE0, 0x7E, 0x03, 0xFF, 0xC0, 0x7E, 0x07, 0xE0, 0x3F, 0xFC, 0x07, 0xE0,
  0x7E, 0x03, 0xFF, 0xC0, 0x7E, 0x07, 0xE0, 0x3F, 0xFC, 0x07, 0xE0, 0x7E,
  0x03, 0xFF, 0xC0, 0x7E, 0x07, 0xE0, 0x3F, 0xFC, 0x07, 0xE0, 0x7E, 0x03,
  0xFF, 0xC0, 0x7E, 0x07, 0xE0, 0x3F, 0xFC, 0x07, 0xE0, 0x7E, 0x03, 0xF0,
  0x00, 0x00, 0x07, 0xE0, 0x3F, 0x00, 0x00, 0x00, 0x7E, 0x03, 0xF0, 0x00,
  0x00, 0x07, 0xE0, 0x3F, 0x00, 0x00, 0x00, 0x7E, 0x03, 0xF0, 0x00, 0x00,
  0x07, 0xE0, 0x3F, 0x00, 0x00, 0x00, 0x7E, 0x03, 0xF0, 0x00, 0x00, 0x07,
  0xE0, 0x3F, 0x00, 0x00, 0x00, 0x7E, 0x03, 0xF0, 0x00, 0x00, 0x07, 0xE0,
  0x3F, 0x00, 0x00, 0x00, 0x7E, 0x03, 0xF0, 0x00, 0x00, 0x07, 0xE0, 0x3F,
  0x00, 0x00, 0x00, 0x7E, 0x03, 0xF0, 0x00, 0x00, 0x07, 0xE0, 0x3F, 0x00,
  0x00, 0x00, 0x7E, 0x03, 0xF0, 0x00, 0x00, 0x07, 0xE0, 0x3F, 0x00, 0x00,
  0x00, 0x7E, 0x03, 0xF0, 0x00, 0x00, 0x07, 0xE0, 0x3F, 0x00, 0x00, 0x00,
  0x7E, 0x03, 0xF0, 0x00, 0x00, 0x07, 0xE0, 0x3F, 0x00, 0x00, 0x00, 0x7E,
  0x03, 0xF0, 0x00, 0x00, 0x07, 0xE0, 0x3F, 0x00, 0x07, 0xE0, 0x7E, 0x00,
  0x00, 0x00, 0x7E, 0x07, 0xE0, 0x00, 0x00, 0x07, 0xE0, 0x7E, 0x00, 0x00,
  0x00, 0x7E, 0x07, 0xE0, 0x00, 0x00, 0x07, 0xE0, 0x7E, 0x00, 0x00, 0x00,
  0x7E, 0x07, 0xE0, 0x00, 0x00, 0x07, 0xE0, 0x7E, 0x00, 0x00, 0x00, 0x7E,
  0x07, 0xE0, 0x00, 0x00, 0x07, 0xE0, 0x7E, 0x00, 0x00, 0x00, 0x7E, 0x07,
  0xE0, 0x00, 0x00, 0x07, 0xE0, 0x7E, 0x00, 0x00, 0x00, 0x7E, 0x07, 0xE0,
  0x00, 0x00, 0x07, 0xE0, 0x7E, 0x00, 0x00, 0x00, 0x7E, 0x07, 0xE0, 0x00,
  0x00, 0x07, 0xE0, 0x7E, 0x00, 0x00, 0x00, 0x7E, 0x07, 0xE0, 0x00, 0x00,
  0x07, 0xE0, 0x7E, 0x00, 0x00, 0x00, 0x7E, 0x07, 0xE0, 0x00, 0x00, 0x07,
  0xE0, 0x7E, 0x00, 0x00, 0x00, 0x7E, 0x07, 0xE0, 0x00, 0x00, 0x07, 0xE0,
  0x7E, 0x00, 0x0F, 0xC0, 0x7E, 0x07, 0xE0, 0x3F, 0xFC, 0x07, 0xE0, 0x7E,
  0x03, 0xFF, 0xC0, 0x7E, 0x07, 0xE0, 0x3F, 0xFC, 0x07, 0xE0, 0x7E, 0x03,
  0xFF, 0xC0, 0x7E, 0x07, 0xE0, 0x3F, 0xFC, 0x07, 0xE0, 0x7E, 0x03, 0xFF,
  0xC0, 0x7E, 0x07, 0xE0, 0x3F, 0xFC, 0x07, 0xE0, 0x7E, 0x03, 0xFF, 0xC0,
  0x7E, 0x07, 0xE0, 0x3F, 0xFC, 0x07, 0xE0, 0x7E, 0x03, 0xFF, 0xC0, 0x7E,
  0x07, 0xE0, 0x3F, 0xFC, 0x07, 0xE0, 0x7E, 0x03, 0xFF, 0xC0, 0x7E, 0x07,
  0xE0, 0x3F, 0xFC, 0x07, 0xE0, 0x7E, 0x03, 0xF0, 0x00, 0x7E, 0x00, 0x00,
  0x3F, 0x00, 0x07, 0xE0, 0x00, 0x03, 0xF0, 0x00, 0x7E, 0x00, 0x00, 0x3F,
  0x00, 0x07, 0xE0, 0x00, 0x03, 0xF0, 0x00, 0x7E, 0x00, 0x00, 0x3F, 0x00,
  0x07, 0xE0, 0x00, 0x03, 0xF0, 0x00, 0x7E, 0x00, 0x00, 0x3F, 0x00, 0x07,
  0xE0, 0x00, 0x03, 0xF0, 0x00, 0x7E, 0x00, 0x00, 0x3F, 0x00, 0x07, 0xE0,
  0x00, 0x03, 0xF0, 0x00, 0x7E, 0x00, 0x00, 0x3F, 0x00, 0x07, 0xE0, 0x00,
  0x03, 0xF0, 0x00, 0x7E, 0x00, 0x00, 0x3F, 0x00, 0x07, 0xE0, 0x00, 0x03,
  0xF0, 0x00, 0x7E, 0x00, 0x00, 0x3F, 0x00, 0x07, 0xE0, 0x00, 0x03, 0xF0,
  0x00, 0x7E, 0x00, 0x00, 0x3F, 0x00, 0x07, 0xE0, 0x00, 0x03, 0xF0, 0x00,
  0x7E, 0x00, 0x00, 0x3F, 0x00, 0x07, 0xE0, 0x00, 0x03, 0xF0, 0x00, 0x7E,
  0x00, 0x00, 0x3F, 0x00, 0x07, 0xE0, 0x7E, 0x00, 0x00, 0x00, 0x7E, 0x07,
  0xE0, 0x00, 0x00, 0x07, 0xE0, 0x7E, 0x00, 0x00, 0x00, 0x7E, 0x07, 0xE0,
  0x00, 0x00, 0x07, 0xE0, 0x7E, 0x00, 0x00, 0x00, 0x7E, 0x07, 0xE0, 0x00,
  0x00, 0x07, 0xE0, 0x7E, 0x00, 0x00, 0x00, 0x7E, 0x07, 0xE0, 0x00, 0x00,
  0x07, 0xE0, 0x7E, 0x00, 0x00, 0x00, 0x7E, 0x07, 0xE0, 0x00, 0x00, 0x07,
  0xE0, 0x7E, 0x00, 0x00, 0x00, 0x7E, 0x07, 0xE0, 0x00, 0x00, 0x07, 0xE0,
  0x7E, 0x00, 0x00, 0x00, 0x7E, 0x07, 0xE0, 0x00, 0x00, 0x07, 0xE0, 0x7E,
  0x00, 0x00, 0x00, 0x7E, 0x07, 0xE0, 0x00, 0x00, 0x07, 0xE0, 0x7E, 0x00,
  0x00, 0x00, 0x7E, 0x07, 0xE0, 0x00, 0x00, 0x07, 0xE0, 0x7E, 0x00, 0x00,
  0x00, 0x7E, 0x07, 0xE0, 0x00, 0x00, 0x07, 0xE0, 0x7E, 0x00, 0x0F, 0xC0,
  0x7E, 0x07, 0xE0, 0x3F, 0xFC, 0x07, 0xE0, 0x7E, 0x03, 0xFF, 0xC0, 0x7E,
  0x07, 0xE0, 0x3F, 0xFC, 0x07, 0xE0, 0x7E, 0x03, 0xFF, 0xC0, 0x7E, 0x07,
  0xE0, 0x3F, 0xFC, 0x07, 0xE0, 0x7E, 0x03, 0xFF, 0xC0, 0x7E, 0x07, 0xE0,
  0x3F, 0xFC, 0x07, 0xE0, 0x7E, 0x03, 0xFF, 0xC0, 0x7E, 0x07, 0xE0, 0x3F,
  0xFC, 0x07, 0xE0, 0x7E, 0x03, 0xFF, 0xC0, 0x7E, 0x07, 0xE0, 0x3F, 0xFC,
  0x07, 0xE0, 0x7E, 0x03, 0xFF, 0xC0, 0x7E, 0x07, 0xE0, 0x3F, 0xFC, 0x07,
  0xE0, 0x7E, 0x03, 0xF0, 0x00, 0x7E, 0x07, 0xE0, 0x00, 0x00, 0x07, 0xE0,
  0x7E, 0x00, 0x00, 0x00, 0x7E, 0x07, 0xE0, 0x00, 0x00, 0x07, 0xE0, 0x7E,
  0x00, 0x00, 0x00, 0x7E, 0x07, 0xE0, 0x00, 0x00, 0x07, 0xE0, 0x7E, 0x00,
  0x00, 0x00, 0x7E, 0x07, 0xE0, 0x00, 0x00, 0x07, 0xE0, 0x7E, 0x00, 0x00,
  0x00, 0x7E, 0x07, 0xE0, 0x00, 0x00, 0x07, 0xE0, 0x7E, 0x00, 0x00, 0x00,
  0x7E, 0x07, 0xE0, 0x00, 0x00, 0x07, 0xE0, 0x7E, 0x00, 0x00, 0x00, 0x7E,
  0x07, 0xE0, 0x00, 0x00, 0x07, 0xE0, 0x7E, 0x00, 0x00, 0x00, 0x7E, 0x07,
  0xE0, 0x00, 0x00, 0x07, 0xE0, 0x7E, 0x00, 0x00, 0x00, 0x7E, 0x07, 0xE0,
  0x00, 0x00, 0x07, 0xE0, 0x7E, 0x00, 0x00, 0x00, 0x7E, 0x07, 0xE0, 0x00,
  0x00, 0x07, 0xE0, 0x7E, 0x00, 0x00, 0x00, 0x7E, 0x07, 0xE0, 0x00, 0x00,
  0x07, 0xE0, 0x7E, 0x00, 0x00, 0x00, 0x7E, 0x07, 0xE0, 0x00, 0x00, 0x07,
  0xE0, 0x7E, 0x00, 0x00, 0x00, 0x7E, 0x07, 0xE0, 0x00, 0x00, 0x07, 0xE0,
  0x7E, 0x00, 0x00, 0x00, 0x7E, 0x07, 0xE0, 0x00, 0x00, 0x07, 0xE0, 0x7E,
  0x00, 0x00, 0x00, 0x7E, 0x07, 0xE0, 0x00, 0x00, 0x07, 0xE0, 0x7E, 0x00,
  0x00, 0x00, 0x7E, 0x07, 0xE0, 0x00, 0x00, 0x07, 0xE0, 0x7E, 0x00, 0x00,
  0x00, 0x7E, 0x07, 0xE0, 0x00, 0x00, 0x07, 0xE0, 0x7E, 0x00, 0x00, 0x00,
  0x7E, 0x07, 0xE0, 0x00, 0x00, 0x07, 0xE0, 0x7E, 0x00, 0x00, 0x00, 0x7E,
  0x07, 0xE0, 0x00, 0x00, 0x07, 0xE0, 0x7E, 0x00, 0x00, 0x00, 0x7E, 0x07,
  0xE0, 0x00, 0x00, 0x07, 0xE0, 0x7E, 0x00, 0x00, 0x00, 0x7E, 0x07, 0xE0,
  0x00, 0x00, 0x07, 0xE0, 0x7E, 0x00, 0x0F, 0xC0, 0x7E, 0x07, 0xE0, 0x3F,
  0xFC, 0x07, 0xE0, 0x7E, 0x03, 0xFF, 0xC0, 0x7E, 0x07, 0xE0, 0x3F, 0xFC,
  0x07, 0xE0, 0x7E, 0x03, 0xFF, 0xC0, 0x7E, 0x07, 0xE0, 0x3F, 0xFC, 0x07,
  0xE0, 0x7E, 0x03, 0xFF, 0xC0, 0x7E, 0x07, 0xE0, 0x3F, 0xFC, 0x07, 0xE0,
  0x7E, 0x03, 0xFF, 0xC0, 0x7E, 0x07, 0xE0, 0x3F, 0xFC, 0x07, 0xE0, 0x7E,
  0x03, 0xFF, 0xC0, 0x7E, 0x07, 0xE0, 0x3F, 0xFC, 0x07, 0xE0, 0x7E, 0x03,
  0xFF, 0xC0, 0x7E, 0x07, 0xE0, 0x3F, 0xFC, 0x07, 0xE0, 0x7E, 0x03, 0xFF,
  0xC0, 0x00, 0x00, 0x00, 0x3F, 0xFC, 0x00, 0x00, 0x00, 0x03, 0xFF, 0xC0,
  0x00, 0x00, 0x00, 0x3F, 0xFC, 0x00, 0x00, 0x00, 0x03, 0xFF, 0xC0, 0x00,
  0x00, 0x00, 0x3F, 0xFC, 0x00, 0x00, 0x00, 0x03, 0xFF, 0xC0, 0x00, 0x00,
  0x00, 0x3F, 0xFC, 0x00, 0x00, 0x00, 0x03, 0xFF, 0xC0, 0x00, 0x00, 0x00,
  0x3F, 0xFC, 0x00, 0x00, 0x00, 0x03, 0xFF, 0xC0, 0x00, 0x00, 0x00, 0x3F,
  0xFC, 0x00, 0x00, 0x00, 0x03, 0xFF, 0xC0, 0x00, 0x00, 0x00, 0x3F, 0xFC,
  0x00, 0x00, 0x00, 0x03, 0xFF, 0xC0, 0x00, 0x00, 0x00, 0x3F, 0xFC, 0x00,
  0x00, 0x00, 0x03, 0xFF, 0xC0, 0x00, 0x00, 0x00, 0x3F, 0xFC, 0x00, 0x00,
  0x00, 0x03, 0xFF, 0xC0, 0x00, 0x00, 0x00, 0x3F, 0xFC, 0x00, 0x00, 0x00,
  0x03, 0xFF, 0xC0, 0x00, 0x00, 0x00, 0x3F, 0x00, 0x07, 0xE0, 0x7E, 0x00,
  0x00, 0x00, 0x7E, 0x07, 0xE0, 0x00, 0x00, 0x07, 0xE0, 0x7E, 0x00, 0x00,
  0x00, 0x7E, 0x07, 0xE0, 0x00, 0x00, 0x07, 0xE0, 0x7E, 0x00, 0x00, 0x00,
  0x7E, 0x07, 0xE0, 0x00, 0x00, 0x07, 0xE0, 0x7E, 0x00, 0x00, 0x00, 0x7E,
  0x07, 0xE0, 0x00, 0x00, 0x07, 0xE0, 0x7E, 0x00, 0x00, 0x00, 0x7E, 0x07,
  0xE0, 0x00, 0x00, 0x07, 0xE0, 0x7E, 0x00, 0x00, 0x00, 0x7E, 0x07, 0xE0,
  0x00, 0x00, 0x07, 0xE0, 0x7E, 0x00, 0x00, 0x00, 0x7E, 0x07, 0xE0, 0x00,
  0x00, 0x07, 0xE0, 0x7E, 0x00, 0x00, 0x00, 0x7E, 0x07, 0xE0, 0x00, 0x00,
  0x07, 0xE0, 0x7E, 0x00, 0x00, 0x00, 0x7E, 0x07, 0xE0, 0x00, 0x00, 0x07,
  0xE0, 0x7E, 0x00, 0x00, 0x00, 0x7E, 0x07, 0xE0, 0x00, 0x00, 0x07, 0xE0,
  0x7E, 0x00, 0x0F, 0xC0, 0x7E, 0x07, 0xE0, 0x3F, 0xFC, 0x07, 0xE0, 0x7E,
  0x03, 0xFF, 0xC0, 0x7E, 0x07, 0xE0, 0x3F, 0xFC, 0x07, 0xE0, 0x7E, 0x03,
  0xFF, 0xC0, 0x7E, 0x07, 0xE0, 0x3F, 0xFC, 0x07, 0xE0, 0x7E, 0x03, 0xFF,
  0xC0, 0x7E, 0x07, 0xE0, 0x3F, 0xFC, 0x07, 0xE0, 0x7E, 0x03, 0xFF, 0xC0,
  0x7E, 0x07, 0xE0, 0x3F, 0xFC, 0x07, 0xE0, 0x7E, 0x03, 0xFF, 0xC0, 0x7E,
  0x07, 0xE0, 0x3F, 0xFC, 0x07, 0xE0, 0x7E, 0x03, 0xFF, 0xC0, 0x7E, 0x07,
  0xE0, 0x3F, 0xFC, 0x07, 0xE0, 0x7E, 0x03, 0xFF, 0xC0, 0x00, 0x07, 0xE0,
  0x00, 0xFC, 0x00, 0x00, 0x7E, 0x00, 0x0F, 0xC0, 0x00, 0x07, 0xE0, 0x00,
  0xFC, 0x00, 0x00, 0x7E, 0x00, 0x0F, 0xC0, 0x00, 0x07, 0xE0, 0x00, 0xFC,
  0x00, 0x00, 0x7E, 0x00, 0x0F, 0xC0, 0x00, 0x07, 0xE0, 0x00, 0xFC, 0x00,
  0x00, 0x7E, 0x00, 0x0F, 0xC0, 0x00, 0x07, 0xE0, 0x00, 0xFC, 0x00, 0x00,
  0x7E, 0x00, 0x0F, 0xC0, 0x00, 0x07, 0xE0, 0x00, 0xFC, 0x00, 0x00, 0x7E,
  0x00, 0x0F, 0xC0, 0x00, 0x07, 0xE0, 0x00, 0xFC, 0x00, 0x00, 0x7E, 0x00,
  0x0F, 0xC0, 0x00, 0x07, 0xE0, 0x00, 0xFC, 0x00, 0x00, 0x7E, 0x00, 0x0F,
  0xC0, 0x00, 0x07, 0xE0, 0x00, 0xFC, 0x00, 0x00, 0x7E, 0x00, 0x0F, 0xC0,
  0x00, 0x07, 0xE0, 0x00, 0xFC, 0x00, 0x00, 0x7E, 0x00, 0x0F, 0xC0, 0x00,
  0x07, 0xE0, 0x00, 0x00, 0x07, 0xE0, 0x7E, 0x00, 0x00, 0x00, 0x7E, 0x07,
  0xE0, 0x00, 0x00, 0x07, 0xE0, 0x7E, 0x00, 0x00, 0x00, 0x7E, 0x07, 0xE0,
  0x00, 0x00, 0x07, 0xE0, 0x7E, 0x00, 0x00, 0x00, 0x7E, 0x07, 0xE0, 0x00,
  0x00, 0x07, 0xE0, 0x7E, 0x00, 0x00, 0x00, 0x7E, 0x07, 0xE0, 0x00, 0x00,
  0x07, 0xE0, 0x7E, 0x00, 0x00, 0x00, 0x7E, 0x07, 0xE0, 0x00, 0x00, 0x07,
  0xE0, 0x7E, 0x00, 0x00, 0x00, 0x7E, 0x07, 0xE0, 0x00, 0x00, 0x07, 0xE0,
  0x7E, 0x00, 0x00, 0x00, 0x7E, 0x07, 0xE0, 0x00, 0x00, 0x07, 0xE0, 0x7E,
  0x00, 0x00, 0x00, 0x7E, 0x07, 0xE0, 0x00, 0x00, 0x07, 0xE0, 0x7E, 0x00,
  0x00, 0x00, 0x7E, 0x07, 0xE0, 0x00, 0x00, 0x07, 0xE0, 0x7E, 0x00, 0x00,
  0x00, 0x7E, 0x07, 0xE0, 0x00, 0x00, 0x07, 0xE0, 0x7E, 0x00, 0x0F, 0xC0,
  0x7E, 0x07, 0xE0, 0x3F, 0xFC, 0x07, 0xE0, 0x7E, 0x03, 0xFF, 0xC0, 0x7E,
  0x07, 0xE0, 0x3F, 0xFC, 0x07, 0xE0, 0x7E, 0x03, 0xFF, 0xC0, 0x7E, 0x07,
  0xE0, 0x3F, 0xFC, 0x07, 0xE0, 0x7E, 0x03, 0xFF, 0xC0, 0x7E, 0x07, 0xE0,
  0x3F, 0xFC, 0x07, 0xE0, 0x7E, 0x03, 0xFF, 0xC0, 0x7E, 0x07, 0xE0, 0x3F,
  0xFC, 0x07, 0xE0, 0x7E, 0x03, 0xFF, 0xC0, 0x7E, 0x07, 0xE0, 0x3F, 0xFC,
  0x07, 0xE0, 0x7E, 0x03, 0xFF, 0xC0, 0x7E, 0x07, 0xE0, 0x3F, 0xFC, 0x07,
  0xE0, 0x7E, 0x03, 0xFF, 0xC0, 0x7E, 0x00, 0x00, 0x00, 0xFC, 0x07, 0xE0,
  0x00, 0x00, 0x0F, 0xC0, 0x7E, 0x00, 0x00, 0x00, 0xFC, 0x07, 0xE0, 0x00,
  0x00, 0x0F, 0xC0, 0x7E, 0x00, 0x00, 0x00, 0xFC, 0x07, 0xE0, 0x00, 0x00,
  0x0F, 0xC0, 0x7E, 0x00, 0x00, 0x00, 0xFC, 0x07, 0xE0, 0x00, 0x00, 0x0F,
  0xC0, 0x7E, 0x00, 0x00, 0x00, 0xFC, 0x07, 0xE0, 0x00, 0x00, 0x0F, 0xC0,
  0x7E, 0x00, 0x00, 0x00, 0xFC, 0x07, 0xE0, 0x00, 0x00, 0x0F, 0xC0, 0x7E,
  0x00, 0x00, 0x00, 0xFC, 0x07, 0xE0, 0x00, 0x00, 0x0F, 0xC0, 0x7E, 0x00,
  0x00, 0x00, 0xFC, 0x07, 0xE0, 0x00, 0x00, 0x0F, 0xC0, 0x7E, 0x00, 0x00,
  0x00, 0xFC, 0x07, 0xE0, 0x00, 0x00, 0x0F, 0xC0, 0x7E, 0x00, 0x00, 0x00,
  0xFC, 0x07, 0xE0, 0x00, 0x00, 0x0F, 0xC0, 0x7E, 0x00, 0x00, 0x00, 0xFC,
  0x00, 0x00, 0x00, 0x03, 0xFF, 0xC0, 0x00, 0x00, 0x00, 0x3F, 0xFC, 0x00,
  0x00, 0x00, 0x03, 0xFF, 0xC0, 0x00, 0x00, 0x00, 0x3F, 0xFC, 0x00, 0x00,
  0x00, 0x03, 0xFF, 0xC0, 0x00, 0x00, 0x00, 0x3F, 0xFC, 0x00, 0x00, 0x00,
  0x03, 0xFF, 0xC0, 0x00, 0x00, 0x00, 0x3F, 0xFC, 0x00, 0x00, 0x00, 0x03,
  0xFF, 0xC0, 0x00, 0x00, 0x00, 0x3F, 0xFC, 0x00, 0x00, 0x00, 0x03, 0xFF,
  0xC0, 0x00, 0x00, 0x00, 0x3F, 0xFC, 0x00, 0x00, 0x00, 0x03, 0xFF, 0xC0,
  0x00, 0x00, 0x00, 0x3F, 0xFC, 0x00, 0x00, 0x00, 0x03, 0xFF, 0xC0, 0x00,
  0x00, 0x00, 0x3F, 0xFC, 0x00, 0x00, 0x00, 0x03, 0xFF, 0xC0, 0x00, 0x00,
  0x00, 0x3F, 0xFC, 0x00, 0x00, 0x00, 0x03, 0xFF, 0xC0, 0x00, 0x00, 0x00,
  0x3F, 0xFC, 0x00, 0x00, 0x00, 0x03, 0xFF, 0xC0, 0x7E, 0x07, 0xE0, 0x3F,
  0xFC, 0x07, 0xE0, 0x7E, 0x03, 0xFF, 0xC0, 0x7E, 0x07, 0xE0, 0x3F, 0xFC,
  0x07, 0xE0, 0x7E, 0x03, 0xFF, 0xC0, 0x7E, 0x07, 0xE0, 0x3F, 0xFC, 0x07,
  0xE0, 0x7E, 0x03, 0xFF, 0xC0, 0x7E, 0x07, 0xE0, 0x3F, 0xFC, 0x07, 0xE0,
  0x7E, 0x03, 0xFF, 0xC0, 0x7E, 0x07, 0xE0, 0x3F, 0xFC, 0x07, 0xE0, 0x7E,
  0x03, 0xFF, 0xC0, 0x7E, 0x07, 0xE0, 0x3F, 0xFC, 0x07, 0xE0, 0x7E, 0x03,
  0xFF, 0xC0, 0x7E, 0x07, 0xE0, 0x3F, 0xFC, 0x07, 0xE0, 0x7E, 0x03, 0xF0,
  0x00, 0x00, 0x07, 0xE0, 0x3F, 0x00, 0x00, 0x00, 0x7E, 0x03, 0xF0, 0x00,
  0x00, 0x07, 0xE0, 0x3F, 0x00, 0x00, 0x00, 0x7E, 0x03, 0xF0, 0x00, 0x00,
  0x07, 0xE0, 0x3F, 0x00, 0x00, 0x00, 0x7E, 0x03, 0xF0, 0x00, 0x00, 0x07,
  0xE0, 0x3F, 0x00, 0x00, 0x00, 0x7E, 0x03, 0xF0, 0x00, 0x00, 0x07, 0xE0,
  0x3F, 0x00, 0x00, 0x00, 0x7E, 0x03, 0xF0, 0x00, 0x00, 0x07, 0xE0, 0x3F,
  0x00, 0x00, 0x00, 0x7E, 0x03, 0xF0, 0x00, 0x00, 0x07, 0xE0, 0x3F, 0x00,
  0x00, 0x00, 0x7E, 0x03, 0xF0, 0x00, 0x00, 0x07, 0xE0, 0x3F, 0x00, 0x00,
  0x00, 0x7E, 0x03, 0xF0, 0x00, 0x00, 0x07, 0xE0, 0x3F, 0x00, 0x00, 0x00,
  0x7E, 0x03, 0xF0, 0x00, 0x00, 0x07, 0xE0, 0x3F, 0x00, 0x00, 0x00, 0x7E,
  0x03, 0xF0, 0x00, 0x00, 0x07, 0xE0, 0x3F, 0xFC, 0x00, 0x00, 0x00, 0x03,
  0xFF, 0xC0, 0x00, 0x00, 0x00, 0x3F, 0xFC, 0x00, 0x00, 0x00, 0x03, 0xFF,
  0xC0, 0x00, 0x00, 0x00, 0x3F, 0xFC, 0x00, 0x00, 0x00, 0x03, 0xFF, 0xC0,
  0x00, 0x00, 0x00, 0x3F, 0xFC, 0x00, 0x00, 0x00, 0x03, 0xFF, 0xC0, 0x00,
  0x00, 0x00, 0x3F, 0xFC, 0x00, 0x00, 0x00, 0x03, 0xFF, 0xC0, 0x00, 0x00,
  0x00, 0x3F, 0xFC, 0x00, 0x00, 0x00, 0x03, 0xFF, 0xC0, 0x00, 0x00, 0x00,
  0x3F, 0xFC, 0x00, 0x00, 0x00, 0x03, 0xFF, 0xC0, 0x00, 0x00, 0x00, 0x3F,
  0xFC, 0x00, 0x00, 0x00, 0x03, 0xFF, 0xC0, 0x00, 0x00, 0x00, 0x3F, 0xFC,
  0x00, 0x00, 0x00, 0x03, 0xFF, 0xC0, 0x00, 0x00, 0x00, 0x3F, 0xFC, 0x00,
  0x00, 0x00, 0x03, 0xFF, 0xC0, 0x00, 0x00, 0x00, 0x3F, 0xFC, 0x00, 0x00,
  0x00, 0x03, 0xFF, 0xC0, 0x7E, 0x07, 0xE0, 0x3F, 0xFC, 0x07, 0xE0, 0x7E,
  0x03, 0xFF, 0xC0, 0x7E, 0x07, 0xE0, 0x3F, 0xFC, 0x07, 0xE0, 0x7E, 0x03,
  0xFF, 0xC0, 0x7E, 0x07, 0xE0, 0x3F, 0xFC, 0x07, 0xE0, 0x7E, 0x03, 0xFF,
  0xC0, 0x7E, 0x07, 0xE0, 0x3F, 0xFC, 0x07, 0xE0, 0x7E, 0x03, 0xFF, 0xC0,
  0x7E, 0x07, 0xE0, 0x3F, 0xFC, 0x07, 0xE0, 0x7E, 0x03, 0xFF, 0xC0, 0x7E,
  0x07, 0xE0, 0x3F, 0xFC, 0x07, 0xE0, 0x7E, 0x03, 0xFF, 0xC0, 0x7E, 0x07,
  0xE0, 0x3F, 0xFC, 0x07, 0xE0, 0x7E, 0x03, 0xF0, 0x00, 0x7E, 0x00, 0x00,
  0x3F, 0x00, 0x07, 0xE0, 0x00, 0x03, 0xF0, 0x00, 0x7E, 0x00, 0x00, 0x3F,
  0x00, 0x07, 0xE0, 0x00, 0x03, 0xF0, 0x00, 0x7E, 0x00, 0x00, 0x3F, 0x00,
  0x07, 0xE0, 0x00, 0x03, 0xF0, 0x00, 0x7E, 0x00, 0x00, 0x3F, 0x00, 0x07,
  0xE0, 0x00, 0x03, 0xF0, 0x00, 0x7E, 0x00, 0x00, 0x3F, 0x00, 0x07, 0xE0,
  0x00, 0x03, 0xF0, 0x00, 0x7E, 0x00, 0x00, 0x3F, 0x00, 0x07, 0xE0, 0x00,
  0x03, 0xF0, 0x00, 0x7E, 0x00, 0x00, 0x3F, 0x00, 0x07, 0xE0, 0x00, 0x03,
  0xF0, 0x00, 0x7E, 0x00, 0x00, 0x3F, 0x00, 0x07, 0xE0, 0x00, 0x03, 0xF0,
  0x00, 0x7E, 0x00, 0x00, 0x3F, 0x00, 0x07, 0xE0, 0x00, 0x03, 0xF0, 0x00,
  0x7E, 0x00, 0x00, 0x3F, 0x00, 0x07, 0xE0, 0x00, 0x03, 0xF0, 0x00, 0x7E,
  0x00, 0x00, 0x3F, 0xFC, 0x00, 0x00, 0x00, 0x03, 0xFF, 0xC0, 0x00, 0x00,
  0x00, 0x3F, 0xFC, 0x00, 0x00, 0x00, 0x03, 0xFF, 0xC0, 0x00, 0x00, 0x00,
  0x3F, 0xFC, 0x00, 0x00, 0x00, 0x03, 0xFF, 0xC0, 0x00, 0x00, 0x00, 0x3F,
  0xFC, 0x00, 0x00, 0x00, 0x03, 0xFF, 0xC0, 0x00, 0x00, 0x00, 0x3F, 0xFC,
  0x00, 0x00, 0x00, 0x03, 0xFF, 0xC0, 0x00, 0x00, 0x00, 0x3F, 0xFC, 0x00,
  0x00, 0x00, 0x03, 0xFF, 0xC0, 0x00, 0x00, 0x00, 0x3F, 0xFC, 0x00, 0x00,
  0x00, 0x03, 0xFF, 0xC0, 0x00, 0x00, 0x00, 0x3F, 0xFC, 0x00, 0x00, 0x00,
  0x03, 0xFF, 0xC0, 0x00, 0x00, 0x00, 0x3F, 0xFC, 0x00, 0x00, 0x00, 0x03,
  0xFF, 0xC0, 0x00, 0x00, 0x00, 0x3F, 0xFC, 0x00, 0x00, 0x00, 0x03, 0xFF,
  0xC0, 0x00, 0x00, 0x00, 0x3F, 0xFC, 0x00, 0x00, 0x00, 0x03, 0xFF, 0xC0,
  0x7E, 0x07, 0xE0, 0x3F, 0xFC, 0x07, 0xE0, 0x7E, 0x03, 0xFF, 0xC0, 0x7E,
  0x07, 0xE0, 0x3F, 0xFC, 0x07, 0xE0, 0x7E, 0x03, 0xFF, 0xC0, 0x7E, 0x07,
  0xE0, 0x3F, 0xFC, 0x07, 0xE0, 0x7E, 0x03, 0xFF, 0xC0, 0x7E, 0x07, 0xE0,
  0x3F, 0xFC, 0x07, 0xE0, 0x7E, 0x03, 0xFF, 0xC0, 0x7E, 0x07, 0xE0, 0x3F,
  0xFC, 0x07, 0xE0, 0x7E, 0x03, 0xFF, 0xC0, 0x7E, 0x07, 0xE0, 0x3F, 0xFC,
  0x07, 0xE0, 0x7E, 0x03, 0xFF, 0xC0, 0x7E, 0x07, 0xE0, 0x3F, 0xFC, 0x07,
  0xE0, 0x7E, 0x03, 0xF0, 0x00, 0x7E, 0x07, 0xE0, 0x00, 0x00, 0x07, 0xE0,
  0x7E, 0x00, 0x00, 0x00, 0x7E, 0x07, 0xE0, 0x00, 0x00, 0x07, 0xE0, 0x7E,
  0x00, 0x00, 0x00, 0x7E, 0x07, 0xE0, 0x00, 0x00, 0x07, 0xE0, 0x7E, 0x00,
  0x00, 0x00, 0x7E, 0x07, 0xE0, 0x00, 0x00, 0x07, 0xE0, 0x7E, 0x00, 0x00,
  0x00, 0x7E, 0x07, 0xE0, 0x00, 0x00, 0x07, 0xE0, 0x7E, 0x00, 0x00, 0x00,
  0x7E, 0x07, 0xE0, 0x00, 0x00, 0x07, 0xE0, 0x7E, 0x00, 0x00, 0x00, 0x7E,
  0x07, 0xE0, 0x00, 0x00, 0x07, 0xE0, 0x7E, 0x00, 0x00, 0x00, 0x7E, 0x07,
  0xE0, 0x00, 0x00, 0x07, 0xE0, 0x7E, 0x00, 0x00, 0x00, 0x7E, 0x07, 0xE0,
  0x00, 0x00, 0x07, 0xE0, 0x7E, 0x00, 0x00, 0x00, 0x7E, 0x07, 0xE0, 0x00,
  0x00, 0x07, 0xE0, 0x7E, 0x00, 0x00, 0x00, 0x7E, 0x07, 0xE0, 0x00, 0xFC,
  0x00, 0x00, 0x00, 0x03, 0xFF, 0xC0, 0x00, 0x00, 0x00, 0x3F, 0xFC, 0x00,
  0x00, 0x00, 0x03, 0xFF, 0xC0, 0x00, 0x00, 0x00, 0x3F, 0xFC, 0x00, 0x00,
  0x00, 0x03, 0xFF, 0xC0, 0x00, 0x00, 0x00, 0x3F, 0xFC, 0x00, 0x00, 0x00,
  0x03, 0xFF, 0xC0, 0x00, 0x00, 0x00, 0x3F, 0xFC, 0x00, 0x00, 0x00, 0x03,
  0xFF, 0xC0, 0x00, 0x00, 0x00, 0x3F, 0xFC, 0x00, 0x00, 0x00, 0x03, 0xFF,
  0xC0, 0x00, 0x00, 0x00, 0x3F, 0xFC, 0x00, 0x00, 0x00, 0x03, 0xFF, 0xC0,
  0x00, 0x00, 0x00, 0x3F, 0xFC, 0x00, 0x00, 0x00, 0x03, 0xFF, 0xC0, 0x00,
  0x00, 0x00, 0x3F, 0xFC, 0x00, 0x00, 0x00, 0x03, 0xFF, 0xC0, 0x00, 0x00,
  0x00, 0x3F, 0xFC, 0x00, 0x00, 0x00, 0x03, 0xFF, 0xC0, 0x00, 0x00, 0x00,
  0x3F, 0xFC, 0x00, 0x00, 0x00, 0x03, 0xFF, 0xC0, 0x7E, 0x07, 0xE0, 0x3F,
  0xFC, 0x07, 0xE0, 0x7E, 0x03, 0xFF, 0xC0, 0x7E, 0x07, 0xE0, 0x3F, 0xFC,
  0x07, 0xE0, 0x7E, 0x03, 0xFF, 0xC0, 0x7E, 0x07, 0xE0, 0x3F, 0xFC, 0x07,
  0xE0, 0x7E, 0x03, 0xFF, 0xC0, 0x7E, 0x07, 0xE0, 0x3F, 0xFC, 0x07, 0xE0,
  0x7E, 0x03, 0xFF, 0xC0, 0x7E, 0x07, 0xE0, 0x3F, 0xFC, 0x07, 0xE0, 0x7E,
  0x03, 0xFF, 0xC0, 0x7E, 0x07, 0xE0, 0x3F, 0xFC, 0x07, 0xE0, 0x7E, 0x03,
  0xFF, 0xC0, 0x7E, 0x07, 0xE0, 0x3F, 0xFC, 0x07, 0xE0, 0x7E, 0x03, 0xFF,
  0xC0, 0x00, 0x00, 0x00, 0x3F, 0xFC, 0x00, 0x00, 0x00, 0x03, 0xFF, 0xC0,
  0x00, 0x00, 0x00, 0x3F, 0xFC, 0x00, 0x00, 0x00, 0x03, 0xFF, 0xC0, 0x00,
  0x00, 0x00, 0x3F, 0xFC, 0x00, 0x00, 0x00, 0x03, 0xFF, 0xC0, 0x00, 0x00,
  0x00, 0x3F, 0xFC, 0x00, 0x00, 0x00, 0x03, 0xFF, 0xC0, 0x00, 0x00, 0x00,
  0x3F, 0xFC, 0x00, 0x00, 0x00, 0x03, 0xFF, 0xC0, 0x00, 0x00, 0x00, 0x3F,
  0xFC, 0x00, 0x00, 0x00, 0x03, 0xFF, 0xC0, 0x00, 0x00, 0x00, 0x3F, 0xFC,
  0x00, 0x00, 0x00, 0x03, 0xFF, 0xC0, 0x00, 0x00, 0x00, 0x3F, 0xFC, 0x00,
  0x00, 0x00, 0x03, 0xFF, 0xC0, 0x00, 0x00, 0x00, 0x3F, 0xFC, 0x00, 0x00,
  0x00, 0x03, 0xFF, 0xC0, 0x00, 0x00, 0x00, 0x3F, 0xFC, 0x00, 0x00, 0x00,
  0x03, 0xFF, 0xC0, 0x00, 0x00, 0x00, 0x3F, 0xFC, 0x00, 0x00, 0x00, 0x03,
  0xFF, 0xC0, 0x00, 0x00, 0x00, 0x3F, 0xFC, 0x00, 0x00, 0x00, 0x03, 0xFF,
  0xC0, 0x00, 0x00, 0x00, 0x3F, 0xFC, 0x00, 0x00, 0x00, 0x03, 0xFF, 0xC0,
  0x00, 0x00, 0x00, 0x3F, 0xFC, 0x00, 0x00, 0x00, 0x03, 0xFF, 0xC0, 0x00,
  0x00, 0x00, 0x3F, 0xFC, 0x00, 0x00, 0x00, 0x03, 0xFF, 0xC0, 0x00, 0x00,
  0x00, 0x3F, 0xFC, 0x00, 0x00, 0x00, 0x03, 0xFF, 0xC0, 0x00, 0x00, 0x00,
  0x3F, 0xFC, 0x00, 0x00, 0x00, 0x03, 0xFF, 0xC0, 0x00, 0x00, 0x00, 0x3F,
  0xFC, 0x00, 0x00, 0x00, 0x03, 0xFF, 0xC0, 0x00, 0x00, 0x00, 0x3F, 0xFC,
  0x00, 0x00, 0x00, 0x03, 0xFF, 0xC0, 0x00, 0x00, 0x00, 0x3F, 0xFC, 0x00,
  0x00, 0x00, 0x03, 0xFF, 0xC0, 0x00, 0x00, 0x00, 0x3F, 0xFC, 0x00, 0x00,
  0x00, 0x03, 0xFF, 0xC0, 0x7E, 0x07, 0xE0, 0x3F, 0xFC, 0x07, 0xE0, 0x7E,
  0x03, 0xFF, 0xC0, 0x7E, 0x07, 0xE0, 0x3F, 0xFC, 0x07, 0xE0, 0x7E, 0x03,
  0xFF, 0xC0, 0x7E, 0x07, 0xE0, 0x3F, 0xFC, 0x07, 0xE0, 0x7E, 0x03, 0xFF,
  0xC0, 0x7E, 0x07, 0xE0, 0x3F, 0xFC, 0x07, 0xE0, 0x7E, 0x03, 0xFF, 0xC0,
  0x7E, 0x07, 0xE0, 0x3F, 0xFC, 0x07, 0xE0, 0x7E, 0x03, 0xFF, 0xC0, 0x7E,
  0x07, 0xE0, 0x3F, 0xFC, 0x07, 0xE0, 0x7E, 0x03, 0xFF, 0xC0, 0x7E, 0x07,
  0xE0, 0x3F, 0xFC, 0x07, 0xE0, 0x7E, 0x03, 0xFF, 0xC0, 0x00, 0x07, 0xE0,
  0x00, 0xFC, 0x00, 0x00, 0x7E, 0x00, 0x0F, 0xC0, 0x00, 0x07, 0xE0, 0x00,
  0xFC, 0x00, 0x00, 0x7E, 0x00, 0x0F, 0xC0, 0x00, 0x07, 0xE0, 0x00, 0xFC,
  0x00, 0x00, 0x7E, 0x00, 0x0F, 0xC0, 0x00, 0x07, 0xE0, 0x00, 0xFC, 0x00,
  0x00, 0x7E, 0x00, 0x0F, 0xC0, 0x00, 0x07, 0xE0, 0x00, 0xFC, 0x00, 0x00,
  0x7E, 0x00, 0x0F, 0xC0, 0x00, 0x07, 0xE0, 0x00, 0xFC, 0x00, 0x00, 0x7E,
  0x00, 0x0F, 0xC0, 0x00, 0x07, 0xE0, 0x00, 0xFC, 0x00, 0x00, 0x7E, 0x00,
  0x0F, 0xC0, 0x00, 0x07, 0xE0, 0x00, 0xFC, 0x00, 0x00, 0x7E, 0x00, 0x0F,
  0xC0, 0x00, 0x07, 0xE0, 0x00, 0xFC, 0x00, 0x00, 0x7E, 0x00, 0x0F, 0xC0,
  0x00, 0x07, 0xE0, 0x00, 0xFC, 0x00, 0x00, 0x7E, 0x00, 0x0F, 0xC0, 0x00,
  0x07, 0xE0, 0x00, 0xFC, 0x00, 0x00, 0x00, 0x03, 0xFF, 0xC0, 0x00, 0x00,
  0x00, 0x3F, 0xFC, 0x00, 0x00, 0x00, 0x03, 0xFF, 0xC0, 0x00, 0x00, 0x00,
  0x3F, 0xFC, 0x00, 0x00, 0x00, 0x03, 0xFF, 0xC0, 0x00, 0x00, 0x00, 0x3F,
  0xFC, 0x00, 0x00, 0x00, 0x03, 0xFF, 0xC0, 0x00, 0x00, 0x00, 0x3F, 0xFC,
  0x00, 0x00, 0x00, 0x03, 0xFF, 0xC0, 0x00, 0x00, 0x00, 0x3F, 0xFC, 0x00,
  0x00, 0x00, 0x03, 0xFF, 0xC0, 0x00, 0x00, 0x00, 0x3F, 0xFC, 0x00, 0x00,
  0x00, 0x03, 0xFF, 0xC0, 0x00, 0x00, 0x00, 0x3F, 0xFC, 0x00, 0x00, 0x00,
  0x03, 0xFF, 0xC0, 0x00, 0x00, 0x00, 0x3F, 0xFC, 0x00, 0x00, 0x00, 0x03,
  0xFF, 0xC0, 0x00, 0x00, 0x00, 0x3F, 0xFC, 0x00, 0x00, 0x00, 0x03, 0xFF,
  0xC0, 0x00, 0x00, 0x00, 0x3F, 0xFC, 0x00, 0x00, 0x00, 0x03, 0xFF, 0xC0,
  0x7E, 0x07, 0xE0, 0x3F, 0xFC, 0x07, 0xE0, 0x7E, 0x03, 0xFF, 0xC0, 0x7E,
  0x07, 0xE0, 0x3F, 0xFC, 0x07, 0xE0, 0x7E, 0x03, 0xFF, 0xC0, 0x7E, 0x07,
  0xE0, 0x3F, 0xFC, 0x07, 0xE0, 0x7E, 0x03, 0xFF, 0xC0, 0x7E, 0x07, 0xE0,
  0x3F, 0xFC, 0x07, 0xE0, 0x7E, 0x03, 0xFF, 0xC0, 0x7E, 0x07, 0xE0, 0x3F,
  0xFC, 0x07, 0xE0, 0x7E, 0x03, 0xFF, 0xC0, 0x7E, 0x07, 0xE0, 0x3F, 0xFC,
  0x07, 0xE0, 0x7E, 0x03, 0xFF, 0xC0, 0x7E, 0x07, 0xE0, 0x3F, 0xFC, 0x07,
  0xE0, 0x7E, 0x03, 0xFF, 0xC0, 0x7E, 0x00, 0x00, 0x00, 0xFC, 0x07, 0xE0,
  0x00, 0x00, 0x0F, 0xC0, 0x7E, 0x00, 0x00, 0x00, 0xFC, 0x07, 0xE0, 0x00,
  0x00, 0x0F, 0xC0, 0x7E, 0x00, 0x00, 0x00, 0xFC, 0x07, 0xE0, 0x00, 0x00,
  0x0F, 0xC0, 0x7E, 0x00, 0x00, 0x00, 0xFC, 0x07, 0xE0, 0x00, 0x00, 0x0F,
  0xC0, 0x7E, 0x00, 0x00, 0x00, 0xFC, 0x07, 0xE0, 0x00, 0x00, 0x0F, 0xC0,
  0x7E, 0x00, 0x00, 0x00, 0xFC, 0x07, 0xE0, 0x00, 0x00, 0x0F, 0xC0, 0x7E,
  0x00, 0x00, 0x00, 0xFC, 0x07, 0xE0, 0x00, 0x00, 0x0F, 0xC0, 0x7E, 0x00,
  0x00, 0x00, 0xFC, 0x07, 0xE0, 0x00, 0x00, 0x0F, 0xC0, 0x7E, 0x00, 0x00,
  0x00, 0xFC, 0x07, 0xE0, 0x00, 0x00, 0x0F, 0xC0, 0x7E, 0x00, 0x00, 0x00,
  0xFC, 0x07, 0xE0, 0x00, 0x00, 0x0F, 0xC0, 0x7E, 0x00, 0x00, 0x00, 0xFC,
  0x00, 0x00, 0x7E, 0x00, 0x0F, 0xC0, 0x00, 0x07, 0xE0, 0x00, 0xFC, 0x00,
  0x00, 0x7E, 0x00, 0x0F, 0xC0, 0x00, 0x07, 0xE0, 0x00, 0xFC, 0x00, 0x00,
  0x7E, 0x00, 0x0F, 0xC0, 0x00, 0x07, 0xE0, 0x00, 0xFC, 0x00, 0x00, 0x7E,
  0x00, 0x0F, 0xC0, 0x00, 0x07, 0xE0, 0x00, 0xFC, 0x00, 0x00, 0x7E, 0x00,
  0x0F, 0xC0, 0x00, 0x07, 0xE0, 0x00, 0xFC, 0x00, 0x00, 0x7E, 0x00, 0x0F,
  0xC0, 0x00, 0x07, 0xE0, 0x00, 0xFC, 0x00, 0x00, 0x7E, 0x00, 0x0F, 0xC0,
  0x00, 0x07, 0xE0, 0x00, 0xFC, 0x00, 0x00, 0x7E, 0x00, 0x0F, 0xC0, 0x00,
  0x07, 0xE0, 0x00, 0xFC, 0x00, 0x00, 0x7E, 0x00, 0x0F, 0xC0, 0x00, 0x07,
  0xE0, 0x00, 0xFC, 0x00, 0x00, 0x7E, 0x00, 0x0F, 0xC0, 0x00, 0x07, 0xE0,
  0x00, 0xFC, 0x00, 0x00, 0x7E, 0x00, 0x0F, 0xC0, 0x7E, 0x07, 0xE0, 0x3F,
  0xFC, 0x07, 0xE0, 0x7E, 0x03, 0xFF, 0xC0, 0x7E, 0x07, 0xE0, 0x3F, 0xFC,
  0x07, 0xE0, 0x7E, 0x03, 0xFF, 0xC0, 0x7E, 0x07, 0xE0, 0x3F, 0xFC, 0x07,
  0xE0, 0x7E, 0x03, 0xFF, 0xC0, 0x7E, 0x07, 0xE0, 0x3F, 0xFC, 0x07, 0xE0,
  0x7E, 0x03, 0xFF, 0xC0, 0x7E, 0x07, 0xE0, 0x3F, 0xFC, 0x07, 0xE0, 0x7E,
  0x03, 0xFF, 0xC0, 0x7E, 0x07, 0xE0, 0x3F, 0xFC, 0x07, 0xE0, 0x7E, 0x03,
  0xFF, 0xC0, 0x7E, 0x07, 0xE0, 0x3F, 0xFC, 0x07, 0xE0, 0x7E, 0x03, 0xF0,
  0x00, 0x00, 0x07, 0xE0, 0x3F, 0x00, 0x00, 0x00, 0x7E, 0x03, 0xF0, 0x00,
  0x00, 0x07, 0xE0, 0x3F, 0x00, 0x00, 0x00, 0x7E, 0x03, 0xF0, 0x00, 0x00,
  0x07, 0xE0, 0x3F, 0x00, 0x00, 0x00, 0x7E, 0x03, 0xF0, 0x00, 0x00, 0x07,
  0xE0, 0x3F, 0x00, 0x00, 0x00, 0x7E, 0x03, 0xF0, 0x00, 0x00, 0x07, 0xE0,
  0x3F, 0x00, 0x00, 0x00, 0x7E, 0x03, 0xF0, 0x00, 0x00, 0x07, 0xE0, 0x3F,
  0x00, 0x00, 0x00, 0x7E, 0x03, 0xF0, 0x00, 0x00, 0x07, 0xE0, 0x3F, 0x00,
  0x00, 0x00, 0x7E, 0x03, 0xF0, 0x00, 0x00, 0x07, 0xE0, 0x3F, 0x00, 0x00,
  0x00, 0x7E, 0x03, 0xF0, 0x00, 0x00, 0x07, 0xE0, 0x3F, 0x00, 0x00, 0x00,
  0x7E, 0x03, 0xF0, 0x00, 0x00, 0x07, 0xE0, 0x3F, 0x00, 0x00, 0x00, 0x7E,
  0x03, 0xF0, 0x00, 0x00, 0x07, 0xE0, 0x3F, 0xFC, 0x00, 0x00, 0x7E, 0x00,
  0x0F, 0xC0, 0x00, 0x07, 0xE0, 0x00, 0xFC, 0x00, 0x00, 0x7E, 0x00, 0x0F,
  0xC0, 0x00, 0x07, 0xE0, 0x00, 0xFC, 0x00, 0x00, 0x7E, 0x00, 0x0F, 0xC0,
  0x00, 0x07, 0xE0, 0x00, 0xFC, 0x00, 0x00, 0x7E, 0x00, 0x0F, 0xC0, 0x00,
  0x07, 0xE0, 0x00, 0xFC, 0x00, 0x00, 0x7E, 0x00, 0x0F, 0xC0, 0x00, 0x07,
  0xE0, 0x00, 0xFC, 0x00, 0x00, 0x7E, 0x00, 0x0F, 0xC0, 0x00, 0x07, 0xE0,
  0x00, 0xFC, 0x00, 0x00, 0x7E, 0x00, 0x0F, 0xC0, 0x00, 0x07, 0xE0, 0x00,
  0xFC, 0x00, 0x00, 0x7E, 0x00, 0x0F, 0xC0, 0x00, 0x07, 0xE0, 0x00, 0xFC,
  0x00, 0x00, 0x7E, 0x00, 0x0F, 0xC0, 0x00, 0x07, 0xE0, 0x00, 0xFC, 0x00,
  0x00, 0x7E, 0x00, 0x0F, 0xC0, 0x00, 0x07, 0xE0, 0x00, 0xFC, 0x00, 0x00,
  0x7E, 0x00, 0x0F, 0xC0, 0x7E, 0x07, 0xE0, 0x3F, 0xFC, 0x07, 0xE0, 0x7E,
  0x03, 0xFF, 0xC0, 0x7E, 0x07, 0xE0, 0x3F, 0xFC, 0x07, 0xE0, 0x7E, 0x03,
  0xFF, 0xC0, 0x7E, 0x07, 0xE0, 0x3F, 0xFC, 0x07, 0xE0, 0x7E, 0x03, 0xFF,
  0xC0, 0x7E, 0x07, 0xE0, 0x3F, 0xFC, 0x07, 0xE0, 0x7E, 0x03, 0xFF, 0xC0,
  0x7E, 0x07, 0xE0, 0x3F, 0xFC, 0x07, 0xE0, 0x7E, 0x03, 0xFF, 0xC0, 0x7E,
  0x07, 0xE0, 0x3F, 0xFC, 0x07, 0xE0, 0x7E, 0x03, 0xFF, 0xC0, 0x7E, 0x07,
  0xE0, 0x3F, 0xFC, 0x07, 0xE0, 0x7E, 0x03, 0xF0, 0x00, 0x7E, 0x00, 0x00,
  0x3F, 0x00, 0x07, 0xE0, 0x00, 0x03, 0xF0, 0x00, 0x7E, 0x00, 0x00, 0x3F,
  0x00, 0x07, 0xE0, 0x00, 0x03, 0xF0, 0x00, 0x7E, 0x00, 0x00, 0x3F, 0x00,
  0x07, 0xE0, 0x00, 0x03, 0xF0, 0x00, 0x7E, 0x00, 0x00, 0x3F, 0x00, 0x07,
  0xE0, 0x00, 0x03, 0xF0, 0x00, 0x7E, 0x00, 0x00, 0x3F, 0x00, 0x07, 0xE0,
  0x00, 0x03, 0xF0, 0x00, 0x7E, 0x00, 0x00, 0x3F, 0x00, 0x07, 0xE0, 0x00,
  0x03, 0xF0, 0x00, 0x7E, 0x00, 0x00, 0x3F, 0x00, 0x07, 0xE0, 0x00, 0x03,
  0xF0, 0x00, 0x7E, 0x00, 0x00, 0x3F, 0x00, 0x07, 0xE0, 0x00, 0x03, 0xF0,
  0x00, 0x7E, 0x00, 0x00, 0x3F, 0x00, 0x07, 0xE0, 0x00, 0x03, 0xF0, 0x00,
  0x7E, 0x00, 0x00, 0x3F, 0x00, 0x07, 0xE0, 0x00, 0x03, 0xF0, 0x00, 0x7E,
  0x00, 0x00, 0x3F, 0xFC, 0x00, 0x00, 0x7E, 0x00, 0x0F, 0xC0, 0x00, 0x07,
  0xE0, 0x00, 0xFC, 0x00, 0x00, 0x7E, 0x00, 0x0F, 0xC0, 0x00, 0x07, 0xE0,
  0x00, 0xFC, 0x00, 0x00, 0x7E, 0x00, 0x0F, 0xC0, 0x00, 0x07, 0xE0, 0x00,
  0xFC, 0x00, 0x00, 0x7E, 0x00, 0x0F, 0xC0, 0x00, 0x07, 0xE0, 0x00, 0xFC,
  0x00, 0x00, 0x7E, 0x00, 0x0F, 0xC0, 0x00, 0x07, 0xE0, 0x00, 0xFC, 0x00,
  0x00, 0x7E, 0x00, 0x0F, 0xC0, 0x00, 0x07, 0xE0, 0x00, 0xFC, 0x00, 0x00,
  0x7E, 0x00, 0x0F, 0xC0, 0x00, 0x07, 0xE0, 0x00, 0xFC, 0x00, 0x00, 0x7E,
  0x00, 0x0F, 0xC0, 0x00, 0x07, 0xE0, 0x00, 0xFC, 0x00, 0x00, 0x7E, 0x00,
  0x0F, 0xC0, 0x00, 0x07, 0xE0, 0x00, 0xFC, 0x00, 0x00, 0x7E, 0x00, 0x0F,
  0xC0, 0x00, 0x07, 0xE0, 0x00, 0xFC, 0x00, 0x00, 0x7E, 0x00, 0x0F, 0xC0,
  0x7E, 0x07, 0xE0, 0x3F, 0xFC, 0x07, 0xE0, 0x7E, 0x03, 0xFF, 0xC0, 0x7E,
  0x07, 0xE0, 0x3F, 0xFC, 0x07, 0xE0, 0x7E, 0x03, 0xFF, 0xC0, 0x7E, 0x07,
  0xE0, 0x3F, 0xFC, 0x07, 0xE0, 0x7E, 0x03, 0xFF, 0xC0, 0x7E, 0x07, 0xE0,
  0x3F, 0xFC, 0x07, 0xE0, 0x7E, 0x03, 0xFF, 0xC0, 0x7E, 0x07, 0xE0, 0x3F,
  0xFC, 0x07, 0xE0, 0x7E, 0x03, 0xFF, 0xC0, 0x7E, 0x07, 0xE0, 0x3F, 0xFC,
  0x07, 0xE0, 0x7E, 0x03, 0xFF, 0xC0, 0x7E, 0x07, 0xE0, 0x3F, 0xFC, 0x07,
  0xE0, 0x7E, 0x03, 0xF0, 0x00, 0x7E, 0x07, 0xE0, 0x00, 0x00, 0x07, 0xE0,
  0x7E, 0x00, 0x00, 0x00, 0x7E, 0x07, 0xE0, 0x00, 0x00, 0x07, 0xE0, 0x7E,
  0x00, 0x00, 0x00, 0x7E, 0x07, 0xE0, 0x00, 0x00, 0x07, 0xE0, 0x7E, 0x00,
  0x00, 0x00, 0x7E, 0x07, 0xE0, 0x00, 0x00, 0x07, 0xE0, 0x7E, 0x00, 0x00,
  0x00, 0x7E, 0x07, 0xE0, 0x00, 0x00, 0x07, 0xE0, 0x7E, 0x00, 0x00, 0x00,
  0x7E, 0x07, 0xE0, 0x00, 0x00, 0x07, 0xE0, 0x7E, 0x00, 0x00, 0x00, 0x7E,
  0x07, 0xE0, 0x00, 0x00, 0x07, 0xE0, 0x7E, 0x00, 0x00, 0x00, 0x7E, 0x07,
  0xE0, 0x00, 0x00, 0x07, 0xE0, 0x7E, 0x00, 0x00, 0x00, 0x7E, 0x07, 0xE0,
  0x00, 0x00, 0x07, 0xE0, 0x7E, 0x00, 0x00, 0x00, 0x7E, 0x07, 0xE0, 0x00,
  0x00, 0x07, 0xE0, 0x7E, 0x00, 0x00, 0x00, 0x7E, 0x07, 0xE0, 0x00, 0xFC,
  0x00, 0x00, 0x7E, 0x00, 0x0F, 0xC0, 0x00, 0x07, 0xE0, 0x00, 0xFC, 0x00,
  0x00, 0x7E, 0x00, 0x0F, 0xC0, 0x00, 0x07, 0xE0, 0x00, 0xFC, 0x00, 0x00,
  0x7E, 0x00, 0x0F, 0xC0, 0x00, 0x07, 0xE0, 0x00, 0xFC, 0x00, 0x00, 0x7E,
  0x00, 0x0F, 0xC0, 0x00, 0x07, 0xE0, 0x00, 0xFC, 0x00, 0x00, 0x7E, 0x00,
  0x0F, 0xC0, 0x00, 0x07, 0xE0, 0x00, 0xFC, 0x00, 0x00, 0x7E, 0x00, 0x0F,
  0xC0, 0x00, 0x07, 0xE0, 0x00, 0xFC, 0x00, 0x00, 0x7E, 0x00, 0x0F, 0xC0,
  0x00, 0x07, 0xE0, 0x00, 0xFC, 0x00, 0x00, 0x7E, 0x00, 0x0F, 0xC0, 0x00,
  0x07, 0xE0, 0x00, 0xFC, 0x00, 0x00, 0x7E, 0x00, 0x0F, 0xC0, 0x00, 0x07,
  0xE0, 0x00, 0xFC, 0x00, 0x00, 0x7E, 0x00, 0x0F, 0xC0, 0x00, 0x07, 0xE0,
  0x00, 0xFC, 0x00, 0x00, 0x7E, 0x00, 0x0F, 0xC0, 0x7E, 0x07, 0xE0, 0x3F,
  0xFC, 0x07, 0xE0, 0x7E, 0x03, 0xFF, 0xC0, 0x7E, 0x07, 0xE0, 0x3F, 0xFC,
  0x07, 0xE0, 0x7E, 0x03, 0xFF, 0xC0, 0x7E, 0x07, 0xE0, 0x3F, 0xFC, 0x07,
  0xE0, 0x7E, 0x03, 0xFF, 0xC0, 0x7E, 0x07, 0xE0, 0x3F, 0xFC, 0x07, 0xE0,
  0x7E, 0x03, 0xFF, 0xC0, 0x7E, 0x07, 0xE0, 0x3F, 0xFC, 0x07, 0xE0, 0x7E,
  0x03, 0xFF, 0xC0, 0x7E, 0x07, 0xE0, 0x3F, 0xFC, 0x07, 0xE0, 0x7E, 0x03,
  0xFF, 0xC0, 0x7E, 0x07, 0xE0, 0x3F, 0xFC, 0x07, 0xE0, 0x7E, 0x03, 0xFF,
  0xC0, 0x00, 0x00, 0x00, 0x3F, 0xFC, 0x00, 0x00, 0x00, 0x03, 0xFF, 0xC0,
  0x00, 0x00, 0x00, 0x3F, 0xFC, 0x00, 0x00, 0x00, 0x03, 0xFF, 0xC0, 0x00,
  0x00, 0x00, 0x3F, 0xFC, 0x00, 0x00, 0x00, 0x03, 0xFF, 0xC0, 0x00, 0x00,
  0x00, 0x3F, 0xFC, 0x00, 0x00, 0x00, 0x03, 0xFF, 0xC0, 0x00, 0x00, 0x00,
  0x3F, 0xFC, 0x00, 0x00, 0x00, 0x03, 0xFF, 0xC0, 0x00, 0x00, 0x00, 0x3F,
  0xFC, 0x00, 0x00, 0x00, 0x03, 0xFF, 0xC0, 0x00, 0x00, 0x00, 0x3F, 0xFC,
  0x00, 0x00, 0x00, 0x03, 0xFF, 0xC0, 0x00, 0x00, 0x00, 0x3F, 0xFC, 0x00,
  0x00, 0x00, 0x03, 0xFF, 0xC0, 0x00, 0x00, 0x00, 0x3F, 0xFC, 0x00, 0x00,
  0x00, 0x03, 0xFF, 0xC0, 0x00, 0x00, 0x00, 0x3F, 0xFC, 0x00, 0x00, 0x00,
  0x03, 0xFF, 0xC0, 0x00, 0x00, 0x00, 0x3F, 0xFC, 0x00, 0x00, 0x7E, 0x00,
  0x0F, 0xC0, 0x00, 0x07, 0xE0, 0x00, 0xFC, 0x00, 0x00, 0x7E, 0x00, 0x0F,
  0xC0, 0x00, 0x07, 0xE0, 0x00, 0xFC, 0x00, 0x00, 0x7E, 0x00, 0x0F, 0xC0,
  0x00, 0x07, 0xE0, 0x00, 0xFC, 0x00, 0x00, 0x7E, 0x00, 0x0F, 0xC0, 0x00,
  0x07, 0xE0, 0x00, 0xFC, 0x00, 0x00, 0x7E, 0x00, 0x0F, 0xC0, 0x00, 0x07,
  0xE0, 0x00, 0xFC, 0x00, 0x00, 0x7E, 0x00, 0x0F, 0xC0, 0x00, 0x07, 0xE0,
  0x00, 0xFC, 0x00, 0x00, 0x7E, 0x00, 0x0F, 0xC0, 0x00, 0x07, 0xE0, 0x00,
  0xFC, 0x00, 0x00, 0x7E, 0x00, 0x0F, 0xC0, 0x00, 0x07, 0xE0, 0x00, 0xFC,
  0x00, 0x00, 0x7E, 0x00, 0x0F, 0xC0, 0x00, 0x07, 0xE0, 0x00, 0xFC, 0x00,
  0x00, 0x7E, 0x00, 0x0F, 0xC0, 0x00, 0x07, 0xE0, 0x00, 0xFC, 0x00, 0x00,
  0x7E, 0x00, 0x0F, 0xC0, 0x7E, 0x07, 0xE0, 0x3F, 0xFC, 0x07, 0xE0, 0x7E,
  0x03, 0xFF, 0xC0, 0x7E, 0x07, 0xE0, 0x3F, 0xFC, 0x07, 0xE0, 0x7E, 0x03,
  0xFF, 0xC0, 0x7E, 0x07, 0xE0, 0x3F, 0xFC, 0x07, 0xE0, 0x7E, 0x03, 0xFF,
  0xC0, 0x7E, 0x07, 0xE0, 0x3F, 0xFC, 0x07, 0xE0, 0x7E, 0x03, 0xFF, 0xC0,
  0x7E, 0x07, 0xE0, 0x3F, 0xFC, 0x07, 0xE0, 0x7E, 0x03, 0xFF, 0xC0, 0x7E,
  0x07, 0xE0, 0x3F, 0xFC, 0x07, 0xE0, 0x7E, 0x03, 0xFF, 0xC0, 0x7E, 0x07,
  0xE0, 0x3F, 0xFC, 0x07, 0xE0, 0x7E, 0x03, 0xFF, 0xC0, 0x00, 0x07, 0xE0,
  0x00, 0xFC, 0x00, 0x00, 0x7E, 0x00, 0x0F, 0xC0, 0x00, 0x07, 0xE0, 0x00,
  0xFC, 0x00, 0x00, 0x7E, 0x00, 0x0F, 0xC0, 0x00, 0x07, 0xE0, 0x00, 0xFC,
  0x00, 0x00, 0x7E, 0x00, 0x0F, 0xC0, 0x00, 0x07, 0xE0, 0x00, 0xFC, 0x00,
  0x00, 0x7E, 0x00, 0x0F, 0xC0, 0x00, 0x07, 0xE0, 0x00, 0xFC, 0x00, 0x00,
  0x7E, 0x00, 0x0F, 0xC0, 0x00, 0x07, 0xE0, 0x00, 0xFC, 0x00, 0x00, 0x7E,
  0x00, 0x0F, 0xC0, 0x00, 0x07, 0xE0, 0x00, 0xFC, 0x00, 0x00, 0x7E, 0x00,
  0x0F, 0xC0, 0x00, 0x07, 0xE0, 0x00, 0xFC, 0x00, 0x00, 0x7E, 0x00, 0x0F,
  0xC0, 0x00, 0x07, 0xE0, 0x00, 0xFC, 0x00, 0x00, 0x7E, 0x00, 0x0F, 0xC0,
  0x00, 0x07, 0xE0, 0x00, 0xFC, 0x00, 0x00, 0x7E, 0x00, 0x0F, 0xC0, 0x00,
  0x07, 0xE0, 0x00, 0xFC, 0x00, 0x00, 0x7E, 0x00, 0x0F, 0xC0, 0x00, 0x07,
  0xE0, 0x00, 0xFC, 0x00, 0x00, 0x7E, 0x00, 0x0F, 0xC0, 0x00, 0x07, 0xE0,
  0x00, 0xFC, 0x00, 0x00, 0x7E, 0x00, 0x0F, 0xC0, 0x00, 0x07, 0xE0, 0x00,
  0xFC, 0x00, 0x00, 0x7E, 0x00, 0x0F, 0xC0, 0x00, 0x07, 0xE0, 0x00, 0xFC,
  0x00, 0x00, 0x7E, 0x00, 0x0F, 0xC0, 0x00, 0x07, 0xE0, 0x00, 0xFC, 0x00,
  0x00, 0x7E, 0x00, 0x0F, 0xC0, 0x00, 0x07, 0xE0, 0x00, 0xFC, 0x00, 0x00,
  0x7E, 0x00, 0x0F, 0xC0, 0x00, 0x07, 0xE0, 0x00, 0xFC, 0x00, 0x00, 0x7E,
  0x00, 0x0F, 0xC0, 0x00, 0x07, 0xE0, 0x00, 0xFC, 0x00, 0x00, 0x7E, 0x00,
  0x0F, 0xC0, 0x00, 0x07, 0xE0, 0x00, 0xFC, 0x00, 0x00, 0x7E, 0x00, 0x0F,
  0xC0, 0x00, 0x07, 0xE0, 0x00, 0xFC, 0x00, 0x00, 0x7E, 0x00, 0x0F, 0xC0,
  0x7E, 0x07, 0xE0, 0x3F, 0xFC, 0x07, 0xE0, 0x7E, 0x03, 0xFF, 0xC0, 0x7E,
  0x07, 0xE0, 0x3F, 0xFC, 0x07, 0xE0, 0x7E, 0x03, 0xFF, 0xC0, 0x7E, 0x07,
  0xE0, 0x3F, 0xFC, 0x07, 0xE0, 0x7E, 0x03, 0xFF, 0xC0, 0x7E, 0x07, 0xE0,
  0x3F, 0xFC, 0x07, 0xE0, 0x7E, 0x03, 0xFF, 0xC0, 0x7E, 0x07, 0xE0, 0x3F,
  0xFC, 0x07, 0xE0, 0x7E, 0x03, 0xFF, 0xC0, 0x7E, 0x07, 0xE0, 0x3F, 0xFC,
  0x07, 0xE0, 0x7E, 0x03, 0xFF, 0xC0, 0x7E, 0x07, 0xE0, 0x3F, 0xFC, 0x07,
  0xE0, 0x7E, 0x03, 0xFF, 0xC0, 0x7E, 0x00, 0x00, 0x00, 0xFC, 0x07, 0xE0,
  0x00, 0x00, 0x0F, 0xC0, 0x7E, 0x00, 0x00, 0x00, 0xFC, 0x07, 0xE0, 0x00,
  0x00, 0x0F, 0xC0, 0x7E, 0x00, 0x00, 0x00, 0xFC, 0x07, 0xE0, 0x00, 0x00,
  0x0F, 0xC0, 0x7E, 0x00, 0x00, 0x00, 0xFC, 0x07, 0xE0, 0x00, 0x00, 0x0F,
  0xC0, 0x7E, 0x00, 0x00, 0x00, 0xFC, 0x07, 0xE0, 0x00, 0x00, 0x0F, 0xC0,
  0x7E, 0x00, 0x00, 0x00, 0xFC, 0x07, 0xE0, 0x00, 0x00, 0x0F, 0xC0, 0x7E,
  0x00, 0x00, 0x00, 0xFC, 0x07, 0xE0, 0x00, 0x00, 0x0F, 0xC0, 0x7E, 0x00,
  0x00, 0x00, 0xFC, 0x07, 0xE0, 0x00, 0x00, 0x0F, 0xC0, 0x7E, 0x00, 0x00,
  0x00, 0xFC, 0x07, 0xE0, 0x00, 0x00, 0x0F, 0xC0, 0x7E, 0x00, 0x00, 0x00,
  0xFC, 0x07, 0xE0, 0x00, 0x00, 0x0F, 0xC0, 0x7E, 0x00, 0x00, 0x00, 0xFC,
  0x07, 0xE0, 0x00, 0x00, 0x0F, 0xC0, 0x7E, 0x00, 0x00, 0x00, 0xFC, 0x07,
  0xE0, 0x00, 0x00, 0x0F, 0xC0, 0x7E, 0x00, 0x00, 0x00, 0xFC, 0x07, 0xE0,
  0x00, 0x00, 0x0F, 0xC0, 0x7E, 0x00, 0x00, 0x00, 0xFC, 0x07, 0xE0, 0x00,
  0x00, 0x0F, 0xC0, 0x7E, 0x00, 0x00, 0x00, 0xFC, 0x07, 0xE0, 0x00, 0x00,
  0x0F, 0xC0, 0x7E, 0x00, 0x00, 0x00, 0xFC, 0x07, 0xE0, 0x00, 0x00, 0x0F,
  0xC0, 0x7E, 0x00, 0x00, 0x00, 0xFC, 0x07, 0xE0, 0x00, 0x00, 0x0F, 0xC0,
  0x7E, 0x00, 0x00, 0x00, 0xFC, 0x07, 0xE0, 0x00, 0x00, 0x0F, 0xC0, 0x7E,
  0x00, 0x00, 0x00, 0xFC, 0x07, 0xE0, 0x00, 0x00, 0x0F, 0xC0, 0x7E, 0x00,
  0x00, 0x00, 0xFC, 0x07, 0xE0, 0x00, 0x00, 0x0F, 0xC0, 0x7E, 0x00, 0x00,
  0x00, 0xFC, 0x07, 0xE0, 0x00, 0x00, 0x0F, 0xC0, 0x7E, 0x07, 0xE0, 0x3F,
  0xFC, 0x07, 0xE0, 0x7E, 0x03, 0xFF, 0xC0, 0x7E, 0x07, 0xE0, 0x3F, 0xFC,
  0x07, 0xE0, 0x7E, 0x03, 0xFF, 0xC0, 0x7E, 0x07, 0xE0, 0x3F, 0xFC, 0x07,
  0xE0, 0x7E, 0x03, 0xFF, 0xC0, 0x7E, 0x07, 0xE0, 0x3F, 0xFC, 0x07, 0xE0,
  0x7E, 0x03, 0xFF, 0xC0, 0x7E, 0x07, 0xE0, 0x3F, 0xFC, 0x07, 0xE0, 0x7E,
  0x03, 0xFF, 0xC0, 0x7E, 0x07, 0xE0, 0x3F, 0xFC, 0x07, 0xE0, 0x7E, 0x03,
  0xFF, 0xC0, 0x7E, 0x07, 0xE0, 0x3F, 0xFC, 0x07, 0xE0, 0x7E, 0x03, 0xF0,
  0x00, 0x00, 0x07, 0xE0, 0x3F, 0x00, 0x00, 0x00, 0x7E, 0x03, 0xF0, 0x00,
  0x00, 0x07, 0xE0, 0x3F, 0x00, 0x00, 0x00, 0x7E, 0x03, 0xF0, 0x00, 0x00,
  0x07, 0xE0, 0x3F, 0x00, 0x00, 0x00, 0x7E, 0x03, 0xF0, 0x00, 0x00, 0x07,
  0xE0, 0x3F, 0x00, 0x00, 0x00, 0x7E, 0x03, 0xF0, 0x00, 0x00, 0x07, 0xE0,
  0x3F, 0x00, 0x00, 0x00, 0x7E, 0x03, 0xF0, 0x00, 0x00, 0x07, 0xE0, 0x3F,
  0x00, 0x00, 0x00, 0x7E, 0x03, 0xF0, 0x00, 0x00, 0x07, 0xE0, 0x3F, 0x00,
  0x00, 0x00, 0x7E, 0x03, 0xF0, 0x00, 0x00, 0x07, 0xE0, 0x3F, 0x00, 0x00,
  0x00, 0x7E, 0x03, 0xF0, 0x00, 0x00, 0x07, 0xE0, 0x3F, 0x00, 0x00, 0x00,
  0x7E, 0x03, 0xF0, 0x00, 0x00, 0x07, 0xE0, 0x3F, 0x00, 0x00, 0x00, 0x7E,
  0x03, 0xF0, 0x00, 0x00, 0x07, 0xE0, 0x3F, 0xFC, 0x07, 0xE0, 0x00, 0x00,
  0x0F, 0xC0, 0x7E, 0x00, 0x00, 0x00, 0xFC, 0x07, 0xE0, 0x00, 0x00, 0x0F,
  0xC0, 0x7E, 0x00, 0x00, 0x00, 0xFC, 0x07, 0xE0, 0x00, 0x00, 0x0F, 0xC0,
  0x7E, 0x00, 0x00, 0x00, 0xFC, 0x07, 0xE0, 0x00, 0x00, 0x0F, 0xC0, 0x7E,
  0x00, 0x00, 0x00, 0xFC, 0x07, 0xE0, 0x00, 0x00, 0x0F, 0xC0, 0x7E, 0x00,
  0x00, 0x00, 0xFC, 0x07, 0xE0, 0x00, 0x00, 0x0F, 0xC0, 0x7E, 0x00, 0x00,
  0x00, 0xFC, 0x07, 0xE0, 0x00, 0x00, 0x0F, 0xC0, 0x7E, 0x00, 0x00, 0x00,
  0xFC, 0x07, 0xE0, 0x00, 0x00, 0x0F, 0xC0, 0x7E, 0x00, 0x00, 0x00, 0xFC,
  0x07, 0xE0, 0x00, 0x00, 0x0F, 0xC0, 0x7E, 0x00, 0x00, 0x00, 0xFC, 0x07,
  0xE0, 0x00, 0x00, 0x0F, 0xC0, 0x7E, 0x00, 0x00, 0x00, 0xFC, 0x07, 0xE0,
  0x00, 0x00, 0x0F, 0xC0, 0x7E, 0x07, 0xE0, 0x3F, 0xFC, 0x07, 0xE0, 0x7E,
  0x03, 0xFF, 0xC0, 0x7E, 0x07, 0xE0, 0x3F, 0xFC, 0x07, 0xE0, 0x7E, 0x03,
  0xFF, 0xC0, 0x7E, 0x07, 0xE0, 0x3F, 0xFC, 0x07, 0xE0, 0x7E, 0x03, 0xFF,
  0xC0, 0x7E, 0x07, 0xE0, 0x3F, 0xFC, 0x07, 0xE0, 0x7E, 0x03, 0xFF, 0xC0,
  0x7E, 0x07, 0xE0, 0x3F, 0xFC, 0x07, 0xE0, 0x7E, 0x03, 0xFF, 0xC0, 0x7E,
  0x07, 0xE0, 0x3F, 0xFC, 0x07, 0xE0, 0x7E, 0x03, 0xFF, 0xC0, 0x7E, 0x07,
  0xE0, 0x3F, 0xFC, 0x07, 0xE0, 0x7E, 0x03, 0xF0, 0x00, 0x7E, 0x00, 0x00,
  0x3F, 0x00, 0x07, 0xE0, 0x00, 0x03, 0xF0, 0x00, 0x7E, 0x00, 0x00, 0x3F,
  0x00, 0x07, 0xE0, 0x00, 0x03, 0xF0, 0x00, 0x7E, 0x00, 0x00, 0x3F, 0x00,
  0x07, 0xE0, 0x00, 0x03, 0xF0, 0x00, 0x7E, 0x00, 0x00, 0x3F, 0x00, 0x07,
  0xE0, 0x00, 0x03, 0xF0, 0x00, 0x7E, 0x00, 0x00, 0x3F, 0x00, 0x07, 0xE0,
  0x00, 0x03, 0xF0, 0x00, 0x7E, 0x00, 0x00, 0x3F, 0x00, 0x07, 0xE0, 0x00,
  0x03, 0xF0, 0x00, 0x7E, 0x00, 0x00, 0x3F, 0x00, 0x07, 0xE0, 0x00, 0x03,
  0xF0, 0x00, 0x7E, 0x00, 0x00, 0x3F, 0x00, 0x07, 0xE0, 0x00, 0x03, 0xF0,
  0x00, 0x7E, 0x00, 0x00, 0x3F, 0x00, 0x07, 0xE0, 0x00, 0x03, 0xF0, 0x00,
  0x7E, 0x00, 0x00, 0x3F, 0x00, 0x07, 0xE0, 0x00, 0x03, 0xF0, 0x00, 0x7E,
  0x00, 0x00, 0x3F, 0xFC, 0x07, 0xE0, 0x00, 0x00, 0x0F, 0xC0, 0x7E, 0x00,
  0x00, 0x00, 0xFC, 0x07, 0xE0, 0x00, 0x00, 0x0F, 0xC0, 0x7E, 0x00, 0x00,
  0x00, 0xFC, 0x07, 0xE0, 0x00, 0x00, 0x0F, 0xC0, 0x7E, 0x00, 0x00, 0x00,
  0xFC, 0x07, 0xE0, 0x00, 0x00, 0x0F, 0xC0, 0x7E, 0x00, 0x00, 0x00, 0xFC,
  0x07, 0xE0, 0x00, 0x00, 0x0F, 0xC0, 0x7E, 0x00, 0x00, 0x00, 0xFC, 0x07,
  0xE0, 0x00, 0x00, 0x0F, 0xC0, 0x7E, 0x00, 0x00, 0x00, 0xFC, 0x07, 0xE0,
  0x00, 0x00, 0x0F, 0xC0, 0x7E, 0x00, 0x00, 0x00, 0xFC, 0x07, 0xE0, 0x00,
  0x00, 0x0F, 0xC0, 0x7E, 0x00, 0x00, 0x00, 0xFC, 0x07, 0xE0, 0x00, 0x00,
  0x0F, 0xC0, 0x7E, 0x00, 0x00, 0x00, 0xFC, 0x07, 0xE0, 0x00, 0x00, 0x0F,
  0xC0, 0x7E, 0x00, 0x00, 0x00, 0xFC, 0x07, 0xE0, 0x00, 0x00, 0x0F, 0xC0,
  0x7E, 0x07, 0xE0, 0x3F, 0xFC, 0x07, 0xE0, 0x7E, 0x03, 0xFF, 0xC0, 0x7E,
  0x07, 0xE0, 0x3F, 0xFC, 0x07, 0xE0, 0x7E, 0x03, 0xFF, 0xC0, 0x7E, 0x07,
  0xE0, 0x3F, 0xFC, 0x07, 0xE0, 0x7E, 0x03, 0xFF, 0xC0, 0x7E, 0x07, 0xE0,
  0x3F, 0xFC, 0x07, 0xE0, 0x7E, 0x03, 0xFF, 0xC0, 0x7E, 0x07, 0xE0, 0x3F,
  0xFC, 0x07, 0xE0, 0x7E, 0x03, 0xFF, 0xC0, 0x7E, 0x07, 0xE0, 0x3F, 0xFC,
  0x07, 0xE0, 0x7E, 0x03, 0xFF, 0xC0, 0x7E, 0x07, 0xE0, 0x3F, 0xFC, 0x07,
  0xE0, 0x7E, 0x03, 0xF0, 0x00, 0x7E, 0x07, 0xE0, 0x00, 0x00, 0x07, 0xE0,
  0x7E, 0x00, 0x00, 0x00, 0x7E, 0x07, 0xE0, 0x00, 0x00, 0x07, 0xE0, 0x7E,
  0x00, 0x00, 0x00, 0x7E, 0x07, 0xE0, 0x00, 0x00, 0x07, 0xE0, 0x7E, 0x00,
  0x00, 0x00, 0x7E, 0x07, 0xE0, 0x00, 0x00, 0x07, 0xE0, 0x7E, 0x00, 0x00,
  0x00, 0x7E, 0x07, 0xE0, 0x00, 0x00, 0x07, 0xE0, 0x7E, 0x00, 0x00, 0x00,
  0x7E, 0x07, 0xE0, 0x00, 0x00, 0x07, 0xE0, 0x7E, 0x00, 0x00, 0x00, 0x7E,
  0x07, 0xE0, 0x00, 0x00, 0x07, 0xE0, 0x7E, 0x00, 0x00, 0x00, 0x7E, 0x07,
  0xE0, 0x00, 0x00, 0x07, 0xE0, 0x7E, 0x00, 0x00, 0x00, 0x7E, 0x07, 0xE0,
  0x00, 0x00, 0x07, 0xE0, 0x7E, 0x00, 0x00, 0x00, 0x7E, 0x07, 0xE0, 0x00,
  0x00, 0x07, 0xE0, 0x7E, 0x00, 0x00, 0x00, 0x7E, 0x07, 0xE0, 0x00, 0xFC,
  0x07, 0xE0, 0x00, 0x00, 0x0F, 0xC0, 0x7E, 0x00, 0x00, 0x00, 0xFC, 0x07,
  0xE0, 0x00, 0x00, 0x0F, 0xC0, 0x7E, 0x00, 0x00, 0x00, 0xFC, 0x07, 0xE0,
  0x00, 0x00, 0x0F, 0xC0, 0x7E, 0x00, 0x00, 0x00, 0xFC, 0x07, 0xE0, 0x00,
  0x00, 0x0F, 0xC0, 0x7E, 0x00, 0x00, 0x00, 0xFC, 0x07, 0xE0, 0x00, 0x00,
  0x0F, 0xC0, 0x7E, 0x00, 0x00, 0x00, 0xFC, 0x07, 0xE0, 0x00, 0x00, 0x0F,
  0xC0, 0x7E, 0x00, 0x00, 0x00, 0xFC, 0x07, 0xE0, 0x00, 0x00, 0x0F, 0xC0,
  0x7E, 0x00, 0x00, 0x00, 0xFC, 0x07, 0xE0, 0x00, 0x00, 0x0F, 0xC0, 0x7E,
  0x00, 0x00, 0x00, 0xFC, 0x07, 0xE0, 0x00, 0x00, 0x0F, 0xC0, 0x7E, 0x00,
  0x00, 0x00, 0xFC, 0x07, 0xE0, 0x00, 0x00, 0x0F, 0xC0, 0x7E, 0x00, 0x00,
  0x00, 0xFC, 0x07, 0xE0, 0x00, 0x00, 0x0F, 0xC0, 0x7E, 0x07, 0xE0, 0x3F,
  0xFC, 0x07, 0xE0, 0x7E, 0x03, 0xFF, 0xC0, 0x7E, 0x07, 0xE0, 0x3F, 0xFC,
  0x07, 0xE0, 0x7E, 0x03, 0xFF, 0xC0, 0x7E, 0x07, 0xE0, 0x3F, 0xFC, 0x07,
  0xE0, 0x7E, 0x03, 0xFF, 0xC0, 0x7E, 0x07, 0xE0, 0x3F, 0xFC, 0x07, 0xE0,
  0x7E, 0x03, 0xFF, 0xC0, 0x7E, 0x07, 0xE0, 0x3F, 0xFC, 0x07, 0xE0, 0x7E,
  0x03, 0xFF, 0xC0, 0x7E, 0x07, 0xE0, 0x3F, 0xFC, 0x07, 0xE0, 0x7E, 0x03,
  0xFF, 0xC0, 0x7E, 0x07, 0xE0, 0x3F, 0xFC, 0x07, 0xE0, 0x7E, 0x03, 0xFF,
  0xC0, 0x00, 0x00, 0x00, 0x3F, 0xFC, 0x00, 0x00, 0x00, 0x03, 0xFF, 0xC0,
  0x00, 0x00, 0x00, 0x3F, 0xFC, 0x00, 0x00, 0x00, 0x03, 0xFF, 0xC0, 0x00,
  0x00, 0x00, 0x3F, 0xFC, 0x00, 0x00, 0x00, 0x03, 0xFF, 0xC0, 0x00, 0x00,
  0x00, 0x3F, 0xFC, 0x00, 0x00, 0x00, 0x03, 0xFF, 0xC0, 0x00, 0x00, 0x00,
  0x3F, 0xFC, 0x00, 0x00, 0x00, 0x03, 0xFF, 0xC0, 0x00, 0x00, 0x00, 0x3F,
  0xFC, 0x00, 0x00, 0x00, 0x03, 0xFF, 0xC0, 0x00, 0x00, 0x00, 0x3F, 0xFC,
  0x00, 0x00, 0x00, 0x03, 0xFF, 0xC0, 0x00, 0x00, 0x00, 0x3F, 0xFC, 0x00,
  0x00, 0x00, 0x03, 0xFF, 0xC0, 0x00, 0x00, 0x00, 0x3F, 0xFC, 0x00, 0x00,
  0x00, 0x03, 0xFF, 0xC0, 0x00, 0x00, 0x00, 0x3F, 0xFC, 0x00, 0x00, 0x00,
  0x03, 0xFF, 0xC0, 0x00, 0x00, 0x00, 0x3F, 0xFC, 0x07, 0xE0, 0x00, 0x00,
  0x0F, 0xC0, 0x7E, 0x00, 0x00, 0x00, 0xFC, 0x07, 0xE0, 0x00, 0x00, 0x0F,
  0xC0, 0x7E, 0x00, 0x00, 0x00, 0xFC, 0x07, 0xE0, 0x00, 0x00, 0x0F, 0xC0,
  0x7E, 0x00, 0x00, 0x00, 0xFC, 0x07, 0xE0, 0x00, 0x00, 0x0F, 0xC0, 0x7E,
  0x00, 0x00, 0x00, 0xFC, 0x07, 0xE0, 0x00, 0x00, 0x0F, 0xC0, 0x7E, 0x00,
  0x00, 0x00, 0xFC, 0x07, 0xE0, 0x00, 0x00, 0x0F, 0xC0, 0x7E, 0x00, 0x00,
  0x00, 0xFC, 0x07, 0xE0, 0x00, 0x00, 0x0F, 0xC0, 0x7E, 0x00, 0x00, 0x00,
  0xFC, 0x07, 0xE0, 0x00, 0x00, 0x0F, 0xC0, 0x7E, 0x00, 0x00, 0x00, 0xFC,
  0x07, 0xE0, 0x00, 0x00, 0x0F, 0xC0, 0x7E, 0x00, 0x00, 0x00, 0xFC, 0x07,
  0xE0, 0x00, 0x00, 0x0F, 0xC0, 0x7E, 0x00, 0x00, 0x00, 0xFC, 0x07, 0xE0,
  0x00, 0x00, 0x0F, 0xC0, 0x7E, 0x07, 0xE0, 0x3F, 0xFC, 0x07, 0xE0, 0x7E,
  0x03, 0xFF, 0xC0, 0x7E, 0x07, 0xE0, 0x3F, 0xFC, 0x07, 0xE0, 0x7E, 0x03,
  0xFF, 0xC0, 0x7E, 0x07, 0xE0, 0x3F, 0xFC, 0x07, 0xE0, 0x7E, 0x03, 0xFF,
  0xC0, 0x7E, 0x07, 0xE0, 0x3F, 0xFC, 0x07, 0xE0, 0x7E, 0x03, 0xFF, 0xC0,
  0x7E, 0x07, 0xE0, 0x3F, 0xFC, 0x07, 0xE0, 0x7E, 0x03, 0xFF, 0xC0, 0x7E,
  0x07, 0xE0, 0x3F, 0xFC, 0x07, 0xE0, 0x7E, 0x03, 0xFF, 0xC0, 0x7E, 0x07,
  0xE0, 0x3F, 0xFC, 0x07, 0xE0, 0x7E, 0x03, 0xFF, 0xC0, 0x00, 0x07, 0xE0,
  0x00, 0xFC, 0x00, 0x00, 0x7E, 0x00, 0x0F, 0xC0, 0x00, 0x07, 0xE0, 0x00,
  0xFC, 0x00, 0x00, 0x7E, 0x00, 0x0F, 0xC0, 0x00, 0x07, 0xE0, 0x00, 0xFC,
  0x00, 0x00, 0x7E, 0x00, 0x0F, 0xC0, 0x00, 0x07, 0xE0, 0x00, 0xFC, 0x00,
  0x00, 0x7E, 0x00, 0x0F, 0xC0, 0x00, 0x07, 0xE0, 0x00, 0xFC, 0x00, 0x00,
  0x7E, 0x00, 0x0F, 0xC0, 0x00, 0x07, 0xE0, 0x00, 0xFC, 0x00, 0x00, 0x7E,
  0x00, 0x0F, 0xC0, 0x00, 0x07, 0xE0, 0x00, 0xFC, 0x00, 0x00, 0x7E, 0x00,
  0x0F, 0xC0, 0x00, 0x07, 0xE0, 0x00, 0xFC, 0x00, 0x00, 0x7E, 0x00, 0x0F,
  0xC0, 0x00, 0x07, 0xE0, 0x00, 0xFC, 0x00, 0x00, 0x7E, 0x00, 0x0F, 0xC0,
  0x00, 0x07, 0xE0, 0x00, 0xFC, 0x00, 0x00, 0x7E, 0x00, 0x0F, 0xC0, 0x00,
  0x07, 0xE0, 0x00, 0xFC, 0x07, 0xE0, 0x00, 0x00, 0x0F, 0xC0, 0x7E, 0x00,
  0x00, 0x00, 0xFC, 0x07, 0xE0, 0x00, 0x00, 0x0F, 0xC0, 0x7E, 0x00, 0x00,
  0x00, 0xFC, 0x07, 0xE0, 0x00, 0x00, 0x0F, 0xC0, 0x7E, 0x00, 0x00, 0x00,
  0xFC, 0x07, 0xE0, 0x00, 0x00, 0x0F, 0xC0, 0x7E, 0x00, 0x00, 0x00, 0xFC,
  0x07, 0xE0, 0x00, 0x00, 0x0F, 0xC0, 0x7E, 0x00, 0x00, 0x00, 0xFC, 0x07,
  0xE0, 0x00, 0x00, 0x0F, 0xC0, 0x7E, 0x00, 0x00, 0x00, 0xFC, 0x07, 0xE0,
  0x00, 0x00, 0x0F, 0xC0, 0x7E, 0x00, 0x00, 0x00, 0xFC, 0x07, 0xE0, 0x00,
  0x00, 0x0F, 0xC0, 0x7E, 0x00, 0x00, 0x00, 0xFC, 0x07, 0xE0, 0x00, 0x00,
  0x0F, 0xC0, 0x7E, 0x00, 0x00, 0x00, 0xFC, 0x07, 0xE0, 0x00, 0x00, 0x0F,
  0xC0, 0x7E, 0x00, 0x00, 0x00, 0xFC, 0x07, 0xE0, 0x00, 0x00, 0x0F, 0xC0,
  0x7E, 0x07, 0xE0, 0x3F, 0xFC, 0x07, 0xE0, 0x7E, 0x03, 0xFF, 0xC0, 0x7E,
  0x07, 0xE0, 0x3F, 0xFC, 0x07, 0xE0, 0x7E, 0x03, 0xFF, 0xC0, 0x7E, 0x07,
  0xE0, 0x3F, 0xFC, 0x07, 0xE0, 0x7E, 0x03, 0xFF, 0xC0, 0x7E, 0x07, 0xE0,
  0x3F, 0xFC, 0x07, 0xE0, 0x7E, 0x03, 0xFF, 0xC0, 0x7E, 0x07, 0xE0, 0x3F,
  0xFC, 0x07, 0xE0, 0x7E, 0x03, 0xFF, 0xC0, 0x7E, 0x07, 0xE0, 0x3F, 0xFC,
  0x07, 0xE0, 0x7E, 0x03, 0xFF, 0xC0, 0x7E, 0x07, 0xE0, 0x3F, 0xFC, 0x07,
  0xE0, 0x7E, 0x03, 0xFF, 0xC0, 0x7E, 0x00, 0x00, 0x00, 0xFC, 0x07, 0xE0,
  0x00, 0x00, 0x0F, 0xC0, 0x7E, 0x00, 0x00, 0x00, 0xFC, 0x07, 0xE0, 0x00,
  0x00, 0x0F, 0xC0, 0x7E, 0x00, 0x00, 0x00, 0xFC, 0x07, 0xE0, 0x00, 0x00,
  0x0F, 0xC0, 0x7E, 0x00, 0x00, 0x00, 0xFC, 0x07, 0xE0, 0x00, 0x00, 0x0F,
  0xC0, 0x7E, 0x00, 0x00, 0x00, 0xFC, 0x07, 0xE0, 0x00, 0x00, 0x0F, 0xC0,
  0x7E, 0x00, 0x00, 0x00, 0xFC, 0x07, 0xE0, 0x00, 0x00, 0x0F, 0xC0, 0x7E,
  0x00, 0x00, 0x00, 0xFC, 0x07, 0xE0, 0x00, 0x00, 0x0F, 0xC0, 0x7E, 0x00,
  0x00, 0x00, 0xFC, 0x07, 0xE0, 0x00, 0x00, 0x0F, 0xC0, 0x7E, 0x00, 0x00,
  0x00, 0xFC, 0x07, 0xE0, 0x00, 0x00, 0x0F, 0xC0, 0x7E, 0x00, 0x00, 0x00,
  0xFC, 0x07, 0xE0, 0x00, 0x00, 0x0F, 0xC0, 0x7E, 0x00, 0x00, 0x00, 0x00,
  0x00, 0x00, 0x00, 0x00, 0x00, 0x00, 0x07, 0xE0, 0x00, 0x03, 0xF0, 0x00,
  0x7E, 0x00, 0x00, 0x3F, 0x00, 0x07, 0xE0, 0x00, 0x03, 0xF0, 0x00, 0x7E,
  0x00, 0x00, 0x3F, 0x00, 0x07, 0xE0, 0x00, 0x03, 0xF0, 0x00, 0x7E, 0x00,
  0x00, 0x3F, 0x00, 0x07, 0xE0, 0x00, 0x03, 0xF0, 0x00, 0x7E, 0x00, 0x00,
  0x3F, 0x00, 0x07, 0xE0, 0x00, 0x03, 0xF0, 0x00, 0x7E, 0x00, 0x00, 0x3F,
  0x00, 0x07, 0xE0, 0x00, 0x03, 0xF0, 0x00, 0x7E, 0x00, 0x00, 0x3F, 0x00,
  0x07, 0xE0, 0x00, 0x03, 0xF0, 0x00, 0x7E, 0x00, 0x00, 0x3F, 0x00, 0x07,
  0xE0, 0x00, 0x03, 0xF0, 0x00, 0x7E, 0x00, 0x00, 0x3F, 0x00, 0x07, 0xE0,
  0x00, 0x03, 0xF0, 0x00, 0x7E, 0x00, 0x00, 0x3F, 0x00, 0x07, 0xE0, 0x00,
  0x03, 0xF0, 0x00, 0x7E, 0x00, 0x00, 0x3F, 0x00, 0x07, 0xE0, 0x00, 0x03,
  0xFF, 0xC0, 0x7E, 0x07, 0xE0, 0x3F, 0xFC, 0x07, 0xE0, 0x7E, 0x03, 0xFF,
  0xC0, 0x7E, 0x07, 0xE0, 0x3F, 0xFC, 0x07, 0xE0, 0x7E, 0x03, 0xFF, 0xC0,
  0x7E, 0x07, 0xE0, 0x3F, 0xFC, 0x07, 0xE0, 0x7E, 0x03, 0xFF, 0xC0, 0x7E,
  0x07, 0xE0, 0x3F, 0xFC, 0x07, 0xE0, 0x7E, 0x03, 0xFF, 0xC0, 0x7E, 0x07,
  0xE0, 0x3F, 0xFC, 0x07, 0xE0, 0x7E, 0x03, 0xFF, 0xC0, 0x7E, 0x07, 0xE0,
  0x3F, 0xFC, 0x07, 0xE0, 0x7E, 0x03, 0xFF, 0xC0, 0x7E, 0x07, 0xE0, 0x3F,
  0xFC, 0x07, 0xE0, 0x7E, 0x03, 0xFF, 0xC0, 0x00, 0x07, 0xE0, 0x00, 0xFC,
  0x00, 0x00, 0x7E, 0x00, 0x0F, 0xC0, 0x00, 0x07, 0xE0, 0x00, 0xFC, 0x00,
  0x00, 0x7E, 0x00, 0x0F, 0xC0, 0x00, 0x07, 0xE0, 0x00, 0xFC, 0x00, 0x00,
  0x7E, 0x00, 0x0F, 0xC0, 0x00, 0x07, 0xE0, 0x00, 0xFC, 0x00, 0x00, 0x7E,
  0x00, 0x0F, 0xC0, 0x00, 0x07, 0xE0, 0x00, 0xFC, 0x00, 0x00, 0x7E, 0x00,
  0x0F, 0xC0, 0x00, 0x07, 0xE0, 0x00, 0xFC, 0x00, 0x00, 0x7E, 0x00, 0x0F,
  0xC0, 0x00, 0x07, 0xE0, 0x00, 0xFC, 0x00, 0x00, 0x7E, 0x00, 0x0F, 0xC0,
  0x00, 0x07, 0xE0, 0x00, 0xFC, 0x00, 0x00, 0x7E, 0x00, 0x0F, 0xC0, 0x00,
  0x07, 0xE0, 0x00, 0xFC, 0x00, 0x00, 0x7E, 0x00, 0x0F, 0xC0, 0x00, 0x07,
  0xE0, 0x00, 0xFC, 0x00, 0x00, 0x7E, 0x00, 0x0F, 0xC0, 0x00, 0x07, 0xE0,
  0x00, 0x00, 0x07, 0xE0, 0x00, 0x03, 0xF0, 0x00, 0x7E, 0x00, 0x00, 0x3F,
  0x00, 0x07, 0xE0, 0x00, 0x03, 0xF0, 0x00, 0x7E, 0x00, 0x00, 0x3F, 0x00,
  0x07, 0xE0, 0x00, 0x03, 0xF0, 0x00, 0x7E, 0x00, 0x00, 0x3F, 0x00, 0x07,
  0xE0, 0x00, 0x03, 0xF0, 0x00, 0x7E, 0x00, 0x00, 0x3F, 0x00, 0x07, 0xE0,
  0x00, 0x03, 0xF0, 0x00, 0x7E, 0x00, 0x00, 0x3F, 0x00, 0x07, 0xE0, 0x00,
  0x03, 0xF0, 0x00, 0x7E, 0x00, 0x00, 0x3F, 0x00, 0x07, 0xE0, 0x00, 0x03,
  0xF0, 0x00, 0x7E, 0x00, 0x00, 0x3F, 0x00, 0x07, 0xE0, 0x00, 0x03, 0xF0,
  0x00, 0x7E, 0x00, 0x00, 0x3F, 0x00, 0x07, 0xE0, 0x00, 0x03, 0xF0, 0x00,
  0x7E, 0x00, 0x00, 0x3F, 0x00, 0x07, 0xE0, 0x00, 0x03, 0xF0, 0x00, 0x7E,
  0x00, 0x00, 0x3F, 0x00, 0x07, 0xE0, 0x00, 0x03, 0xFF, 0xC0, 0x7E, 0x07,
  0xE0, 0x3F, 0xFC, 0x07, 0xE0, 0x7E, 0x03, 0xFF, 0xC0, 0x7E, 0x07, 0xE0,
  0x3F, 0xFC, 0x07, 0xE0, 0x7E, 0x03, 0xFF, 0xC0, 0x7E, 0x07, 0xE0, 0x3F,
  0xFC, 0x07, 0xE0, 0x7E, 0x03, 0xFF, 0xC0, 0x7E, 0x07, 0xE0, 0x3F, 0xFC,
  0x07, 0xE0, 0x7E, 0x03, 0xFF, 0xC0, 0x7E, 0x07, 0xE0, 0x3F, 0xFC, 0x07,
  0xE0, 0x7E, 0x03, 0xFF, 0xC0, 0x7E, 0x07, 0xE0, 0x3F, 0xFC, 0x07, 0xE0,
  0x7E, 0x03, 0xFF, 0xC0, 0x7E, 0x07, 0xE0, 0x3F, 0xFC, 0x07, 0xE0, 0x7E,
  0x03, 0xFF, 0xC0, 0x7E, 0x00, 0x00, 0x00, 0xFC, 0x07, 0xE0, 0x00, 0x00,
  0x0F, 0xC0, 0x7E, 0x00, 0x00, 0x00, 0xFC, 0x07, 0xE0, 0x00, 0x00, 0x0F,
  0xC0, 0x7E, 0x00, 0x00, 0x00, 0xFC, 0x07, 0xE0, 0x00, 0x00, 0x0F, 0xC0,
  0x7E, 0x00, 0x00, 0x00, 0xFC, 0x07, 0xE0, 0x00, 0x00, 0x0F, 0xC0, 0x7E,
  0x00, 0x00, 0x00, 0xFC, 0x07, 0xE0, 0x00, 0x00, 0x0F, 0xC0, 0x7E, 0x00,
  0x00, 0x00, 0xFC, 0x07, 0xE0, 0x00, 0x00, 0x0F, 0xC0, 0x7E, 0x00, 0x00,
  0x00, 0xFC, 0x07, 0xE0, 0x00, 0x00, 0x0F, 0xC0, 0x7E, 0x00, 0x00, 0x00,
  0xFC, 0x07, 0xE0, 0x00, 0x00, 0x0F, 0xC0, 0x7E, 0x00, 0x00, 0x00, 0xFC,
  0x07, 0xE0, 0x00, 0x00, 0x0F, 0xC0, 0x7E, 0x00, 0x00, 0x00, 0xFC, 0x07,
  0xE0, 0x00, 0x00, 0x0F, 0xC0, 0x7E, 0x00, 0x00, 0x00, 0x00, 0x07, 0xE0,
  0x7E, 0x00, 0x00, 0x00, 0x7E, 0x07, 0xE0, 0x00, 0x00, 0x07, 0xE0, 0x7E,
  0x00, 0x00, 0x00, 0x7E, 0x07, 0xE0, 0x00, 0x00, 0x07, 0xE0, 0x7E, 0x00,
  0x00, 0x00, 0x7E, 0x07, 0xE0, 0x00, 0x00, 0x07, 0xE0, 0x7E, 0x00, 0x00,
  0x00, 0x7E, 0x07, 0xE0, 0x00, 0x00, 0x07, 0xE0, 0x7E, 0x00, 0x00, 0x00,
  0x7E, 0x07, 0xE0, 0x00, 0x00, 0x07, 0xE0, 0x7E, 0x00, 0x00, 0x00, 0x7E,
  0x07, 0xE0, 0x00, 0x00, 0x07, 0xE0, 0x7E, 0x00, 0x00, 0x00, 0x7E, 0x07,
  0xE0, 0x00, 0x00, 0x07, 0xE0, 0x7E, 0x00, 0x00, 0x00, 0x7E, 0x07, 0xE0,
  0x00, 0x00, 0x07, 0xE0, 0x7E, 0x00, 0x00, 0x00, 0x7E, 0x07, 0xE0, 0x00,
  0x00, 0x07, 0xE0, 0x7E, 0x00, 0x00, 0x00, 0x7E, 0x07, 0xE0, 0x00, 0x00,
  0x07, 0xE0, 0x7E, 0x00, 0x0F, 0xC0, 0x7E, 0x07, 0xE0, 0x3F, 0xFC, 0x07,
  0xE0, 0x7E, 0x03, 0xFF, 0xC0, 0x7E, 0x07, 0xE0, 0x3F, 0xFC, 0x07, 0xE0,
  0x7E, 0x03, 0xFF, 0xC0, 0x7E, 0x07, 0xE0, 0x3F, 0xFC, 0x07, 0xE0, 0x7E,
  0x03, 0xFF, 0xC0, 0x7E, 0x07, 0xE0, 0x3F, 0xFC, 0x07, 0xE0, 0x7E, 0x03,
  0xFF, 0xC0, 0x7E, 0x07, 0xE0, 0x3F, 0xFC, 0x07, 0xE0, 0x7E, 0x03, 0xFF,
  0xC0, 0x7E, 0x07, 0xE0, 0x3F, 0xFC, 0x07, 0xE0, 0x7E, 0x03, 0xFF, 0xC0,
  0x7E, 0x07, 0xE0, 0x3F, 0xFC, 0x07, 0xE0, 0x7E, 0x03, 0xF0, 0x00, 0x00,
  0x07, 0xE0, 0x3F, 0x00, 0x00, 0x00, 0x7E, 0x03, 0xF0, 0x00, 0x00, 0x07,
  0xE0, 0x3F, 0x00, 0x00, 0x00, 0x7E, 0x03, 0xF0, 0x00, 0x00, 0x07, 0xE0,
  0x3F, 0x00, 0x00, 0x00, 0x7E, 0x03, 0xF0, 0x00, 0x00, 0x07, 0xE0, 0x3F,
  0x00, 0x00, 0x00, 0x7E, 0x03, 0xF0, 0x00, 0x00, 0x07, 0xE0, 0x3F, 0x00,
  0x00, 0x00, 0x7E, 0x03, 0xF0, 0x00, 0x00, 0x07, 0xE0, 0x3F, 0x00, 0x00,
  0x00, 0x7E, 0x03, 0xF0, 0x00, 0x00, 0x07, 0xE0, 0x3F, 0x00, 0x00, 0x00,
  0x7E, 0x03, 0xF0, 0x00, 0x00, 0x07, 0xE0, 0x3F, 0x00, 0x00, 0x00, 0x7E,
  0x03, 0xF0, 0x00, 0x00, 0x07, 0xE0, 0x3F, 0x00, 0x00, 0x00, 0x7E, 0x03,
  0xF0, 0x00, 0x00, 0x07, 0xE0, 0x3F, 0x00, 0x00, 0x00, 0x7E, 0x03, 0xF0,
  0x00, 0x00, 0x07, 0xE0, 0x3F, 0x00, 0x07, 0xE0, 0x7E, 0x00, 0x00, 0x00,
  0x7E, 0x07, 0xE0, 0x00, 0x00, 0x07, 0xE0, 0x7E, 0x00, 0x00, 0x00, 0x7E,
  0x07, 0xE0, 0x00, 0x00, 0x07, 0xE0, 0x7E, 0x00, 0x00, 0x00, 0x7E, 0x07,
  0xE0, 0x00, 0x00, 0x07, 0xE0, 0x7E, 0x00, 0x00, 0x00, 0x7E, 0x07, 0xE0,
  0x00, 0x00, 0x07, 0xE0, 0x7E, 0x00, 0x00, 0x00, 0x7E, 0x07, 0xE0, 0x00,
  0x00, 0x07, 0xE0, 0x7E, 0x00, 0x00, 0x00, 0x7E, 0x07, 0xE0, 0x00, 0x00,
  0x07, 0xE0, 0x7E, 0x00, 0x00, 0x00, 0x7E, 0x07, 0xE0, 0x00, 0x00, 0x07,
  0xE0, 0x7E, 0x00, 0x00, 0x00, 0x7E, 0x07, 0xE0, 0x00, 0x00, 0x07, 0xE0,
  0x7E, 0x00, 0x00, 0x00, 0x7E, 0x07, 0xE0, 0x00, 0x00, 0x07, 0xE0, 0x7E,
  0x00, 0x00, 0x00, 0x7E, 0x07, 0xE0, 0x00, 0x00, 0x07, 0xE0, 0x7E, 0x00,
  0x0F, 0xC0, 0x7E, 0x07, 0xE0, 0x3F, 0xFC, 0x07, 0xE0, 0x7E, 0x03, 0xFF,
  0xC0, 0x7E, 0x07, 0xE0, 0x3F, 0xFC, 0x07, 0xE0, 0x7E, 0x03, 0xFF, 0xC0,
  0x7E, 0x07, 0xE0, 0x3F, 0xFC, 0x07, 0xE0, 0x7E, 0x03, 0xFF, 0xC0, 0x7E,
  0x07, 0xE0, 0x3F, 0xFC, 0x07, 0xE0, 0x7E, 0x03, 0xFF, 0xC0, 0x7E, 0x07,
  0xE0, 0x3F, 0xFC, 0x07, 0xE0, 0x7E, 0x03, 0xFF, 0xC0, 0x7E, 0x07, 0xE0,
  0x3F, 0xFC, 0x07, 0xE0, 0x7E, 0x03, 0xFF, 0xC0, 0x7E, 0x07, 0xE0, 0x3F,
  0xFC, 0x07, 0xE0, 0x7E, 0x03, 0xF0, 0x00, 0x7E, 0x00, 0x00, 0x3F, 0x00,
  0x07, 0xE0, 0x00, 0x03, 0xF0, 0x00, 0x7E, 0x00, 0x00, 0x3F, 0x00, 0x07,
  0xE0, 0x00, 0x03, 0xF0, 0x00, 0x7E, 0x00, 0x00, 0x3F, 0x00, 0x07, 0xE0,
  0x00, 0x03, 0xF0, 0x00, 0x7E, 0x00, 0x00, 0x3F, 0x00, 0x07, 0xE0, 0x00,
  0x03, 0xF0, 0x00, 0x7E, 0x00, 0x00, 0x3F, 0x00, 0x07, 0xE0, 0x00, 0x03,
  0xF0, 0x00, 0x7E, 0x00, 0x00, 0x3F, 0x00, 0x07, 0xE0, 0x00, 0x03, 0xF0,
  0x00, 0x7E, 0x00, 0x00, 0x3F, 0x00, 0x07, 0xE0, 0x00, 0x03, 0xF0, 0x00,
  0x7E, 0x00, 0x00, 0x3F, 0x00, 0x07, 0xE0, 0x00, 0x03, 0xF0, 0x00, 0x7E,
  0x00, 0x00, 0x3F, 0x00, 0x07, 0xE0, 0x00, 0x03, 0xF0, 0x00, 0x7E, 0x00,
  0x00, 0x3F, 0x00, 0x07, 0xE0, 0x00, 0x03, 0xF0, 0x00, 0x7E, 0x00, 0x00,
  0x3F, 0x00, 0x07, 0xE0, 0x7E, 0x00, 0x00, 0x00, 0x7E, 0x07, 0xE0, 0x00,
  0x00, 0x07, 0xE0, 0x7E, 0x00, 0x00, 0x00, 0x7E, 0x07, 0xE0, 0x00, 0x00,
  0x07, 0xE0, 0x7E, 0x00, 0x00, 0x00, 0x7E, 0x07, 0xE0, 0x00, 0x00, 0x07,
  0xE0, 0x7E, 0x00, 0x00, 0x00, 0x7E, 0x07, 0xE0, 0x00, 0x00, 0x07, 0xE0,
  0x7E, 0x00, 0x00, 0x00, 0x7E, 0x07, 0xE0, 0x00, 0x00, 0x07, 0xE0, 0x7E,
  0x00, 0x00, 0x00, 0x7E, 0x07, 0xE0, 0x00, 0x00, 0x07, 0xE0, 0x7E, 0x00,
  0x00, 0x00, 0x7E, 0x07, 0xE0, 0x00, 0x00, 0x07, 0xE0, 0x7E, 0x00, 0x00,
  0x00, 0x7E, 0x07, 0xE0, 0x00, 0x00, 0x07, 0xE0, 0x7E, 0x00, 0x00, 0x00,
  0x7E, 0x07, 0xE0, 0x00, 0x00, 0x07, 0xE0, 0x7E, 0x00, 0x00, 0x00, 0x7E,
  0x07, 0xE0, 0x00, 0x00, 0x07, 0xE0, 0x7E, 0x00, 0x0F, 0xC0, 0x7E, 0x07,
  0xE0, 0x3F, 0xFC, 0x07, 0xE0, 0x7E, 0x03, 0xFF, 0xC0, 0x7E, 0x07, 0xE0,
  0x3F, 0xFC, 0x07, 0xE0, 0x7E, 0x03, 0xFF, 0xC0, 0x7E, 0x07, 0xE0, 0x3F,
  0xFC, 0x07, 0xE0, 0x7E, 0x03, 0xFF, 0xC0, 0x7E, 0x07, 0xE0, 0x3F, 0xFC,
  0x07, 0xE0, 0x7E, 0x03, 0xFF, 0xC0, 0x7E, 0x07, 0xE0, 0x3F, 0xFC, 0x07,
  0xE0, 0x7E, 0x03, 0xFF, 0xC0, 0x7E, 0x07, 0xE0, 0x3F, 0xFC, 0x07, 0xE0,
  0x7E, 0x03, 0xFF, 0xC0, 0x7E, 0x07, 0xE0, 0x3F, 0xFC, 0x07, 0xE0, 0x7E,
  0x03, 0xF0, 0x00, 0x7E, 0x07, 0xE0, 0x00, 0x00, 0x07, 0xE0, 0x7E, 0x00,
  0x00, 0x00, 0x7E, 0x07, 0xE0, 0x00, 0x00, 0x07, 0xE0, 0x7E, 0x00, 0x00,
  0x00, 0x7E, 0x07, 0xE0, 0x00, 0x00, 0x07, 0xE0, 0x7E, 0x00, 0x00, 0x00,
  0x7E, 0x07, 0xE0, 0x00, 0x00, 0x07, 0xE0, 0x7E, 0x00, 0x00, 0x00, 0x7E,
  0x07, 0xE0, 0x00, 0x00, 0x07, 0xE0, 0x7E, 0x00, 0x00, 0x00, 0x7E, 0x07,
  0xE0, 0x00, 0x00, 0x07, 0xE0, 0x7E, 0x00, 0x00, 0x00, 0x7E, 0x07, 0xE0,
  0x00, 0x00, 0x07, 0xE0, 0x7E, 0x00, 0x00, 0x00, 0x7E, 0x07, 0xE0, 0x00,
  0x00, 0x07, 0xE0, 0x7E, 0x00, 0x00, 0x00, 0x7E, 0x07, 0xE0, 0x00, 0x00,
  0x07, 0xE0, 0x7E, 0x00, 0x00, 0x00, 0x7E, 0x07, 0xE0, 0x00, 0x00, 0x07,
  0xE0, 0x7E, 0x00, 0x00, 0x00, 0x7E, 0x07, 0xE0, 0x00, 0x00, 0x07, 0xE0,
  0x7E, 0x00, 0x00, 0x00, 0x7E, 0x07, 0xE0, 0x00, 0x00, 0x07, 0xE0, 0x7E,
  0x00, 0x00, 0x00, 0x7E, 0x07, 0xE0, 0x00, 0x00, 0x07, 0xE0, 0x7E, 0x00,
  0x00, 0x00, 0x7E, 0x07, 0xE0, 0x00, 0x00, 0x07, 0xE0, 0x7E, 0x00, 0x00,
  0x00, 0x7E, 0x07, 0xE0, 0x00, 0x00, 0x07, 0xE0, 0x7E, 0x00, 0x00, 0x00,
  0x7E, 0x07, 0xE0, 0x00, 0x00, 0x07, 0xE0, 0x7E, 0x00, 0x00, 0x00, 0x7E,
  0x07, 0xE0, 0x00, 0x00, 0x07, 0xE0, 0x7E, 0x00, 0x00, 0x00, 0x7E, 0x07,
  0xE0, 0x00, 0x00, 0x07, 0xE0, 0x7E, 0x00, 0x00, 0x00, 0x7E, 0x07, 0xE0,
  0x00, 0x00, 0x07, 0xE0, 0x7E, 0x00, 0x00, 0x00, 0x7E, 0x07, 0xE0, 0x00,
  0x00, 0x07, 0xE0, 0x7E, 0x00, 0x00, 0x00, 0x7E, 0x07, 0xE0, 0x00, 0x00,
  0x07, 0xE0, 0x7E, 0x00, 0x0F, 0xC0, 0x7E, 0x07, 0xE0, 0x3F, 0xFC, 0x07,
  0xE0, 0x7E, 0x03, 0xFF, 0xC0, 0x7E, 0x07, 0xE0, 0x3F, 0xFC, 0x07, 0xE0,
  0x7E, 0x03, 0xFF, 0xC0, 0x7E, 0x07, 0xE0, 0x3F, 0xFC, 0x07, 0xE0, 0x7E,
  0x03, 0xFF, 0xC0, 0x7E, 0x07, 0xE0, 0x3F, 0xFC, 0x07, 0xE0, 0x7E, 0x03,
  0xFF, 0xC0, 0x7E, 0x07, 0xE0, 0x3F, 0xFC, 0x07, 0xE0, 0x7E, 0x03, 0xFF,
  0xC0, 0x7E, 0x07, 0xE0, 0x3F, 0xFC, 0x07, 0xE0, 0x7E, 0x03, 0xFF, 0xC0,
  0x7E, 0x07, 0xE0, 0x3F, 0xFC, 0x07, 0xE0, 0x7E, 0x03, 0xFF, 0xC0, 0x00,
  0x00, 0x00, 0x3F, 0xFC, 0x00, 0x00, 0x00, 0x03, 0xFF, 0xC0, 0x00, 0x00,
  0x00, 0x3F, 0xFC, 0x00, 0x00, 0x00, 0x03, 0xFF, 0xC0, 0x00, 0x00, 0x00,
  0x3F, 0xFC, 0x00, 0x00, 0x00, 0x03, 0xFF, 0xC0, 0x00, 0x00, 0x00, 0x3F,
  0xFC, 0x00, 0x00, 0x00, 0x03, 0xFF, 0xC0, 0x00, 0x00, 0x00, 0x3F, 0xFC,
  0x00, 0x00, 0x00, 0x03, 0xFF, 0xC0, 0x00, 0x00, 0x00, 0x3F, 0xFC, 0x00,
  0x00, 0x00, 0x03, 0xFF, 0xC0, 0x00, 0x00, 0x00, 0x3F, 0xFC, 0x00, 0x00,
  0x00, 0x03, 0xFF, 0xC0, 0x00, 0x00, 0x00, 0x3F, 0xFC, 0x00, 0x00, 0x00,
  0x03, 0xFF, 0xC0, 0x00, 0x00, 0x00, 0x3F, 0xFC, 0x00, 0x00, 0x00, 0x03,
  0xFF, 0xC0, 0x00, 0x00, 0x00, 0x3F, 0xFC, 0x00, 0x00, 0x00, 0x03, 0xFF,
  0xC0, 0x00, 0x00, 0x00, 0x3F, 0x00, 0x07, 0xE0, 0x7E, 0x00, 0x00, 0x00,
  0x7E, 0x07, 0xE0, 0x00, 0x00, 0x07, 0xE0, 0x7E, 0x00, 0x00, 0x00, 0x7E,
  0x07, 0xE0, 0x00, 0x00, 0x07, 0xE0, 0x7E, 0x00, 0x00, 0x00, 0x7E, 0x07,
  0xE0, 0x00, 0x00, 0x07, 0xE0, 0x7E, 0x00, 0x00, 0x00, 0x7E, 0x07, 0xE0,
  0x00, 0x00, 0x07, 0xE0, 0x7E, 0x00, 0x00, 0x00, 0x7E, 0x07, 0xE0, 0x00,
  0x00, 0x07, 0xE0, 0x7E, 0x00, 0x00, 0x00, 0x7E, 0x07, 0xE0, 0x00, 0x00,
  0x07, 0xE0, 0x7E, 0x00, 0x00, 0x00, 0x7E, 0x07, 0xE0, 0x00, 0x00, 0x07,
  0xE0, 0x7E, 0x00, 0x00, 0x00, 0x7E, 0x07, 0xE0, 0x00, 0x00, 0x07, 0xE0,
  0x7E, 0x00, 0x00, 0x00, 0x7E, 0x07, 0xE0, 0x00, 0x00, 0x07, 0xE0, 0x7E,
  0x00, 0x00, 0x00, 0x7E, 0x07, 0xE0, 0x00, 0x00, 0x07, 0xE0, 0x7E, 0x00,
  0x0F, 0xC0, 0x7E, 0x07, 0xE0, 0x3F, 0xFC, 0x07, 0xE0, 0x7E, 0x03, 0xFF,
  0xC0, 0x7E, 0x07, 0xE0, 0x3F, 0xFC, 0x07, 0xE0, 0x7E, 0x03, 0xFF, 0xC0,
  0x7E, 0x07, 0xE0, 0x3F, 0xFC, 0x07, 0xE0, 0x7E, 0x03, 0xFF, 0xC0, 0x7E,
  0x07, 0xE0, 0x3F, 0xFC, 0x07, 0xE0, 0x7E, 0x03, 0xFF, 0xC0, 0x7E, 0x07,
  0xE0, 0x3F, 0xFC, 0x07, 0xE0, 0x7E, 0x03, 0xFF, 0xC0, 0x7E, 0x07, 0xE0,
  0x3F, 0xFC, 0x07, 0xE0, 0x7E, 0x03, 0xFF, 0xC0, 0x7E, 0x07, 0xE0, 0x3F,
  0xFC, 0x07, 0xE0, 0x7E, 0x03, 0xFF, 0xC0, 0x00, 0x07, 0xE0, 0x00, 0xFC,
  0x00, 0x00, 0x7E, 0x00, 0x0F, 0xC0, 0x00, 0x07, 0xE0, 0x00, 0xFC, 0x00,
  0x00, 0x7E, 0x00, 0x0F, 0xC0, 0x00, 0x07, 0xE0, 0x00, 0xFC, 0x00, 0x00,
  0x7E, 0x00, 0x0F, 0xC0, 0x00, 0x07, 0xE0, 0x00, 0xFC, 0x00, 0x00, 0x7E,
  0x00, 0x0F, 0xC0, 0x00, 0x07, 0xE0, 0x00, 0xFC, 0x00, 0x00, 0x7E, 0x00,
  0x0F, 0xC0, 0x00, 0x07, 0xE0, 0x00, 0xFC, 0x00, 0x00, 0x7E, 0x00, 0x0F,
  0xC0, 0x00, 0x07, 0xE0, 0x00, 0xFC, 0x00, 0x00, 0x7E, 0x00, 0x0F, 0xC0,
  0x00, 0x07, 0xE0, 0x00, 0xFC, 0x00, 0x00, 0x7E, 0x00, 0x0F, 0xC0, 0x00,
  0x07, 0xE0, 0x00, 0xFC, 0x00, 0x00, 0x7E, 0x00, 0x0F, 0xC0, 0x00, 0x07,
  0xE0, 0x00, 0xFC, 0x00, 0x00, 0x7E, 0x00, 0x0F, 0xC0, 0x00, 0x07, 0xE0,
  0x00, 0x00, 0x07, 0xE0, 0x7E, 0x00, 0x00, 0x00, 0x7E, 0x07, 0xE0, 0x00,
  0x00, 0x07, 0xE0, 0x7E, 0x00, 0x00, 0x00, 0x7E, 0x07, 0xE0, 0x00, 0x00,
  0x07, 0xE0, 0x7E, 0x00, 0x00, 0x00, 0x7E, 0x07, 0xE0, 0x00, 0x00, 0x07,
  0xE0, 0x7E, 0x00, 0x00, 0x00, 0x7E, 0x07, 0xE0, 0x00, 0x00, 0x07, 0xE0,
  0x7E, 0x00, 0x00, 0x00, 0x7E, 0x07, 0xE0, 0x00, 0x00, 0x07, 0xE0, 0x7E,
  0x00, 0x00, 0x00, 0x7E, 0x07, 0xE0, 0x00, 0x00, 0x07, 0xE0, 0x7E, 0x00,
  0x00, 0x00, 0x7E, 0x07, 0xE0, 0x00, 0x00, 0x07, 0xE0, 0x7E, 0x00, 0x00,
  0x00, 0x7E, 0x07, 0xE0, 0x00, 0x00, 0x07, 0xE0, 0x7E, 0x00, 0x00, 0x00,
  0x7E, 0x07, 0xE0, 0x00, 0x00, 0x07, 0xE0, 0x7E, 0x00, 0x00, 0x00, 0x7E,
  0x07, 0xE0, 0x00, 0x00, 0x07, 0xE0, 0x7E, 0x00, 0x0F, 0xC0, 0x7E, 0x07,
  0xE0, 0x3F, 0xFC, 0x07, 0xE0, 0x7E, 0x03, 0xFF, 0xC0, 0x7E, 0x07, 0xE0,
  0x3F, 0xFC, 0x07, 0xE0, 0x7E, 0x03, 0xFF, 0xC0, 0x7E, 0x07, 0xE0, 0x3F,
  0xFC, 0x07, 0xE0, 0x7E, 0x03, 0xFF, 0xC0, 0x7E, 0x07, 0xE0, 0x3F, 0xFC,
  0x07, 0xE0, 0x7E, 0x03, 0xFF, 0xC0, 0x7E, 0x07, 0xE0, 0x3F, 0xFC, 0x07,
  0xE0, 0x7E, 0x03, 0xFF, 0xC0, 0x7E, 0x07, 0xE0, 0x3F, 0xFC, 0x07, 0xE0,
  0x7E, 0x03, 0xFF, 0xC0, 0x7E, 0x07, 0xE0, 0x3F, 0xFC, 0x07, 0xE0, 0x7E,
  0x03, 0xFF, 0xC0, 0x7E, 0x00, 0x00, 0x00, 0xFC, 0x07, 0xE0, 0x00, 0x00,
  0x0F, 0xC0, 0x7E, 0x00, 0x00, 0x00, 0xFC, 0x07, 0xE0, 0x00, 0x00, 0x0F,
  0xC0, 0x7E, 0x00, 0x00, 0x00, 0xFC, 0x07, 0xE0, 0x00, 0x00, 0x0F, 0xC0,
  0x7E, 0x00, 0x00, 0x00, 0xFC, 0x07, 0xE0, 0x00, 0x00, 0x0F, 0xC0, 0x7E,
  0x00, 0x00, 0x00, 0xFC, 0x07, 0xE0, 0x00, 0x00, 0x0F, 0xC0, 0x7E, 0x00,
  0x00, 0x00, 0xFC, 0x07, 0xE0, 0x00, 0x00, 0x0F, 0xC0, 0x7E, 0x00, 0x00,
  0x00, 0xFC, 0x07, 0xE0, 0x00, 0x00, 0x0F, 0xC0, 0x7E, 0x00, 0x00, 0x00,
  0xFC, 0x07, 0xE0, 0x00, 0x00, 0x0F, 0xC0, 0x7E, 0x00, 0x00, 0x00, 0xFC,
  0x07, 0xE0, 0x00, 0x00, 0x0F, 0xC0, 0x7E, 0x00, 0x00, 0x00, 0xFC, 0x07,
  0xE0, 0x00, 0x00, 0x0F, 0xC0, 0x7E, 0x00, 0x00, 0x00, 0xFC, 0x00, 0x00,
  0x00, 0x03, 0xFF, 0xC0, 0x00, 0x00, 0x00, 0x3F, 0xFC, 0x00, 0x00, 0x00,
  0x03, 0xFF, 0xC0, 0x00, 0x00, 0x00, 0x3F, 0xFC, 0x00, 0x00, 0x00, 0x03,
  0xFF, 0xC0, 0x00, 0x00, 0x00, 0x3F, 0xFC, 0x00, 0x00, 0x00, 0x03, 0xFF,
  0xC0, 0x00, 0x00, 0x00, 0x3F, 0xFC, 0x00, 0x00, 0x00, 0x03, 0xFF, 0xC0,
  0x00, 0x00, 0x00, 0x3F, 0xFC, 0x00, 0x00, 0x00, 0x03, 0xFF, 0xC0, 0x00,
  0x00, 0x00, 0x3F, 0xFC, 0x00, 0x00, 0x00, 0x03, 0xFF, 0xC0, 0x00, 0x00,
  0x00, 0x3F, 0xFC, 0x00, 0x00, 0x00, 0x03, 0xFF, 0xC0, 0x00, 0x00, 0x00,
  0x3F, 0xFC, 0x00, 0x00, 0x00, 0x03, 0xFF, 0xC0, 0x00, 0x00, 0x00, 0x3F,
  0xFC, 0x00, 0x00, 0x00, 0x03, 0xFF, 0xC0, 0x00, 0x00, 0x00, 0x3F, 0xFC,
  0x00, 0x00, 0x00, 0x03, 0xFF, 0xC0, 0x7E, 0x07, 0xE0, 0x3F, 0xFC, 0x07,
  0xE0, 0x7E, 0x03, 0xFF, 0xC0, 0x7E, 0x07, 0xE0, 0x3F, 0xFC, 0x07, 0xE0,
  0x7E, 0x03, 0xFF, 0xC0, 0x7E, 0x07, 0xE0, 0x3F, 0xFC, 0x07, 0xE0, 0x7E,
  0x03, 0xFF, 0xC0, 0x7E, 0x07, 0xE0, 0x3F, 0xFC, 0x07, 0xE0, 0x7E, 0x03,
  0xFF, 0xC0, 0x7E, 0x07, 0xE0, 0x3F, 0xFC, 0x07, 0xE0, 0x7E, 0x03, 0xFF,
  0xC0, 0x7E, 0x07, 0xE0, 0x3F, 0xFC, 0x07, 0xE0, 0x7E, 0x03, 0xFF, 0xC0,
  0x7E, 0x07, 0xE0, 0x3F, 0xFC, 0x07, 0xE0, 0x7E, 0x03, 0xF0, 0x00, 0x00,
  0x07, 0xE0, 0x3F, 0x00, 0x00, 0x00, 0x7E, 0x03, 0xF0, 0x00, 0x00, 0x07,
  0xE0, 0x3F, 0x00, 0x00, 0x00, 0x7E, 0x03, 0xF0, 0x00, 0x00, 0x07, 0xE0,
  0x3F, 0x00, 0x00, 0x00, 0x7E, 0x03, 0xF0, 0x00, 0x00, 0x07, 0xE0, 0x3F,
  0x00, 0x00, 0x00, 0x7E, 0x03, 0xF0, 0x00, 0x00, 0x07, 0xE0, 0x3F, 0x00,
  0x00, 0x00, 0x7E, 0x03, 0xF0, 0x00, 0x00, 0x07, 0xE0, 0x3F, 0x00, 0x00,
  0x00, 0x7E, 0x03, 0xF0, 0x00, 0x00, 0x07, 0xE0, 0x3F, 0x00, 0x00, 0x00,
  0x7E, 0x03, 0xF0, 0x00, 0x00, 0x07, 0xE0, 0x3F, 0x00, 0x00, 0x00, 0x7E,
  0x03, 0xF0, 0x00, 0x00, 0x07, 0xE0, 0x3F, 0x00, 0x00, 0x00, 0x7E, 0x03,
  0xF0, 0x00, 0x00, 0x07, 0xE0, 0x3F, 0x00, 0x00, 0x00, 0x7E, 0x03, 0xF0,
  0x00, 0x00, 0x07, 0xE0, 0x3F, 0xFC, 0x00, 0x00, 0x00, 0x03, 0xFF, 0xC0,
  0x00, 0x00, 0x00, 0x3F, 0xFC, 0x00, 0x00, 0x00, 0x03, 0xFF, 0xC0, 0x00,
  0x00, 0x00, 0x3F, 0xFC, 0x00, 0x00, 0x00, 0x03, 0xFF, 0xC0, 0x00, 0x00,
  0x00, 0x3F, 0xFC, 0x00, 0x00, 0x00, 0x03, 0xFF, 0xC0, 0x00, 0x00, 0x00,
  0x3F, 0xFC, 0x00, 0x00, 0x00, 0x03, 0xFF, 0xC0, 0x00, 0x00, 0x00, 0x3F,
  0xFC, 0x00, 0x00, 0x00, 0x03, 0xFF, 0xC0, 0x00, 0x00, 0x00, 0x3F, 0xFC,
  0x00, 0x00, 0x00, 0x03, 0xFF, 0xC0, 0x00, 0x00, 0x00, 0x3F, 0xFC, 0x00,
  0x00, 0x00, 0x03, 0xFF, 0xC0, 0x00, 0x00, 0x00, 0x3F, 0xFC, 0x00, 0x00,
  0x00, 0x03, 0xFF, 0xC0, 0x00, 0x00, 0x00, 0x3F, 0xFC, 0x00, 0x00, 0x00,
  0x03, 0xFF, 0xC0, 0x00, 0x00, 0x00, 0x3F, 0xFC, 0x00, 0x00, 0x00, 0x03,
  0xFF, 0xC0, 0x7E, 0x07, 0xE0, 0x3F, 0xFC, 0x07, 0xE0, 0x7E, 0x03, 0xFF,
  0xC0, 0x7E, 0x07, 0xE0, 0x3F, 0xFC, 0x07, 0xE0, 0x7E, 0x03, 0xFF, 0xC0,
  0x7E, 0x07, 0xE0, 0x3F, 0xFC, 0x07, 0xE0, 0x7E, 0x03, 0xFF, 0xC0, 0x7E,
  0x07, 0xE0, 0x3F, 0xFC, 0x07, 0xE0, 0x7E, 0x03, 0xFF, 0xC0, 0x7E, 0x07,
  0xE0, 0x3F, 0xFC, 0x07, 0xE0, 0x7E, 0x03, 0xFF, 0xC0, 0x7E, 0x07, 0xE0,
  0x3F, 0xFC, 0x07, 0xE0, 0x7E, 0x03, 0xFF, 0xC0, 0x7E, 0x07, 0xE0, 0x3F,
  0xFC, 0x07, 0xE0, 0x7E, 0x03, 0xF0, 0x00, 0x7E, 0x00, 0x00, 0x3F, 0x00,
  0x07, 0xE0, 0x00, 0x03, 0xF0, 0x00, 0x7E, 0x00, 0x00, 0x3F, 0x00, 0x07,
  0xE0, 0x00, 0x03, 0xF0, 0x00, 0x7E, 0x00, 0x00, 0x3F, 0x00, 0x07, 0xE0,
  0x00, 0x03, 0xF0, 0x00, 0x7E, 0x00, 0x00, 0x3F, 0x00, 0x07, 0xE0, 0x00,
  0x03, 0xF0, 0x00, 0x7E, 0x00, 0x00, 0x3F, 0x00, 0x07, 0xE0, 0x00, 0x03,
  0xF0, 0x00, 0x7E, 0x00, 0x00, 0x3F, 0x00, 0x07, 0xE0, 0x00, 0x03, 0xF0,
  0x00, 0x7E, 0x00, 0x00, 0x3F, 0x00, 0x07, 0xE0, 0x00, 0x03, 0xF0, 0x00,
  0x7E, 0x00, 0x00, 0x3F, 0x00, 0x07, 0xE0, 0x00, 0x03, 0xF0, 0x00, 0x7E,
  0x00, 0x00, 0x3F, 0x00, 0x07, 0xE0, 0x00, 0x03, 0xF0, 0x00, 0x7E, 0x00,
  0x00, 0x3F, 0x00, 0x07, 0xE0, 0x00, 0x03, 0xF0, 0x00, 0x7E, 0x00, 0x00,
  0x3F, 0xFC, 0x00, 0x00, 0x00, 0x03, 0xFF, 0xC0, 0x00, 0x00, 0x00, 0x3F,
  0xFC, 0x00, 0x00, 0x00, 0x03, 0xFF, 0xC0, 0x00, 0x00, 0x00, 0x3F, 0xFC,
  0x00, 0x00, 0x00, 0x03, 0xFF, 0xC0, 0x00, 0x00, 0x00, 0x3F, 0xFC, 0x00,
  0x00, 0x00, 0x03, 0xFF, 0xC0, 0x00, 0x00, 0x00, 0x3F, 0xFC, 0x00, 0x00,
  0x00, 0x03, 0xFF, 0xC0, 0x00, 0x00, 0x00, 0x3F, 0xFC, 0x00, 0x00, 0x00,
  0x03, 0xFF, 0xC0, 0x00, 0x00, 0x00, 0x3F, 0xFC, 0x00, 0x00, 0x00, 0x03,
  0xFF, 0xC0, 0x00, 0x00, 0x00, 0x3F, 0xFC, 0x00, 0x00, 0x00, 0x03, 0xFF,
  0xC0, 0x00, 0x00, 0x00, 0x3F, 0xFC, 0x00, 0x00, 0x00, 0x03, 0xFF, 0xC0,
  0x00, 0x00, 0x00, 0x3F, 0xFC, 0x00, 0x00, 0x00, 0x03, 0xFF, 0xC0, 0x00,
  0x00, 0x00, 0x3F, 0xFC, 0x00, 0x00, 0x00, 0x03, 0xFF, 0xC0, 0x7E, 0x07,
  0xE0, 0x3F, 0xFC, 0x07, 0xE0, 0x7E, 0x03, 0xFF, 0xC0, 0x7E, 0x07, 0xE0,
  0x3F, 0xFC, 0x07, 0xE0, 0x7E, 0x03, 0xFF, 0xC0, 0x7E, 0x07, 0xE0, 0x3F,
  0xFC, 0x07, 0xE0, 0x7E, 0x03, 0xFF, 0xC0, 0x7E, 0x07, 0xE0, 0x3F, 0xFC,
  0x07, 0xE0, 0x7E, 0x03, 0xFF, 0xC0, 0x7E, 0x07, 0xE0, 0x3F, 0xFC, 0x07,
  0xE0, 0x7E, 0x03, 0xFF, 0xC0, 0x7E, 0x07, 0xE0, 0x3F, 0xFC, 0x07, 0xE0,
  0x7E, 0x03, 0xFF, 0xC0, 0x7E, 0x07, 0xE0, 0x3F, 0xFC, 0x07, 0xE0, 0x7E,
  0x03, 0xF0, 0x00, 0x7E, 0x07, 0xE0, 0x00, 0x00, 0x07, 0xE0, 0x7E, 0x00,
  0x00, 0x00, 0x7E, 0x07, 0xE0, 0x00, 0x00, 0x07, 0xE0, 0x7E, 0x00, 0x00,
  0x00, 0x7E, 0x07, 0xE0, 0x00, 0x00, 0x07, 0xE0, 0x7E, 0x00, 0x00, 0x00,
  0x7E, 0x07, 0xE0, 0x00, 0x00, 0x07, 0xE0, 0x7E, 0x00, 0x00, 0x00, 0x7E,
  0x07, 0xE0, 0x00, 0x00, 0x07, 0xE0, 0x7E, 0x00, 0x00, 0x00, 0x7E, 0x07,
  0xE0, 0x00, 0x00, 0x07, 0xE0, 0x7E, 0x00, 0x00, 0x00, 0x7E, 0x07, 0xE0,
  0x00, 0x00, 0x07, 0xE0, 0x7E, 0x00, 0x00, 0x00, 0x7E, 0x07, 0xE0, 0x00,
  0x00, 0x07, 0xE0, 0x7E, 0x00, 0x00, 0x00, 0x7E, 0x07, 0xE0, 0x00, 0x00,
  0x07, 0xE0, 0x7E, 0x00, 0x00, 0x00, 0x7E, 0x07, 0xE0, 0x00, 0x00, 0x07,
  0xE0, 0x7E, 0x00, 0x00, 0x00, 0x7E, 0x07, 0xE0, 0x00, 0xFC, 0x00, 0x00,
  0x00, 0x03, 0xFF, 0xC0, 0x00, 0x00, 0x00, 0x3F, 0xFC, 0x00, 0x00, 0x00,
  0x03, 0xFF, 0xC0, 0x00, 0x00, 0x00, 0x3F, 0xFC, 0x00, 0x00, 0x00, 0x03,
  0xFF, 0xC0, 0x00, 0x00, 0x00, 0x3F, 0xFC, 0x00, 0x00, 0x00, 0x03, 0xFF,
  0xC0, 0x00, 0x00, 0x00, 0x3F, 0xFC, 0x00, 0x00, 0x00, 0x03, 0xFF, 0xC0,
  0x00, 0x00, 0x00, 0x3F, 0xFC, 0x00, 0x00, 0x00, 0x03, 0xFF, 0xC0, 0x00,
  0x00, 0x00, 0x3F, 0xFC, 0x00, 0x00, 0x00, 0x03, 0xFF, 0xC0, 0x00, 0x00,
  0x00, 0x3F, 0xFC, 0x00, 0x00, 0x00, 0x03, 0xFF, 0xC0, 0x00, 0x00, 0x00,
  0x3F, 0xFC, 0x00, 0x00, 0x00, 0x03, 0xFF, 0xC0, 0x00, 0x00, 0x00, 0x3F,
  0xFC, 0x00, 0x00, 0x00, 0x03, 0xFF, 0xC0, 0x00, 0x00, 0x00, 0x3F, 0xFC,
  0x00, 0x00, 0x00, 0x03, 0xFF, 0xC0, 0x7E, 0x07, 0xE0, 0x3F, 0xFC, 0x07,
  0xE0, 0x7E, 0x03, 0xFF, 0xC0, 0x7E, 0x07, 0xE0, 0x3F, 0xFC, 0x07, 0xE0,
  0x7E, 0x03, 0xFF, 0xC0, 0x7E, 0x07, 0xE0, 0x3F, 0xFC, 0x07, 0xE0, 0x7E,
  0x03, 0xFF, 0xC0, 0x7E, 0x07, 0xE0, 0x3F, 0xFC, 0x07, 0xE0, 0x7E, 0x03,
  0xFF, 0xC0, 0x7E, 0x07, 0xE0, 0x3F, 0xFC, 0x07, 0xE0, 0x7E, 0x03, 0xFF,
  0xC0, 0x7E, 0x07, 0xE0, 0x3F, 0xFC, 0x07, 0xE0, 0x7E, 0x03, 0xFF, 0xC0,
  0x7E, 0x07, 0xE0, 0x3F, 0xFC, 0x07, 0xE0, 0x7E, 0x03, 0xFF, 0xC0, 0x00,
  0x00, 0x00, 0x3F, 0xFC, 0x00, 0x00, 0x00, 0x03, 0xFF, 0xC0, 0x00, 0x00,
  0x00, 0x3F, 0xFC, 0x00, 0x00, 0x00, 0x03, 0xFF, 0xC0, 0x00, 0x00, 0x00,
  0x3F, 0xFC, 0x00, 0x00, 0x00, 0x03, 0xFF, 0xC0, 0x00, 0x00, 0x00, 0x3F,
  0xFC, 0x00, 0x00, 0x00, 0x03, 0xFF, 0xC0, 0x00, 0x00, 0x00, 0x3F, 0xFC,
  0x00, 0x00, 0x00, 0x03, 0xFF, 0xC0, 0x00, 0x00, 0x00, 0x3F, 0xFC, 0x00,
  0x00, 0x00, 0x03, 0xFF, 0xC0, 0x00, 0x00, 0x00, 0x3F, 0xFC, 0x00, 0x00,
  0x00, 0x03, 0xFF, 0xC0, 0x00, 0x00, 0x00, 0x3F, 0xFC, 0x00, 0x00, 0x00,
  0x03, 0xFF, 0xC0, 0x00, 0x00, 0x00, 0x3F, 0xFC, 0x00, 0x00, 0x00, 0x03,
  0xFF, 0xC0, 0x00, 0x00, 0x00, 0x3F, 0xFC, 0x00, 0x00, 0x00, 0x03, 0xFF,
  0xC0, 0x00, 0x00, 0x00, 0x3F, 0xFC, 0x00, 0x00, 0x00, 0x03, 0xFF, 0xC0,
  0x00, 0x00, 0x00, 0x3F, 0xFC, 0x00, 0x00, 0x00, 0x03, 0xFF, 0xC0, 0x00,
  0x00, 0x00, 0x3F, 0xFC, 0x00, 0x00, 0x00, 0x03, 0xFF, 0xC0, 0x00, 0x00,
  0x00, 0x3F, 0xFC, 0x00, 0x00, 0x00, 0x03, 0xFF, 0xC0, 0x00, 0x00, 0x00,
  0x3F, 0xFC, 0x00, 0x00, 0x00, 0x03, 0xFF, 0xC0, 0x00, 0x00, 0x00, 0x3F,
  0xFC, 0x00, 0x00, 0x00, 0x03, 0xFF, 0xC0, 0x00, 0x00, 0x00, 0x3F, 0xFC,
  0x00, 0x00, 0x00, 0x03, 0xFF, 0xC0, 0x00, 0x00, 0x00, 0x3F, 0xFC, 0x00,
  0x00, 0x00, 0x03, 0xFF, 0xC0, 0x00, 0x00, 0x00, 0x3F, 0xFC, 0x00, 0x00,
  0x00, 0x03, 0xFF, 0xC0, 0x00, 0x00, 0x00, 0x3F, 0xFC, 0x00, 0x00, 0x00,
  0x03, 0xFF, 0xC0, 0x00, 0x00, 0x00, 0x3F, 0xFC, 0x00, 0x00, 0x00, 0x03,
  0xFF, 0xC0, 0x7E, 0x07, 0xE0, 0x3F, 0xFC, 0x07, 0xE0, 0x7E, 0x03, 0xFF,
  0xC0, 0x7E, 0x07, 0xE0, 0x3F, 0xFC, 0x07, 0xE0, 0x7E, 0x03, 0xFF, 0xC0,
  0x7E, 0x07, 0xE0, 0x3F, 0xFC, 0x07, 0xE0, 0x7E, 0x03, 0xFF, 0xC0, 0x7E,
  0x07, 0xE0, 0x3F, 0xFC, 0x07, 0xE0, 0x7E, 0x03, 0xFF, 0xC0, 0x7E, 0x07,
  0xE0, 0x3F, 0xFC, 0x07, 0xE0, 0x7E, 0x03, 0xFF, 0xC0, 0x7E, 0x07, 0xE0,
  0x3F, 0xFC, 0x07, 0xE0, 0x7E, 0x03, 0xFF, 0xC0, 0x7E, 0x07, 0xE0, 0x3F,
  0xFC, 0x07, 0xE0, 0x7E, 0x03, 0xFF, 0xC0, 0x00, 0x07, 0xE0, 0x00, 0xFC,
  0x00, 0x00, 0x7E, 0x00, 0x0F, 0xC0, 0x00, 0x07, 0xE0, 0x00, 0xFC, 0x00,
  0x00, 0x7E, 0x00, 0x0F, 0xC0, 0x00, 0x07, 0xE0, 0x00, 0xFC, 0x00, 0x00,
  0x7E, 0x00, 0x0F, 0xC0, 0x00, 0x07, 0xE0, 0x00, 0xFC, 0x00, 0x00, 0x7E,
  0x00, 0x0F, 0xC0, 0x00, 0x07, 0xE0, 0x00, 0xFC, 0x00, 0x00, 0x7E, 0x00,
  0x0F, 0xC0, 0x00, 0x07, 0xE0, 0x00, 0xFC, 0x00, 0x00, 0x7E, 0x00, 0x0F,
  0xC0, 0x00, 0x07, 0xE0, 0x00, 0xFC, 0x00, 0x00, 0x7E, 0x00, 0x0F, 0xC0,
  0x00, 0x07, 0xE0, 0x00, 0xFC, 0x00, 0x00, 0x7E, 0x00, 0x0F, 0xC0, 0x00,
  0x07, 0xE0, 0x00, 0xFC, 0x00, 0x00, 0x7E, 0x00, 0x0F, 0xC0, 0x00, 0x07,
  0xE0, 0x00, 0xFC, 0x00, 0x00, 0x7E, 0x00, 0x0F, 0xC0, 0x00, 0x07, 0xE0,
  0x00, 0xFC, 0x00, 0x00, 0x00, 0x03, 0xFF, 0xC0, 0x00, 0x00, 0x00, 0x3F,
  0xFC, 0x00, 0x00, 0x00, 0x03, 0xFF, 0xC0, 0x00, 0x00, 0x00, 0x3F, 0xFC,
  0x00, 0x00, 0x00, 0x03, 0xFF, 0xC0, 0x00, 0x00, 0x00, 0x3F, 0xFC, 0x00,
  0x00, 0x00, 0x03, 0xFF, 0xC0, 0x00, 0x00, 0x00, 0x3F, 0xFC, 0x00, 0x00,
  0x00, 0x03, 0xFF, 0xC0, 0x00, 0x00, 0x00, 0x3F, 0xFC, 0x00, 0x00, 0x00,
  0x03, 0xFF, 0xC0, 0x00, 0x00, 0x00, 0x3F, 0xFC, 0x00, 0x00, 0x00, 0x03,
  0xFF, 0xC0, 0x00, 0x00, 0x00, 0x3F, 0xFC, 0x00, 0x00, 0x00, 0x03, 0xFF,
  0xC0, 0x00, 0x00, 0x00, 0x3F, 0xFC, 0x00, 0x00, 0x00, 0x03, 0xFF, 0xC0,
  0x00, 0x00, 0x00, 0x3F, 0xFC, 0x00, 0x00, 0x00, 0x03, 0xFF, 0xC0, 0x00,
  0x00, 0x00, 0x3F, 0xFC, 0x00, 0x00, 0x00, 0x03, 0xFF, 0xC0, 0x7E, 0x07,
  0xE0, 0x3F, 0xFC, 0x07, 0xE0, 0x7E, 0x03, 0xFF, 0xC0, 0x7E, 0x07, 0xE0,
  0x3F, 0xFC, 0x07, 0xE0, 0x7E, 0x03, 0xFF, 0xC0, 0x7E, 0x07, 0xE0, 0x3F,
  0xFC, 0x07, 0xE0, 0x7E, 0x03, 0xFF, 0xC0, 0x7E, 0x07, 0xE0, 0x3F, 0xFC,
  0x07, 0xE0, 0x7E, 0x03, 0xFF, 0xC0, 0x7E, 0x07, 0xE0, 0x3F, 0xFC, 0x07,
  0xE0, 0x7E, 0x03, 0xFF, 0xC0, 0x7E, 0x07, 0xE0, 0x3F, 0xFC, 0x07, 0xE0,
  0x7E, 0x03, 0xFF, 0xC0, 0x7E, 0x07, 0xE0, 0x3F, 0xFC, 0x07, 0xE0, 0x7E,
  0x03, 0xFF, 0xC0, 0x7E, 0x00, 0x00, 0x00, 0xFC, 0x07, 0xE0, 0x00, 0x00,
  0x0F, 0xC0, 0x7E, 0x00, 0x00, 0x00, 0xFC, 0x07, 0xE0, 0x00, 0x00, 0x0F,
  0xC0, 0x7E, 0x00, 0x00, 0x00, 0xFC, 0x07, 0xE0, 0x00, 0x00, 0x0F, 0xC0,
  0x7E, 0x00, 0x00, 0x00, 0xFC, 0x07, 0xE0, 0x00, 0x00, 0x0F, 0xC0, 0x7E,
  0x00, 0x00, 0x00, 0xFC, 0x07, 0xE0, 0x00, 0x00, 0x0F, 0xC0, 0x7E, 0x00,
  0x00, 0x00, 0xFC, 0x07, 0xE0, 0x00, 0x00, 0x0F, 0xC0, 0x7E, 0x00, 0x00,
  0x00, 0xFC, 0x07, 0xE0, 0x00, 0x00, 0x0F, 0xC0, 0x7E, 0x00, 0x00, 0x00,
  0xFC, 0x07, 0xE0, 0x00, 0x00, 0x0F, 0xC0, 0x7E, 0x00, 0x00, 0x00, 0xFC,
  0x07, 0xE0, 0x00, 0x00, 0x0F, 0xC0, 0x7E, 0x00, 0x00, 0x00, 0xFC, 0x07,
  0xE0, 0x00, 0x00, 0x0F, 0xC0, 0x7E, 0x00, 0x00, 0x00, 0xFC, 0x00, 0x00,
  0x7E, 0x00, 0x0F, 0xC0, 0x00, 0x07, 0xE0, 0x00, 0xFC, 0x00, 0x00, 0x7E,
  0x00, 0x0F, 0xC0, 0x00, 0x07, 0xE0, 0x00, 0xFC, 0x00, 0x00, 0x7E, 0x00,
  0x0F, 0xC0, 0x00, 0x07, 0xE0, 0x00, 0xFC, 0x00, 0x00, 0x7E, 0x00, 0x0F,
  0xC0, 0x00, 0x07, 0xE0, 0x00, 0xFC, 0x00, 0x00, 0x7E, 0x00, 0x0F, 0xC0,
  0x00, 0x07, 0xE0, 0x00, 0xFC, 0x00, 0x00, 0x7E, 0x00, 0x0F, 0xC0, 0x00,
  0x07, 0xE0, 0x00, 0xFC, 0x00, 0x00, 0x7E, 0x00, 0x0F, 0xC0, 0x00, 0x07,
  0xE0, 0x00, 0xFC, 0x00, 0x00, 0x7E, 0x00, 0x0F, 0xC0, 0x00, 0x07, 0xE0,
  0x00, 0xFC, 0x00, 0x00, 0x7E, 0x00, 0x0F, 0xC0, 0x00, 0x07, 0xE0, 0x00,
  0xFC, 0x00, 0x00, 0x7E, 0x00, 0x0F, 0xC0, 0x00, 0x07, 0xE0, 0x00, 0xFC,
  0x00, 0x00, 0x7E, 0x00, 0x0F, 0xC0, 0x7E, 0x07, 0xE0, 0x3F, 0xFC, 0x07,
  0xE0, 0x7E, 0x03, 0xFF, 0xC0, 0x7E, 0x07, 0xE0, 0x3F, 0xFC, 0x07, 0xE0,
  0x7E, 0x03, 0xFF, 0xC0, 0x7E, 0x07, 0xE0, 0x3F, 0xFC, 0x07, 0xE0, 0x7E,
  0x03, 0xFF, 0xC0, 0x7E, 0x07, 0xE0, 0x3F, 0xFC, 0x07, 0xE0, 0x7E, 0x03,
  0xFF, 0xC0, 0x7E, 0x07, 0xE0, 0x3F, 0xFC, 0x07, 0xE0, 0x7E, 0x03, 0xFF,
  0xC0, 0x7E, 0x07, 0xE0, 0x3F, 0xFC, 0x07, 0xE0, 0x7E, 0x03, 0xFF, 0xC0,
  0x7E, 0x07, 0xE0, 0x3F, 0xFC, 0x07, 0xE0, 0x7E, 0x03, 0xF0, 0x00, 0x00,
  0x07, 0xE0, 0x3F, 0x00, 0x00, 0x00, 0x7E, 0x03, 0xF0, 0x00, 0x00, 0x07,
  0xE0, 0x3F, 0x00, 0x00, 0x00, 0x7E, 0x03, 0xF0, 0x00, 0x00, 0x07, 0xE0,
  0x3F, 0x00, 0x00, 0x00, 0x7E, 0x03, 0xF0, 0x00, 0x00, 0x07, 0xE0, 0x3F,
  0x00, 0x00, 0x00, 0x7E, 0x03, 0xF0, 0x00, 0x00, 0x07, 0xE0, 0x3F, 0x00,
  0x00, 0x00, 0x7E, 0x03, 0xF0, 0x00, 0x00, 0x07, 0xE0, 0x3F, 0x00, 0x00,
  0x00, 0x7E, 0x03, 0xF0, 0x00, 0x00, 0x07, 0xE0, 0x3F, 0x00, 0x00, 0x00,
  0x7E, 0x03, 0xF0, 0x00, 0x00, 0x07, 0xE0, 0x3F, 0x00, 0x00, 0x00, 0x7E,
  0x03, 0xF0, 0x00, 0x00, 0x07, 0xE0, 0x3F, 0x00, 0x00, 0x00, 0x7E, 0x03,
  0xF0, 0x00, 0x00, 0x07, 0xE0, 0x3F, 0x00, 0x00, 0x00, 0x7E, 0x03, 0xF0,
  0x00, 0x00, 0x07, 0xE0, 0x3F, 0xFC, 0x00, 0x00, 0x7E, 0x00, 0x0F, 0xC0,
  0x00, 0x07, 0xE0, 0x00, 0xFC, 0x00, 0x00, 0x7E, 0x00, 0x0F, 0xC0, 0x00,
  0x07, 0xE0, 0x00, 0xFC, 0x00, 0x00, 0x7E, 0x00, 0x0F, 0xC0, 0x00, 0x07,
  0xE0, 0x00, 0xFC, 0x00, 0x00, 0x7E, 0x00, 0x0F, 0xC0, 0x00, 0x07, 0xE0,
  0x00, 0xFC, 0x00, 0x00, 0x7E, 0x00, 0x0F, 0xC0, 0x00, 0x07, 0xE0, 0x00,
  0xFC, 0x00, 0x00, 0x7E, 0x00, 0x0F, 0xC0, 0x00, 0x07, 0xE0, 0x00, 0xFC,
  0x00, 0x00, 0x7E, 0x00, 0x0F, 0xC0, 0x00, 0x07, 0xE0, 0x00, 0xFC, 0x00,
  0x00, 0x7E, 0x00, 0x0F, 0xC0, 0x00, 0x07, 0xE0, 0x00, 0xFC, 0x00, 0x00,
  0x7E, 0x00, 0x0F, 0xC0, 0x00, 0x07, 0xE0, 0x00, 0xFC, 0x00, 0x00, 0x7E,
  0x00, 0x0F, 0xC0, 0x00, 0x07, 0xE0, 0x00, 0xFC, 0x00, 0x00, 0x7E, 0x00,
  0x0F, 0xC0, 0x7E, 0x07, 0xE0, 0x3F, 0xFC, 0x07, 0xE0, 0x7E, 0x03, 0xFF,
  0xC0, 0x7E, 0x07, 0xE0, 0x3F, 0xFC, 0x07, 0xE0, 0x7E, 0x03, 0xFF, 0xC0,
  0x7E, 0x07, 0xE0, 0x3F, 0xFC, 0x07, 0xE0, 0x7E, 0x03, 0xFF, 0xC0, 0x7E,
  0x07, 0xE0, 0x3F, 0xFC, 0x07, 0xE0, 0x7E, 0x03, 0xFF, 0xC0, 0x7E, 0x07,
  0xE0, 0x3F, 0xFC, 0x07, 0xE0, 0x7E, 0x03, 0xFF, 0xC0, 0x7E, 0x07, 0xE0,
  0x3F, 0xFC, 0x07, 0xE0, 0x7E, 0x03, 0xFF, 0xC0, 0x7E, 0x07, 0xE0, 0x3F,
  0xFC, 0x07, 0xE0, 0x7E, 0x03, 0xF0, 0x00, 0x7E, 0x00, 0x00, 0x3F, 0x00,
  0x07, 0xE0, 0x00, 0x03, 0xF0, 0x00, 0x7E, 0x00, 0x00, 0x3F, 0x00, 0x07,
  0xE0, 0x00, 0x03, 0xF0, 0x00, 0x7E, 0x00, 0x00, 0x3F, 0x00, 0x07, 0xE0,
  0x00, 0x03, 0xF0, 0x00, 0x7E, 0x00, 0x00, 0x3F, 0x00, 0x07, 0xE0, 0x00,
  0x03, 0xF0, 0x00, 0x7E, 0x00, 0x00, 0x3F, 0x00, 0x07, 0xE0, 0x00, 0x03,
  0xF0, 0x00, 0x7E, 0x00, 0x00, 0x3F, 0x00, 0x07, 0xE0, 0x00, 0x03, 0xF0,
  0x00, 0x7E, 0x00, 0x00, 0x3F, 0x00, 0x07, 0xE0, 0x00, 0x03, 0xF0, 0x00,
  0x7E, 0x00, 0x00, 0x3F, 0x00, 0x07, 0xE0, 0x00, 0x03, 0xF0, 0x00, 0x7E,
  0x00, 0x00, 0x3F, 0x00, 0x07, 0xE0, 0x00, 0x03, 0xF0, 0x00, 0x7E, 0x00,
  0x00, 0x3F, 0x00, 0x07, 0xE0, 0x00, 0x03, 0xF0, 0x00, 0x7E, 0x00, 0x00,
  0x3F, 0xFC, 0x00, 0x00, 0x7E, 0x00, 0x0F, 0xC0, 0x00, 0x07, 0xE0, 0x00,
  0xFC, 0x00, 0x00, 0x7E, 0x00, 0x0F, 0xC0, 0x00, 0x07, 0xE0, 0x00, 0xFC,
  0x00, 0x00, 0x7E, 0x00, 0x0F, 0xC0, 0x00, 0x07, 0xE0, 0x00, 0xFC, 0x00,
  0x00, 0x7E, 0x00, 0x0F, 0xC0, 0x00, 0x07, 0xE0, 0x00, 0xFC, 0x00, 0x00,
  0x7E, 0x00, 0x0F, 0xC0, 0x00, 0x07, 0xE0, 0x00, 0xFC, 0x00, 0x00, 0x7E,
  0x00, 0x0F, 0xC0, 0x00, 0x07, 0xE0, 0x00, 0xFC, 0x00, 0x00, 0x7E, 0x00,
  0x0F, 0xC0, 0x00, 0x07, 0xE0, 0x00, 0xFC, 0x00, 0x00, 0x7E, 0x00, 0x0F,
  0xC0, 0x00, 0x07, 0xE0, 0x00, 0xFC, 0x00, 0x00, 0x7E, 0x00, 0x0F, 0xC0,
  0x00, 0x07, 0xE0, 0x00, 0xFC, 0x00, 0x00, 0x7E, 0x00, 0x0F, 0xC0, 0x00,
  0x07, 0xE0, 0x00, 0xFC, 0x00, 0x00, 0x7E, 0x00, 0x0F, 0xC0, 0x7E, 0x07,
  0xE0, 0x3F, 0xFC, 0x07, 0xE0, 0x7E, 0x03, 0xFF, 0xC0, 0x7E, 0x07, 0xE0,
  0x3F, 0xFC, 0x07, 0xE0, 0x7E, 0x03, 0xFF, 0xC0, 0x7E, 0x07, 0xE0, 0x3F,
  0xFC, 0x07, 0xE0, 0x7E, 0x03, 0xFF, 0xC0, 0x7E, 0x07, 0xE0, 0x3F, 0xFC,
  0x07, 0xE0, 0x7E, 0x03, 0xFF, 0xC0, 0x7E, 0x07, 0xE0, 0x3F, 0xFC, 0x07,
  0xE0, 0x7E, 0x03, 0xFF, 0xC0, 0x7E, 0x07, 0xE0, 0x3F, 0xFC, 0x07, 0xE0,
  0x7E, 0x03, 0xFF, 0xC0, 0x7E, 0x07, 0xE0, 0x3F, 0xFC, 0x07, 0xE0, 0x7E,
  0x03, 0xF0, 0x00, 0x7E, 0x07, 0xE0, 0x00, 0x00, 0x07, 0xE0, 0x7E, 0x00,
  0x00, 0x00, 0x7E, 0x07, 0xE0, 0x00, 0x00, 0x07, 0xE0, 0x7E, 0x00, 0x00,
  0x00, 0x7E, 0x07, 0xE0, 0x00, 0x00, 0x07, 0xE0, 0x7E, 0x00, 0x00, 0x00,
  0x7E, 0x07, 0xE0, 0x00, 0x00, 0x07, 0xE0, 0x7E, 0x00, 0x00, 0x00, 0x7E,
  0x07, 0xE0, 0x00, 0x00, 0x07, 0xE0, 0x7E, 0x00, 0x00, 0x00, 0x7E, 0x07,
  0xE0, 0x00, 0x00, 0x07, 0xE0, 0x7E, 0x00, 0x00, 0x00, 0x7E, 0x07, 0xE0,
  0x00, 0x00, 0x07, 0xE0, 0x7E, 0x00, 0x00, 0x00, 0x7E, 0x07, 0xE0, 0x00,
  0x00, 0x07, 0xE0, 0x7E, 0x00, 0x00, 0x00, 0x7E, 0x07, 0xE0, 0x00, 0x00,
  0x07, 0xE0, 0x7E, 0x00, 0x00, 0x00, 0x7E, 0x07, 0xE0, 0x00, 0x00, 0x07,
  0xE0, 0x7E, 0x00, 0x00, 0x00, 0x7E, 0x07, 0xE0, 0x00, 0xFC, 0x00, 0x00,
  0x7E, 0x00, 0x0F, 0xC0, 0x00, 0x07, 0xE0, 0x00, 0xFC, 0x00, 0x00, 0x7E,
  0x00, 0x0F, 0xC0, 0x00, 0x07, 0xE0, 0x00, 0xFC, 0x00, 0x00, 0x7E, 0x00,
  0x0F, 0xC0, 0x00, 0x07, 0xE0, 0x00, 0xFC, 0x00, 0x00, 0x7E, 0x00, 0x0F,
  0xC0, 0x00, 0x07, 0xE0, 0x00, 0xFC, 0x00, 0x00, 0x7E, 0x00, 0x0F, 0xC0,
  0x00, 0x07, 0xE0, 0x00, 0xFC, 0x00, 0x00, 0x7E, 0x00, 0x0F, 0xC0, 0x00,
  0x07, 0xE0, 0x00, 0xFC, 0x00, 0x00, 0x7E, 0x00, 0x0F, 0xC0, 0x00, 0x07,
  0xE0, 0x00, 0xFC, 0x00, 0x00, 0x7E, 0x00, 0x0F, 0xC0, 0x00, 0x07, 0xE0,
  0x00, 0xFC, 0x00, 0x00, 0x7E, 0x00, 0x0F, 0xC0, 0x00, 0x07, 0xE0, 0x00,
  0xFC, 0x00, 0x00, 0x7E, 0x00, 0x0F, 0xC0, 0x00, 0x07, 0xE0, 0x00, 0xFC,
  0x00, 0x00, 0x7E, 0x00, 0x0F, 0xC0, 0x7E, 0x07, 0xE0, 0x3F, 0xFC, 0x07,
  0xE0, 0x7E, 0x03, 0xFF, 0xC0, 0x7E, 0x07, 0xE0, 0x3F, 0xFC, 0x07, 0xE0,
  0x7E, 0x03, 0xFF, 0xC0, 0x7E, 0x07, 0xE0, 0x3F, 0xFC, 0x07, 0xE0, 0x7E,
  0x03, 0xFF, 0xC0, 0x7E, 0x07, 0xE0, 0x3F, 0xFC, 0x07, 0xE0, 0x7E, 0x03,
  0xFF, 0xC0, 0x7E, 0x07, 0xE0, 0x3F, 0xFC, 0x07, 0xE0, 0x7E, 0x03, 0xFF,
  0xC0, 0x7E, 0x07, 0xE0, 0x3F, 0xFC, 0x07, 0xE0, 0x7E, 0x03, 0xFF, 0xC0,
  0x7E, 0x07, 0xE0, 0x3F, 0xFC, 0x07, 0xE0, 0x7E, 0x03, 0xFF, 0xC0, 0x00,
  0x00, 0x00, 0x3F, 0xFC, 0x00, 0x00, 0x00, 0x03, 0xFF, 0xC0, 0x00, 0x00,
  0x00, 0x3F, 0xFC, 0x00, 0x00, 0x00, 0x03, 0xFF, 0xC0, 0x00, 0x00, 0x00,
  0x3F, 0xFC, 0x00, 0x00, 0x00, 0x03, 0xFF, 0xC0, 0x00, 0x00, 0x00, 0x3F,
  0xFC, 0x00, 0x00, 0x00, 0x03, 0xFF, 0xC0, 0x00, 0x00, 0x00, 0x3F, 0xFC,
  0x00, 0x00, 0x00, 0x03, 0xFF, 0xC0, 0x00, 0x00, 0x00, 0x3F, 0xFC, 0x00,
  0x00, 0x00, 0x03, 0xFF, 0xC0, 0x00, 0x00, 0x00, 0x3F, 0xFC, 0x00, 0x00,
  0x00, 0x03, 0xFF, 0xC0, 0x00, 0x00, 0x00, 0x3F, 0xFC, 0x00, 0x00, 0x00,
  0x03, 0xFF, 0xC0, 0x00, 0x00, 0x00, 0x3F, 0xFC, 0x00, 0x00, 0x00, 0x03,
  0xFF, 0xC0, 0x00, 0x00, 0x00, 0x3F, 0xFC, 0x00, 0x00, 0x00, 0x03, 0xFF,
  0xC0, 0x00, 0x00, 0x00, 0x3F, 0xFC, 0x00, 0x00, 0x7E, 0x00, 0x0F, 0xC0,
  0x00, 0x07, 0xE0, 0x00, 0xFC, 0x00, 0x00, 0x7E, 0x00, 0x0F, 0xC0, 0x00,
  0x07, 0xE0, 0x00, 0xFC, 0x00, 0x00, 0x7E, 0x00, 0x0F, 0xC0, 0x00, 0x07,
  0xE0, 0x00, 0xFC, 0x00, 0x00, 0x7E, 0x00, 0x0F, 0xC0, 0x00, 0x07, 0xE0,
  0x00, 0xFC, 0x00, 0x00, 0x7E, 0x00, 0x0F, 0xC0, 0x00, 0x07, 0xE0, 0x00,
  0xFC, 0x00, 0x00, 0x7E, 0x00, 0x0F, 0xC0, 0x00, 0x07, 0xE0, 0x00, 0xFC,
  0x00, 0x00, 0x7E, 0x00, 0x0F, 0xC0, 0x00, 0x07, 0xE0, 0x00, 0xFC, 0x00,
  0x00, 0x7E, 0x00, 0x0F, 0xC0, 0x00, 0x07, 0xE0, 0x00, 0xFC, 0x00, 0x00,
  0x7E, 0x00, 0x0F, 0xC0, 0x00, 0x07, 0xE0, 0x00, 0xFC, 0x00, 0x00, 0x7E,
  0x00, 0x0F, 0xC0, 0x00, 0x07, 0xE0, 0x00, 0xFC, 0x00, 0x00, 0x7E, 0x00,
  0x0F, 0xC0, 0x7E, 0x07, 0xE0, 0x3F, 0xFC, 0x07, 0xE0, 0x7E, 0x03, 0xFF,
  0xC0, 0x7E, 0x07, 0xE0, 0x3F, 0xFC, 0x07, 0xE0, 0x7E, 0x03, 0xFF, 0xC0,
  0x7E, 0x07, 0xE0, 0x3F, 0xFC, 0x07, 0xE0, 0x7E, 0x03, 0xFF, 0xC0, 0x7E,
  0x07, 0xE0, 0x3F, 0xFC, 0x07, 0xE0, 0x7E, 0x03, 0xFF, 0xC0, 0x7E, 0x07,
  0xE0, 0x3F, 0xFC, 0x07, 0xE0, 0x7E, 0x03, 0xFF, 0xC0, 0x7E, 0x07, 0xE0,
  0x3F, 0xFC, 0x07, 0xE0, 0x7E, 0x03, 0xFF, 0xC0, 0x7E, 0x07, 0xE0, 0x3F,
  0xFC, 0x07, 0xE0, 0x7E, 0x03, 0xFF, 0xC0, 0x00, 0x07, 0xE0, 0x00, 0xFC,
  0x00, 0x00, 0x7E, 0x00, 0x0F, 0xC0, 0x00, 0x07, 0xE0, 0x00, 0xFC, 0x00,
  0x00, 0x7E, 0x00, 0x0F, 0xC0, 0x00, 0x07, 0xE0, 0x00, 0xFC, 0x00, 0x00,
  0x7E, 0x00, 0x0F, 0xC0, 0x00, 0x07, 0xE0, 0x00, 0xFC, 0x00, 0x00, 0x7E,
  0x00, 0x0F, 0xC0, 0x00, 0x07, 0xE0, 0x00, 0xFC, 0x00, 0x00, 0x7E, 0x00,
  0x0F, 0xC0, 0x00, 0x07, 0xE0, 0x00, 0xFC, 0x00, 0x00, 0x7E, 0x00, 0x0F,
  0xC0, 0x00, 0x07, 0xE0, 0x00, 0xFC, 0x00, 0x00, 0x7E, 0x00, 0x0F, 0xC0,
  0x00, 0x07, 0xE0, 0x00, 0xFC, 0x00, 0x00, 0x7E, 0x00, 0x0F, 0xC0, 0x00,
  0x07, 0xE0, 0x00, 0xFC, 0x00, 0x00, 0x7E, 0x00, 0x0F, 0xC0, 0x00, 0x07,
  0xE0, 0x00, 0xFC, 0x00, 0x00, 0x7E, 0x00, 0x0F, 0xC0, 0x00, 0x07, 0xE0,
  0x00, 0xFC, 0x00, 0x00, 0x7E, 0x00, 0x0F, 0xC0, 0x00, 0x07, 0xE0, 0x00,
  0xFC, 0x00, 0x00, 0x7E, 0x00, 0x0F, 0xC0, 0x00, 0x07, 0xE0, 0x00, 0xFC,
  0x00, 0x00, 0x7E, 0x00, 0x0F, 0xC0, 0x00, 0x07, 0xE0, 0x00, 0xFC, 0x00,
  0x00, 0x7E, 0x00, 0x0F, 0xC0, 0x00, 0x07, 0xE0, 0x00, 0xFC, 0x00, 0x00,
  0x7E, 0x00, 0x0F, 0xC0, 0x00, 0x07, 0xE0, 0x00, 0xFC, 0x00, 0x00, 0x7E,
  0x00, 0x0F, 0xC0, 0x00, 0x07, 0xE0, 0x00, 0xFC, 0x00, 0x00, 0x7E, 0x00,
  0x0F, 0xC0, 0x00, 0x07, 0xE0, 0x00, 0xFC, 0x00, 0x00, 0x7E, 0x00, 0x0F,
  0xC0, 0x00, 0x07, 0xE0, 0x00, 0xFC, 0x00, 0x00, 0x7E, 0x00, 0x0F, 0xC0,
  0x00, 0x07, 0xE0, 0x00, 0xFC, 0x00, 0x00, 0x7E, 0x00, 0x0F, 0xC0, 0x00,
  0x07, 0xE0, 0x00, 0xFC, 0x00, 0x00, 0x7E, 0x00, 0x0F, 0xC0, 0x7E, 0x07,
  0xE0, 0x3F, 0xFC, 0x07, 0xE0, 0x7E, 0x03, 0xFF, 0xC0, 0x7E, 0x07, 0xE0,
  0x3F, 0xFC, 0x07, 0xE0, 0x7E, 0x03, 0xFF, 0xC0, 0x7E, 0x07, 0xE0, 0x3F,
  0xFC, 0x07, 0xE0, 0x7E, 0x03, 0xFF, 0xC0, 0x7E, 0x07, 0xE0, 0x3F, 0xFC,
  0x07, 0xE0, 0x7E, 0x03, 0xFF, 0xC0, 0x7E, 0x07, 0xE0, 0x3F, 0xFC, 0x07,
  0xE0, 0x7E, 0x03, 0xFF, 0xC0, 0x7E, 0x07, 0xE0, 0x3F, 0xFC, 0x07, 0xE0,
  0x7E, 0x03, 0xFF, 0xC0, 0x7E, 0x07, 0xE0, 0x3F, 0xFC, 0x07, 0xE0, 0x7E,
  0x03, 0xFF, 0xC0, 0x7E, 0x00, 0x00, 0x00, 0xFC, 0x07, 0xE0, 0x00, 0x00,
  0x0F, 0xC0, 0x7E, 0x00, 0x00, 0x00, 0xFC, 0x07, 0xE0, 0x00, 0x00, 0x0F,
  0xC0, 0x7E, 0x00, 0x00, 0x00, 0xFC, 0x07, 0xE0, 0x00, 0x00, 0x0F, 0xC0,
  0x7E, 0x00, 0x00, 0x00, 0xFC, 0x07, 0xE0, 0x00, 0x00, 0x0F, 0xC0, 0x7E,
  0x00, 0x00, 0x00, 0xFC, 0x07, 0xE0, 0x00, 0x00, 0x0F, 0xC0, 0x7E, 0x00,
  0x00, 0x00, 0xFC, 0x07, 0xE0, 0x00, 0x00, 0x0F, 0xC0, 0x7E, 0x00, 0x00,
  0x00, 0xFC, 0x07, 0xE0, 0x00, 0x00, 0x0F, 0xC0, 0x7E, 0x00, 0x00, 0x00,
  0xFC, 0x07, 0xE0, 0x00, 0x00, 0x0F, 0xC0, 0x7E, 0x00, 0x00, 0x00, 0xFC,
  0x07, 0xE0, 0x00, 0x00, 0x0F, 0xC0, 0x7E, 0x00, 0x00, 0x00, 0xFC, 0x07,
  0xE0, 0x00, 0x00, 0x0F, 0xC0, 0x7E, 0x00, 0x00, 0x00, 0xFC, 0x07, 0xE0,
  0x00, 0x00, 0x0F, 0xC0, 0x7E, 0x00, 0x00, 0x00, 0xFC, 0x07, 0xE0, 0x00,
  0x00, 0x0F, 0xC0, 0x7E, 0x00, 0x00, 0x00, 0xFC, 0x07, 0xE0, 0x00, 0x00,
  0x0F, 0xC0, 0x7E, 0x00, 0x00, 0x00, 0xFC, 0x07, 0xE0, 0x00, 0x00, 0x0F,
  0xC0, 0x7E, 0x00, 0x00, 0x00, 0xFC, 0x07, 0xE0, 0x00, 0x00, 0x0F, 0xC0,
  0x7E, 0x00, 0x00, 0x00, 0xFC, 0x07, 0xE0, 0x00, 0x00, 0x0F, 0xC0, 0x7E,
  0x00, 0x00, 0x00, 0xFC, 0x07, 0xE0, 0x00, 0x00, 0x0F, 0xC0, 0x7E, 0x00,
  0x00, 0x00, 0xFC, 0x07, 0xE0, 0x00, 0x00, 0x0F, 0xC0, 0x7E, 0x00, 0x00,
  0x00, 0xFC, 0x07, 0xE0, 0x00, 0x00, 0x0F, 0xC0, 0x7E, 0x00, 0x00, 0x00,
  0xFC, 0x07, 0xE0, 0x00, 0x00, 0x0F, 0xC0, 0x7E, 0x00, 0x00, 0x00, 0xFC,
  0x07, 0xE0, 0x00, 0x00, 0x0F, 0xC0, 0x7E, 0x07, 0xE0, 0x3F, 0xFC, 0x07,
  0xE0, 0x7E, 0x03, 0xFF, 0xC0, 0x7E, 0x07, 0xE0, 0x3F, 0xFC, 0x07, 0xE0,
  0x7E, 0x03, 0xFF, 0xC0, 0x7E, 0x07, 0xE0, 0x3F, 0xFC, 0x07, 0xE0, 0x7E,
  0x03, 0xFF, 0xC0, 0x7E, 0x07, 0xE0, 0x3F, 0xFC, 0x07, 0xE0, 0x7E, 0x03,
  0xFF, 0xC0, 0x7E, 0x07, 0xE0, 0x3F, 0xFC, 0x07, 0xE0, 0x7E, 0x03, 0xFF,
  0xC0, 0x7E, 0x07, 0xE0, 0x3F, 0xFC, 0x07, 0xE0, 0x7E, 0x03, 0xFF, 0xC0,
  0x7E, 0x07, 0xE0, 0x3F, 0xFC, 0x07, 0xE0, 0x7E, 0x03, 0xF0, 0x00, 0x00,
  0x07, 0xE0, 0x3F, 0x00, 0x00, 0x00, 0x7E, 0x03, 0xF0, 0x00, 0x00, 0x07,
  0xE0, 0x3F, 0x00, 0x00, 0x00, 0x7E, 0x03, 0xF0, 0x00, 0x00, 0x07, 0xE0,
  0x3F, 0x00, 0x00, 0x00, 0x7E, 0x03, 0xF0, 0x00, 0x00, 0x07, 0xE0, 0x3F,
  0x00, 0x00, 0x00, 0x7E, 0x03, 0xF0, 0x00, 0x00, 0x07, 0xE0, 0x3F, 0x00,
  0x00, 0x00, 0x7E, 0x03, 0xF0, 0x00, 0x00, 0x07, 0xE0, 0x3F, 0x00, 0x00,
  0x00, 0x7E, 0x03, 0xF0, 0x00, 0x00, 0x07, 0xE0, 0x3F, 0x00, 0x00, 0x00,
  0x7E, 0x03, 0xF0, 0x00, 0x00, 0x07, 0xE0, 0x3F, 0x00, 0x00, 0x00, 0x7E,
  0x03, 0xF0, 0x00, 0x00, 0x07, 0xE0, 0x3F, 0x00, 0x00, 0x00, 0x7E, 0x03,
  0xF0, 0x00, 0x00, 0x07, 0xE0, 0x3F, 0x00, 0x00, 0x00, 0x7E, 0x03, 0xF0,
  0x00, 0x00, 0x07, 0xE0, 0x3F, 0xFC, 0x07, 0xE0, 0x00, 0x00, 0x0F, 0xC0,
  0x7E, 0x00, 0x00, 0x00, 0xFC, 0x07, 0xE0, 0x00, 0x00, 0x0F, 0xC0, 0x7E,
  0x00, 0x00, 0x00, 0xFC, 0x07, 0xE0, 0x00, 0x00, 0x0F, 0xC0, 0x7E, 0x00,
  0x00, 0x00, 0xFC, 0x07, 0xE0, 0x00, 0x00, 0x0F, 0xC0, 0x7E, 0x00, 0x00,
  0x00, 0xFC, 0x07, 0xE0, 0x00, 0x00, 0x0F, 0xC0, 0x7E, 0x00, 0x00, 0x00,
  0xFC, 0x07, 0xE0, 0x00, 0x00, 0x0F, 0xC0, 0x7E, 0x00, 0x00, 0x00, 0xFC,
  0x07, 0xE0, 0x00, 0x00, 0x0F, 0xC0, 0x7E, 0x00, 0x00, 0x00, 0xFC, 0x07,
  0xE0, 0x00, 0x00, 0x0F, 0xC0, 0x7E, 0x00, 0x00, 0x00, 0xFC, 0x07, 0xE0,
  0x00, 0x00, 0x0F, 0xC0, 0x7E, 0x00, 0x00, 0x00, 0xFC, 0x07, 0xE0, 0x00,
  0x00, 0x0F, 0xC0, 0x7E, 0x00, 0x00, 0x00, 0xFC, 0x07, 0xE0, 0x00, 0x00,
  0x0F, 0xC0, 0x7E, 0x07, 0xE0, 0x3F, 0xFC, 0x07, 0xE0, 0x7E, 0x03, 0xFF,
  0xC0, 0x7E, 0x07, 0xE0, 0x3F, 0xFC, 0x07, 0xE0, 0x7E, 0x03, 0xFF, 0xC0,
  0x7E, 0x07, 0xE0, 0x3F, 0xFC, 0x07, 0xE0, 0x7E, 0x03, 0xFF, 0xC0, 0x7E,
  0x07, 0xE0, 0x3F, 0xFC, 0x07, 0xE0, 0x7E, 0x03, 0xFF, 0xC0, 0x7E, 0x07,
  0xE0, 0x3F, 0xFC, 0x07, 0xE0, 0x7E, 0x03, 0xFF, 0xC0, 0x7E, 0x07, 0xE0,
  0x3F, 0xFC, 0x07, 0xE0, 0x7E, 0x03, 0xFF, 0xC0, 0x7E, 0x07, 0xE0, 0x3F,
  0xFC, 0x07, 0xE0, 0x7E, 0x03, 0xF0, 0x00, 0x7E, 0x00, 0x00, 0x3F, 0x00,
  0x07, 0xE0, 0x00, 0x03, 0xF0, 0x00, 0x7E, 0x00, 0x00, 0x3F, 0x00, 0x07,
  0xE0, 0x00, 0x03, 0xF0, 0x00, 0x7E, 0x00, 0x00, 0x3F, 0x00, 0x07, 0xE0,
  0x00, 0x03, 0xF0, 0x00, 0x7E, 0x00, 0x00, 0x3F, 0x00, 0x07, 0xE0, 0x00,
  0x03, 0xF0, 0x00, 0x7E, 0x00, 0x00, 0x3F, 0x00, 0x07, 0xE0, 0x00, 0x03,
  0xF0, 0x00, 0x7E, 0x00, 0x00, 0x3F, 0x00, 0x07, 0xE0, 0x00, 0x03, 0xF0,
  0x00, 0x7E, 0x00, 0x00, 0x3F, 0x00, 0x07, 0xE0, 0x00, 0x03, 0xF0, 0x00,
  0x7E, 0x00, 0x00, 0x3F, 0x00, 0x07, 0xE0, 0x00, 0x03, 0xF0, 0x00, 0x7E,
  0x00, 0x00, 0x3F, 0x00, 0x07, 0xE0, 0x00, 0x03, 0xF0, 0x00, 0x7E, 0x00,
  0x00, 0x3F, 0x00, 0x07, 0xE0, 0x00, 0x03, 0xF0, 0x00, 0x7E, 0x00, 0x00,
  0x3F, 0xFC, 0x07, 0xE0, 0x00, 0x00, 0x0F, 0xC0, 0x7E, 0x00, 0x00, 0x00,
  0xFC, 0x07, 0xE0, 0x00, 0x00, 0x0F, 0xC0, 0x7E, 0x00, 0x00, 0x00, 0xFC,
  0x07, 0xE0, 0x00, 0x00, 0x0F, 0xC0, 0x7E, 0x00, 0x00, 0x00, 0xFC, 0x07,
  0xE0, 0x00, 0x00, 0x0F, 0xC0, 0x7E, 0x00, 0x00, 0x00, 0xFC, 0x07, 0xE0,
  0x00, 0x00, 0x0F, 0xC0, 0x7E, 0x00, 0x00, 0x00, 0xFC, 0x07, 0xE0, 0x00,
  0x00, 0x0F, 0xC0, 0x7E, 0x00, 0x00, 0x00, 0xFC, 0x07, 0xE0, 0x00, 0x00,
  0x0F, 0xC0, 0x7E, 0x00, 0x00, 0x00, 0xFC, 0x07, 0xE0, 0x00, 0x00, 0x0F,
  0xC0, 0x7E, 0x00, 0x00, 0x00, 0xFC, 0x07, 0xE0, 0x00, 0x00, 0x0F, 0xC0,
  0x7E, 0x00, 0x00, 0x00, 0xFC, 0x07, 0xE0, 0x00, 0x00, 0x0F, 0xC0, 0x7E,
  0x00, 0x00, 0x00, 0xFC, 0x07, 0xE0, 0x00, 0x00, 0x0F, 0xC0, 0x7E, 0x07,
  0xE0, 0x3F, 0xFC, 0x07, 0xE0, 0x7E, 0x03, 0xFF, 0xC0, 0x7E, 0x07, 0xE0,
  0x3F, 0xFC, 0x07, 0xE0, 0x7E, 0x03, 0xFF, 0xC0, 0x7E, 0x07, 0xE0, 0x3F,
  0xFC, 0x07, 0xE0, 0x7E, 0x03, 0xFF, 0xC0, 0x7E, 0x07, 0xE0, 0x3F, 0xFC,
  0x07, 0xE0, 0x7E, 0x03, 0xFF, 0xC0, 0x7E, 0x07, 0xE0, 0x3F, 0xFC, 0x07,
  0xE0, 0x7E, 0x03, 0xFF, 0xC0, 0x7E, 0x07, 0xE0, 0x3F, 0xFC, 0x07, 0xE0,
  0x7E, 0x03, 0xFF, 0xC0, 0x7E, 0x07, 0xE0, 0x3F, 0xFC, 0x07, 0xE0, 0x7E,
  0x03, 0xF0, 0x00, 0x7E, 0x07, 0xE0, 0x00, 0x00, 0x07, 0xE0, 0x7E, 0x00,
  0x00, 0x00, 0x7E, 0x07, 0xE0, 0x00, 0x00, 0x07, 0xE0, 0x7E, 0x00, 0x00,
  0x00, 0x7E, 0x07, 0xE0, 0x00, 0x00, 0x07, 0xE0, 0x7E, 0x00, 0x00, 0x00,
  0x7E, 0x07, 0xE0, 0x00, 0x00, 0x07, 0xE0, 0x7E, 0x00, 0x00, 0x00, 0x7E,
  0x07, 0xE0, 0x00, 0x00, 0x07, 0xE0, 0x7E, 0x00, 0x00, 0x00, 0x7E, 0x07,
  0xE0, 0x00, 0x00, 0x07, 0xE0, 0x7E, 0x00, 0x00, 0x00, 0x7E, 0x07, 0xE0,
  0x00, 0x00, 0x07, 0xE0, 0x7E, 0x00, 0x00, 0x00, 0x7E, 0x07, 0xE0, 0x00,
  0x00, 0x07, 0xE0, 0x7E, 0x00, 0x00, 0x00, 0x7E, 0x07, 0xE0, 0x00, 0x00,
  0x07, 0xE0, 0x7E, 0x00, 0x00, 0x00, 0x7E, 0x07, 0xE0, 0x00, 0x00, 0x07,
  0xE0, 0x7E, 0x00, 0x00, 0x00, 0x7E, 0x07, 0xE0, 0x00, 0xFC, 0x07, 0xE0,
  0x00, 0x00, 0x0F, 0xC0, 0x7E, 0x00, 0x00, 0x00, 0xFC, 0x07, 0xE0, 0x00,
  0x00, 0x0F, 0xC0, 0x7E, 0x00, 0x00, 0x00, 0xFC, 0x07, 0xE0, 0x00, 0x00,
  0x0F, 0xC0, 0x7E, 0x00, 0x00, 0x00, 0xFC, 0x07, 0xE0, 0x00, 0x00, 0x0F,
  0xC0, 0x7E, 0x00, 0x00, 0x00, 0xFC, 0x07, 0xE0, 0x00, 0x00, 0x0F, 0xC0,
  0x7E, 0x00, 0x00, 0x00, 0xFC, 0x07, 0xE0, 0x00, 0x00, 0x0F, 0xC0, 0x7E,
  0x00, 0x00, 0x00, 0xFC, 0x07, 0xE0, 0x00, 0x00, 0x0F, 0xC0, 0x7E, 0x00,
  0x00, 0x00, 0xFC, 0x07, 0xE0, 0x00, 0x00, 0x0F, 0xC0, 0x7E, 0x00, 0x00,
  0x00, 0xFC, 0x07, 0xE0, 0x00, 0x00, 0x0F, 0xC0, 0x7E, 0x00, 0x00, 0x00,
  0xFC, 0x07, 0xE0, 0x00, 0x00, 0x0F, 0xC0, 0x7E, 0x00, 0x00, 0x00, 0xFC,
  0x07, 0xE0, 0x00, 0x00, 0x0F, 0xC0, 0x7E, 0x07, 0xE0, 0x3F, 0xFC, 0x07,
  0xE0, 0x7E, 0x03, 0xFF, 0xC0, 0x7E, 0x07, 0xE0, 0x3F, 0xFC, 0x07, 0xE0,
  0x7E, 0x03, 0xFF, 0xC0, 0x7E, 0x07, 0xE0, 0x3F, 0xFC, 0x07, 0xE0, 0x7E,
  0x03, 0xFF, 0xC0, 0x7E, 0x07, 0xE0, 0x3F, 0xFC, 0x07, 0xE0, 0x7E, 0x03,
  0xFF, 0xC0, 0x7E, 0x07, 0xE0, 0x3F, 0xFC, 0x07, 0xE0, 0x7E, 0x03, 0xFF,
  0xC0, 0x7E, 0x07, 0xE0, 0x3F, 0xFC, 0x07, 0xE0, 0x7E, 0x03, 0xFF, 0xC0,
  0x7E, 0x07, 0xE0, 0x3F, 0xFC, 0x07, 0xE0, 0x7E, 0x03, 0xFF, 0xC0, 0x00,
  0x00, 0x00, 0x3F, 0xFC, 0x00, 0x00, 0x00, 0x03, 0xFF, 0xC0, 0x00, 0x00,
  0x00, 0x3F, 0xFC, 0x00, 0x00, 0x00, 0x03, 0xFF, 0xC0, 0x00, 0x00, 0x00,
  0x3F, 0xFC, 0x00, 0x00, 0x00, 0x03, 0xFF, 0xC0, 0x00, 0x00, 0x00, 0x3F,
  0xFC, 0x00, 0x00, 0x00, 0x03, 0xFF, 0xC0, 0x00, 0x00, 0x00, 0x3F, 0xFC,
  0x00, 0x00, 0x00, 0x03, 0xFF, 0xC0, 0x00, 0x00, 0x00, 0x3F, 0xFC, 0x00,
  0x00, 0x00, 0x03, 0xFF, 0xC0, 0x00, 0x00, 0x00, 0x3F, 0xFC, 0x00, 0x00,
  0x00, 0x03, 0xFF, 0xC0, 0x00, 0x00, 0x00, 0x3F, 0xFC, 0x00, 0x00, 0x00,
  0x03, 0xFF, 0xC0, 0x00, 0x00, 0x00, 0x3F, 0xFC, 0x00, 0x00, 0x00, 0x03,
  0xFF, 0xC0, 0x00, 0x00, 0x00, 0x3F, 0xFC, 0x00, 0x00, 0x00, 0x03, 0xFF,
  0xC0, 0x00, 0x00, 0x00, 0x3F, 0xFC, 0x07, 0xE0, 0x00, 0x00, 0x0F, 0xC0,
  0x7E, 0x00, 0x00, 0x00, 0xFC, 0x07, 0xE0, 0x00, 0x00, 0x0F, 0xC0, 0x7E,
  0x00, 0x00, 0x00, 0xFC, 0x07, 0xE0, 0x00, 0x00, 0x0F, 0xC0, 0x7E, 0x00,
  0x00, 0x00, 0xFC, 0x07, 0xE0, 0x00, 0x00, 0x0F, 0xC0, 0x7E, 0x00, 0x00,
  0x00, 0xFC, 0x07, 0xE0, 0x00, 0x00, 0x0F, 0xC0, 0x7E, 0x00, 0x00, 0x00,
  0xFC, 0x07, 0xE0, 0x00, 0x00, 0x0F, 0xC0, 0x7E, 0x00, 0x00, 0x00, 0xFC,
  0x07, 0xE0, 0x00, 0x00, 0x0F, 0xC0, 0x7E, 0x00, 0x00, 0x00, 0xFC, 0x07,
  0xE0, 0x00, 0x00, 0x0F, 0xC0, 0x7E, 0x00, 0x00, 0x00, 0xFC, 0x07, 0xE0,
  0x00, 0x00, 0x0F, 0xC0, 0x7E, 0x00, 0x00, 0x00, 0xFC, 0x07, 0xE0, 0x00,
  0x00, 0x0F, 0xC0, 0x7E, 0x00, 0x00, 0x00, 0xFC, 0x07, 0xE0, 0x00, 0x00,
  0x0F, 0xC0, 0x7E, 0x07, 0xE0, 0x3F, 0xFC, 0x07, 0xE0, 0x7E, 0x03, 0xFF,
  0xC0, 0x7E, 0x07, 0xE0, 0x3F, 0xFC, 0x07, 0xE0, 0x7E, 0x03, 0xFF, 0xC0,
  0x7E, 0x07, 0xE0, 0x3F, 0xFC, 0x07, 0xE0, 0x7E, 0x03, 0xFF, 0xC0, 0x7E,
  0x07, 0xE0, 0x3F, 0xFC, 0x07, 0xE0, 0x7E, 0x03, 0xFF, 0xC0, 0x7E, 0x07,
  0xE0, 0x3F, 0xFC, 0x07, 0xE0, 0x7E, 0x03, 0xFF, 0xC0, 0x7E, 0x07, 0xE0,
  0x3F, 0xFC, 0x07, 0xE0, 0x7E, 0x03, 0xFF, 0xC0, 0x7E, 0x07, 0xE0, 0x3F,
  0xFC, 0x07, 0xE0, 0x7E, 0x03, 0xFF, 0xC0, 0x00, 0x07, 0xE0, 0x00, 0xFC,
  0x00, 0x00, 0x7E, 0x00, 0x0F, 0xC0, 0x00, 0x07, 0xE0, 0x00, 0xFC, 0x00,
  0x00, 0x7E, 0x00, 0x0F, 0xC0, 0x00, 0x07, 0xE0, 0x00, 0xFC, 0x00, 0x00,
  0x7E, 0x00, 0x0F, 0xC0, 0x00, 0x07, 0xE0, 0x00, 0xFC, 0x00, 0x00, 0x7E,
  0x00, 0x0F, 0xC0, 0x00, 0x07, 0xE0, 0x00, 0xFC, 0x00, 0x00, 0x7E, 0x00,
  0x0F, 0xC0, 0x00, 0x07, 0xE0, 0x00, 0xFC, 0x00, 0x00, 0x7E, 0x00, 0x0F,
  0xC0, 0x00, 0x07, 0xE0, 0x00, 0xFC, 0x00, 0x00, 0x7E, 0x00, 0x0F, 0xC0,
  0x00, 0x07, 0xE0, 0x00, 0xFC, 0x00, 0x00, 0x7E, 0x00, 0x0F, 0xC0, 0x00,
  0x07, 0xE0, 0x00, 0xFC, 0x00, 0x00, 0x7E, 0x00, 0x0F, 0xC0, 0x00, 0x07,
  0xE0, 0x00, 0xFC, 0x00, 0x00, 0x7E, 0x00, 0x0F, 0xC0, 0x00, 0x07, 0xE0,
  0x00, 0xFC, 0x07, 0xE0, 0x00, 0x00, 0x0F, 0xC0, 0x7E, 0x00, 0x00, 0x00,
  0xFC, 0x07, 0xE0, 0x00, 0x00, 0x0F, 0xC0, 0x7E, 0x00, 0x00, 0x00, 0xFC,
  0x07, 0xE0, 0x00, 0x00, 0x0F, 0xC0, 0x7E, 0x00, 0x00, 0x00, 0xFC, 0x07,
  0xE0, 0x00, 0x00, 0x0F, 0xC0, 0x7E, 0x00, 0x00, 0x00, 0xFC, 0x07, 0xE0,
  0x00, 0x00, 0x0F, 0xC0, 0x7E, 0x00, 0x00, 0x00, 0xFC, 0x07, 0xE0, 0x00,
  0x00, 0x0F, 0xC0, 0x7E, 0x00, 0x00, 0x00, 0xFC, 0x07, 0xE0, 0x00, 0x00,
  0x0F, 0xC0, 0x7E, 0x00, 0x00, 0x00, 0xFC, 0x07, 0xE0, 0x00, 0x00, 0x0F,
  0xC0, 0x7E, 0x00, 0x00, 0x00, 0xFC, 0x07, 0xE0, 0x00, 0x00, 0x0F, 0xC0,
  0x7E, 0x00, 0x00, 0x00, 0xFC, 0x07, 0xE0, 0x00, 0x00, 0x0F, 0xC0, 0x7E,
  0x00, 0x00, 0x00, 0xFC, 0x07, 0xE0, 0x00, 0x00, 0x0F, 0xC0, 0x7E, 0x07,
  0xE0, 0x3F, 0xFC, 0x07, 0xE0, 0x7E, 0x03, 0xFF, 0xC0, 0x7E, 0x07, 0xE0,
  0x3F, 0xFC, 0x07, 0xE0, 0x7E, 0x03, 0xFF, 0xC0, 0x7E, 0x07, 0xE0, 0x3F,
  0xFC, 0x07, 0xE0, 0x7E, 0x03, 0xFF, 0xC0, 0x7E, 0x07, 0xE0, 0x3F, 0xFC,
  0x07, 0xE0, 0x7E, 0x03, 0xFF, 0xC0, 0x7E, 0x07, 0xE0, 0x3F, 0xFC, 0x07,
  0xE0, 0x7E, 0x03, 0xFF, 0xC0, 0x7E, 0x07, 0xE0, 0x3F, 0xFC, 0x07, 0xE0,
  0x7E, 0x03, 0xFF, 0xC0, 0x7E, 0x07, 0xE0, 0x3F, 0xFC, 0x07, 0xE0, 0x7E,
  0x03, 0xFF, 0xC0, 0x7E, 0x00, 0x00, 0x00, 0xFC, 0x07, 0xE0, 0x00, 0x00,
  0x0F, 0xC0, 0x7E, 0x00, 0x00, 0x00, 0xFC, 0x07, 0xE0, 0x00, 0x00, 0x0F,
  0xC0, 0x7E, 0x00, 0x00, 0x00, 0xFC, 0x07, 0xE0, 0x00, 0x00, 0x0F, 0xC0,
  0x7E, 0x00, 0x00, 0x00, 0xFC, 0x07, 0xE0, 0x00, 0x00, 0x0F, 0xC0, 0x7E,
  0x00, 0x00, 0x00, 0xFC, 0x07, 0xE0, 0x00, 0x00, 0x0F, 0xC0, 0x7E, 0x00,
  0x00, 0x00, 0xFC, 0x07, 0xE0, 0x00, 0x00, 0x0F, 0xC0, 0x7E, 0x00, 0x00,
  0x00, 0xFC, 0x07, 0xE0, 0x00, 0x00, 0x0F, 0xC0, 0x7E, 0x00, 0x00, 0x00,
  0xFC, 0x07, 0xE0, 0x00, 0x00, 0x0F, 0xC0, 0x7E, 0x00, 0x00, 0x00, 0xFC,
  0x07, 0xE0, 0x00, 0x00, 0x0F, 0xC0, 0x7E, 0x00, 0x00, 0x00, 0xFC, 0x07,
  0xE0, 0x00, 0x00, 0x0F, 0xC0, 0x7E, 0x00, 0x00, 0x00, 0x00, 0x00, 0x00,
  0x00 };

const GFXglyph KixBarcode_y5De20pt7bGlyphs[] PROGMEM = {
  {     0,   1,   1,   0,    0,    0 },   // 0x20 ' '
  {     1,   1,   1,   0,    0,    0 },   // 0x21 '!'
  {     2,   1,   1,   0,    0,    0 },   // 0x22 '"'
  {     3,   1,   1,   0,    0,    0 },   // 0x23 '#'
  {     4,   1,   1,   0,    0,    0 },   // 0x24 '$'
  {     5,   1,   1,   0,    0,    0 },   // 0x25 '%'
  {     6,   1,   1,   0,    0,    0 },   // 0x26 '&'
  {     7,   1,   1,   0,    0,    0 },   // 0x27 '''
  {     8,   1,   1,   0,    0,    0 },   // 0x28 '('
  {     9,   1,   1,   0,    0,    0 },   // 0x29 ')'
  {    10,   1,   1,   0,    0,    0 },   // 0x2A '*'
  {    11,   1,   1,   0,    0,    0 },   // 0x2B '+'
  {    12,   1,   1,   0,    0,    0 },   // 0x2C ','
  {    13,   1,   1,   0,    0,    0 },   // 0x2D '-'
  {    14,   1,   1,   0,    0,    0 },   // 0x2E '.'
  {    15,   1,   1,   0,    0,    0 },   // 0x2F '/'
  {    16,  44,  56,  51,    1,  -27 },   // 0x30 '0'
  {   324,  44,  56,  51,    1,  -27 },   // 0x31 '1'
  {   632,  44,  56,  51,    1,  -27 },   // 0x32 '2'
  {   940,  44,  56,  51,    1,  -27 },   // 0x33 '3'
  {  1248,  44,  56,  51,    1,  -27 },   // 0x34 '4'
  {  1556,  44,  56,  51,    1,  -27 },   // 0x35 '5'
  {  1864,  44,  56,  51,    1,  -27 },   // 0x36 '6'
  {  2172,  44,  56,  51,    1,  -27 },   // 0x37 '7'
  {  2480,  44,  56,  51,    1,  -27 },   // 0x38 '8'
  {  2788,  44,  56,  51,    1,  -27 },   // 0x39 '9'
  {  3096,   1,   1,   0,    0,    0 },   // 0x3A ':'
  {  3097,   1,   1,   0,    0,    0 },   // 0x3B ';'
  {  3098,   1,   1,   0,    0,    0 },   // 0x3C '<'
  {  3099,   1,   1,   0,    0,    0 },   // 0x3D '='
  {  3100,   1,   1,   0,    0,    0 },   // 0x3E '>'
  {  3101,   1,   1,   0,    0,    0 },   // 0x3F '?'
  {  3102,   1,   1,   0,    0,    0 },   // 0x40 '@'
  {  3103,  44,  56,  51,    1,  -27 },   // 0x41 'A'
  {  3411,  44,  56,  51,    1,  -27 },   // 0x42 'B'
  {  3719,  44,  56,  51,    1,  -27 },   // 0x43 'C'
  {  4027,  44,  56,  51,    1,  -27 },   // 0x44 'D'
  {  4335,  44,  56,  51,    1,  -27 },   // 0x45 'E'
  {  4643,  44,  56,  51,    1,  -27 },   // 0x46 'F'
  {  4951,  44,  56,  51,    1,  -27 },   // 0x47 'G'
  {  5259,  44,  56,  51,    1,  -27 },   // 0x48 'H'
  {  5567,  44,  56,  51,    1,  -27 },   // 0x49 'I'
  {  5875,  44,  56,  51,    1,  -27 },   // 0x4A 'J'
  {  6183,  44,  56,  51,    1,  -27 },   // 0x4B 'K'
  {  6491,  44,  56,  51,    1,  -27 },   // 0x4C 'L'
  {  6799,  44,  56,  51,    1,  -27 },   // 0x4D 'M'
  {  7107,  44,  56,  51,    1,  -27 },   // 0x4E 'N'
  {  7415,  44,  56,  51,    1,  -27 },   // 0x4F 'O'
  {  7723,  44,  56,  51,    1,  -27 },   // 0x50 'P'
  {  8031,  44,  56,  51,    1,  -27 },   // 0x51 'Q'
  {  8339,  44,  56,  51,    1,  -27 },   // 0x52 'R'
  {  8647,  44,  56,  51,    1,  -27 },   // 0x53 'S'
  {  8955,  44,  56,  51,    1,  -27 },   // 0x54 'T'
  {  9263,  44,  56,  51,    1,  -27 },   // 0x55 'U'
  {  9571,  44,  56,  51,    1,  -27 },   // 0x56 'V'
  {  9879,  44,  56,  51,    1,  -27 },   // 0x57 'W'
  { 10187,  44,  56,  51,    1,  -27 },   // 0x58 'X'
  { 10495,  44,  56,  51,    1,  -27 },   // 0x59 'Y'
  { 10803,  44,  56,  51,    1,  -27 },   // 0x5A 'Z'
  { 11111,   1,   1,   0,    0,    0 },   // 0x5B '['
  { 11112,   1,   1,   0,    0,    0 },   // 0x5C '\'
  { 11113,   1,   1,   0,    0,    0 },   // 0x5D ']'
  { 11114,   1,   1,   0,    0,    0 },   // 0x5E '^'
  { 11115,   1,   1,   0,    0,    0 },   // 0x5F '_'
  { 11116,   1,   1,   0,    0,    0 },   // 0x60 '`'
  { 11117,  44,  56,  51,    1,  -27 },   // 0x61 'a'
  { 11425,  44,  56,  51,    1,  -27 },   // 0x62 'b'
  { 11733,  44,  56,  51,    1,  -27 },   // 0x63 'c'
  { 12041,  44,  56,  51,    1,  -27 },   // 0x64 'd'
  { 12349,  44,  56,  51,    1,  -27 },   // 0x65 'e'
  { 12657,  44,  56,  51,    1,  -27 },   // 0x66 'f'
  { 12965,  44,  56,  51,    1,  -27 },   // 0x67 'g'
  { 13273,  44,  56,  51,    1,  -27 },   // 0x68 'h'
  { 13581,  44,  56,  51,    1,  -27 },   // 0x69 'i'
  { 13889,  44,  56,  51,    1,  -27 },   // 0x6A 'j'
  { 14197,  44,  56,  51,    1,  -27 },   // 0x6B 'k'
  { 14505,  44,  56,  51,    1,  -27 },   // 0x6C 'l'
  { 14813,  44,  56,  51,    1,  -27 },   // 0x6D 'm'
  { 15121,  44,  56,  51,    1,  -27 },   // 0x6E 'n'
  { 15429,  44,  56,  51,    1,  -27 },   // 0x6F 'o'
  { 15737,  44,  56,  51,    1,  -27 },   // 0x70 'p'
  { 16045,  44,  56,  51,    1,  -27 },   // 0x71 'q'
  { 16353,  44,  56,  51,    1,  -27 },   // 0x72 'r'
  { 16661,  44,  56,  51,    1,  -27 },   // 0x73 's'
  { 16969,  44,  56,  51,    1,  -27 },   // 0x74 't'
  { 17277,  44,  56,  51,    1,  -27 },   // 0x75 'u'
  { 17585,  44,  56,  51,    1,  -27 },   // 0x76 'v'
  { 17893,  44,  56,  51,    1,  -27 },   // 0x77 'w'
  { 18201,  44,  56,  51,    1,  -27 },   // 0x78 'x'
  { 18509,  44,  56,  51,    1,  -27 },   // 0x79 'y'
  { 18817,  44,  56,  51,    1,  -27 },   // 0x7A 'z'
  { 19125,   1,   1,   0,    0,    0 },   // 0x7B '{'
  { 19126,   1,   1,   0,    0,    0 },   // 0x7C '|'
  { 19127,   1,   1,   0,    0,    0 },   // 0x7D '}'
  { 19128,   1,   1,   0,    0,    0 } }; // 0x7E '~'

const GFXfont KixBarcode_y5De20pt7b PROGMEM = {
  (uint8_t  *)KixBarcode_y5De20pt7bBitmaps,
  (GFXglyph *)KixBarcode_y5De20pt7bGlyphs,
  0x20, 0x7E, 56 };

// Approx. 19801 bytes
