const uint8_t BarCode39Lesbar_3yDM30pt7bBitmaps[] PROGMEM = {
  0x00, 0xC0, 0xFC, 0xE7, 0xE7, 0xC0, 0xFC, 0xE7, 0xE7, 0xC0, 0xFC, 0xE7,
  0xE7, 0xC0, 0xFC, 0xE7, 0xE7, 0xC0, 0xFC, 0xE7, 0xE7, 0xC0, 0xFC, 0xE7,
  0xE7, 0xC0, 0xFC, 0xE7, 0xE7, 0xC0, 0xFC, 0xE7, 0xE7, 0xC0, 0xFC, 0xE7,
  0xE7, 0xC0, 0xFC, 0xE7, 0xE7, 0xC0, 0xFC, 0xE7, 0xE7, 0xC0, 0xFC, 0xE7,
  0xE7, 0xC0, 0xFC, 0xE7, 0xE7, 0xC0, 0xFC, 0xE7, 0xE7, 0xC0, 0xFC, 0xE7,
  0xE7, 0xC0, 0xFC, 0xE7, 0xE7, 0xC0, 0xFC, 0xE7, 0xE7, 0xC0, 0xFC, 0xE7,
  0xE7, 0xC0, 0xFC, 0xE7, 0xE7, 0xC0, 0xFC, 0xE7, 0xE7, 0xC0, 0xFC, 0xE7,
  0xE7, 0xC0, 0xFC, 0xE7, 0xE7, 0xC0, 0xFC, 0xE7, 0xE7, 0xC0, 0xFC, 0xE7,
  0xE7, 0xC0, 0xFC, 0xE7, 0xE7, 0xC0, 0xFC, 0xE7, 0xE7, 0xC0, 0xFC, 0xE7,
  0xE7, 0xC0, 0xFC, 0xE7, 0xE7, 0xC0, 0xFC, 0xE7, 0xE7, 0xC0, 0xFC, 0xE7,
  0xE7, 0xC0, 0xFC, 0xE7, 0xE7, 0xC0, 0xFC, 0xE7, 0xE7, 0xC0, 0xFC, 0xE7,
  0xE7, 0xC0, 0xFC, 0xE7, 0xE7, 0xC0, 0xFC, 0xE7, 0xE7, 0xC0, 0xFC, 0xE7,
  0xE7, 0xC0, 0xFC, 0xE7, 0xE7, 0xC0, 0xFC, 0xE7, 0xE7, 0xC0, 0xFC, 0xE7,
  0xE7, 0xC0, 0xFC, 0xE7, 0xE7, 0xC0, 0xFC, 0xE7, 0xE7, 0xC0, 0xFC, 0xE7,
  0xE7, 0xC0, 0xFC, 0xE7, 0xE7, 0xC0, 0xFC, 0xE7, 0xE7, 0xC0, 0xFC, 0xE7,
  0xE7, 0xC0, 0xFC, 0xE7, 0xE7, 0x00, 0x00, 0x00, 0x00, 0x00, 0x00, 0x00,
  0x00, 0x00, 0x00, 0x00, 0x00, 0x00, 0x00, 0x00, 0x00, 0x00, 0x00, 0x00,
  0x00, 0x00, 0x00, 0x00, 0x00, 0x00, 0x00, 0x00, 0x00, 0x00, 0x00, 0x00,
  0x00, 0x00, 0x00, 0x00, 0x00, 0x00, 0x00, 0x00, 0x00, 0x00, 0x00, 0x00,
  0x00, 0x00, 0x00, 0x00, 0x00, 0x00, 0x00, 0x00, 0x00, 0x00, 0x1F, 0xFE,
  0x00, 0x00, 0x1F, 0xFE, 0x00, 0xC0, 0xE7, 0xE7, 0xE7, 0xC0, 0xE7, 0xE7,
  0xE7, 0xC0, 0xE7, 0xE7, 0xE7, 0xC0, 0xE7, 0xE7, 0xE7, 0xC0, 0xE7, 0xE7,
  0xE7, 0xC0, 0xE7, 0xE7, 0xE7, 0xC0, 0xE7, 0xE7, 0xE7, 0xC0, 0xE7, 0xE7,
  0xE7, 0xC0, 0xE7, 0xE7, 0xE7, 0xC0, 0xE7, 0xE7, 0xE7, 0xC0, 0xE7, 0xE7,
  0xE7, 0xC0, 0xE7, 0xE7, 0xE7, 0xC0, 0xE7, 0xE7, 0xE7, 0xC0, 0xE7, 0xE7,
  0xE7, 0xC0, 0xE7, 0xE7, 0xE7, 0xC0, 0xE7, 0xE7, 0xE7, 0xC0, 0xE7, 0xE7,
  0xE7, 0xC0, 0xE7, 0xE7, 0xE7, 0xC0, 0xE7, 0xE7, 0xE7, 0xC0, 0xE7, 0xE7,
  0xE7, 0xC0, 0xE7, 0xE7, 0xE7, 0xC0, 0xE7, 0xE7, 0xE7, 0xC0, 0xE7, 0xE7,
  0xE7, 0xC0, 0xE7, 0xE7, 0xE7, 0xC0, 0xE7, 0xE7, 0xE7, 0xC0, 0xE7, 0xE7,
  0xE7, 0xC0, 0xE7, 0xE7, 0xE7, 0xC0, 0xE7, 0xE7, 0xE7, 0xC0, 0xE7, 0xE7,
  0xE7, 0xC0, 0xE7, 0xE7, 0xE7, 0xC0, 0xE7, 0xE7, 0xE7, 0xC0, 0xE7, 0xE7,
  0xE7, 0xC0, 0xE7, 0xE7, 0xE7, 0xC0, 0xE7, 0xE7, 0xE7, 0xC0, 0xE7, 0xE7,
  0xE7, 0xC0, 0xE7, 0xE7, 0xE7, 0xC0, 0xE7, 0xE7, 0xE7, 0xC0, 0xE7, 0xE7,
  0xE7, 0xC0, 0xE7, 0xE7, 0xE7, 0xC0, 0xE7, 0xE7, 0xE7, 0xC0, 0xE7, 0xE7,
  0xE7, 0xC0, 0xE7, 0xE7, 0xE7, 0xC0, 0xE7, 0xE7, 0xE7, 0xC0, 0xE7, 0xE7,
  0xE7, 0xC0, 0xE7, 0xE7, 0xE7, 0xC0, 0xE7, 0xE7, 0xE7, 0x00, 0x00, 0x00,
  0x00, 0x00, 0x00, 0x00, 0x00, 0x00, 0x00, 0x00, 0x00, 0x00, 0x00, 0x00,
  0x00, 0x00, 0x00, 0x00, 0x00, 0x00, 0x00, 0x80, 0x00, 0x00, 0x00, 0xC0,
  0x00, 0x00, 0x01, 0xC0, 0x00, 0x00, 0x01, 0xC0, 0x00, 0x00, 0x00, 0xC0,
  0x00, 0x00, 0xF0, 0xC3, 0xC0, 0x00, 0x7C, 0xDF, 0x80, 0x00, 0x3F, 0xFF,
  0x00, 0x00, 0x0F, 0xFC, 0x00, 0x00, 0x01, 0xE0, 0x00, 0x00, 0x03, 0xF0,
  0x00, 0x00, 0x07, 0x78, 0x00, 0x00, 0x0F, 0x3C, 0x00, 0x00, 0x0E, 0x1C,
  0x00, 0x00, 0x0C, 0x1C, 0x00, 0x00, 0x08, 0x04, 0x00, 0x00, 0x10, 0x00,
  0x00, 0xC0, 0xFC, 0xE7, 0xE7, 0xC0, 0xFC, 0xE7, 0xE7, 0xC0, 0xFC, 0xE7,
  0xE7, 0xC0, 0xFC, 0xE7, 0xE7, 0xC0, 0xFC, 0xE7, 0xE7, 0xC0, 0xFC, 0xE7,
  0xE7, 0xC0, 0xFC, 0xE7, 0xE7, 0xC0, 0xFC, 0xE7, 0xE7, 0xC0, 0xFC, 0xE7,
  0xE7, 0xC0, 0xFC, 0xE7, 0xE7, 0xC0, 0xFC, 0xE7, 0xE7, 0xC0, 0xFC, 0xE7,
  0xE7, 0xC0, 0xFC, 0xE7, 0xE7, 0xC0, 0xFC, 0xE7, 0xE7, 0xC0, 0xFC, 0xE7,
  0xE7, 0xC0, 0xFC, 0xE7, 0xE7, 0xC0, 0xFC, 0xE7, 0xE7, 0xC0, 0xFC, 0xE7,
  0xE7, 0xC0, 0xFC, 0xE7, 0xE7, 0xC0, 0xFC, 0xE7, 0xE7, 0xC0, 0xFC, 0xE7,
  0xE7, 0xC0, 0xFC, 0xE7, 0xE7, 0xC0, 0xFC, 0xE7, 0xE7, 0xC0, 0xFC, 0xE7,
  0xE7, 0xC0, 0xFC, 0xE7, 0xE7, 0xC0, 0xFC, 0xE7, 0xE7, 0xC0, 0xFC, 0xE7,
  0xE7, 0xC0, 0xFC, 0xE7, 0xE7, 0xC0, 0xFC, 0xE7, 0xE7, 0xC0, 0xFC, 0xE7,
  0xE7, 0xC0, 0xFC, 0xE7, 0xE7, 0xC0, 0xFC, 0xE7, 0xE7, 0xC0, 0xFC, 0xE7,
  0xE7, 0xC0, 0xFC, 0xE7, 0xE7, 0xC0, 0xFC, 0xE7, 0xE7, 0xC0, 0xFC, 0xE7,
  0xE7, 0xC0, 0xFC, 0xE7, 0xE7, 0xC0, 0xFC, 0xE7, 0xE7, 0xC0, 0xFC, 0xE7,
  0xE7, 0xC0, 0xFC, 0xE7, 0xE7, 0xC0, 0xFC, 0xE7, 0xE7, 0xC0, 0xFC, 0xE7,
  0xE7, 0xC0, 0xFC, 0xE7, 0xE7, 0xC0, 0xFC, 0xE7, 0xE7, 0xC0, 0xFC, 0xE7,
  0xE7, 0xC0, 0xFC, 0xE7, 0xE7, 0x00, 0x00, 0x00, 0x00, 0x00, 0x00, 0x00,
  0x00, 0x00, 0x00, 0x00, 0x00, 0x00, 0x00, 0x00, 0x00, 0x00, 0x00, 0x00,
  0x00, 0x00, 0x00, 0x00, 0x00, 0x00, 0x00, 0x00, 0x00, 0x00, 0x00, 0x00,
  0x00, 0x00, 0x00, 0x00, 0x00, 0x00, 0x00, 0x00, 0x00, 0x00, 0x00, 0x00,
  0x00, 0x00, 0x00, 0x00, 0x00, 0x00, 0x00, 0x00, 0x00, 0x00, 0x1F, 0xFE,
  0x00, 0x00, 0x1F, 0xFE, 0x00, 0xC0, 0xE0, 0xE0, 0xE7, 0xC0, 0xE0, 0xE0,
  0xE7, 0xC0, 0xE0, 0xE0, 0xE7, 0xC0, 0xE0, 0xE0, 0xE7, 0xC0, 0xE0, 0xE0,
  0xE7, 0xC0, 0xE0, 0xE0, 0xE7, 0xC0, 0xE0, 0xE0, 0xE7, 0xC0, 0xE0, 0xE0,
  0xE7, 0xC0, 0xE0, 0xE0, 0xE7, 0xC0, 0xE0, 0xE0, 0xE7, 0xC0, 0xE0, 0xE0,
  0xE7, 0xC0, 0xE0, 0xE0, 0xE7, 0xC0, 0xE0, 0xE0, 0xE7, 0xC0, 0xE0, 0xE0,
  0xE7, 0xC0, 0xE0, 0xE0, 0xE7, 0xC0, 0xE0, 0xE0, 0xE7, 0xC0, 0xE0, 0xE0,
  0xE7, 0xC0, 0xE0, 0xE0, 0xE7, 0xC0, 0xE0, 0xE0, 0xE7, 0xC0, 0xE0, 0xE0,
  0xE7, 0xC0, 0xE0, 0xE0, 0xE7, 0xC0, 0xE0, 0xE0, 0xE7, 0xC0, 0xE0, 0xE0,
  0xE7, 0xC0, 0xE0, 0xE0, 0xE7, 0xC0, 0xE0, 0xE0, 0xE7, 0xC0, 0xE0, 0xE0,
  0xE7, 0xC0, 0xE0, 0xE0, 0xE7, 0xC0, 0xE0, 0xE0, 0xE7, 0xC0, 0xE0, 0xE0,
  0xE7, 0xC0, 0xE0, 0xE0, 0xE7, 0xC0, 0xE0, 0xE0, 0xE7, 0xC0, 0xE0, 0xE0,
  0xE7, 0xC0, 0xE0, 0xE0, 0xE7, 0xC0, 0xE0, 0xE0, 0xE7, 0xC0, 0xE0, 0xE0,
  0xE7, 0xC0, 0xE0, 0xE0, 0xE7, 0xC0, 0xE0, 0xE0, 0xE7, 0xC0, 0xE0, 0xE0,
  0xE7, 0xC0, 0xE0, 0xE0, 0xE7, 0xC0, 0xE0, 0xE0, 0xE7, 0xC0, 0xE0, 0xE0,
  0xE7, 0xC0, 0xE0, 0xE0, 0xE7, 0xC0, 0xE0, 0xE0, 0xE7, 0xC0, 0xE0, 0xE0,
  0xE7, 0xC0, 0xE0, 0xE0, 0xE7, 0xC0, 0xE0, 0xE0, 0xE7, 0x00, 0x00, 0x00,
  0x00, 0x00, 0x00, 0x00, 0x00, 0x00, 0x00, 0x00, 0x00, 0x00, 0x00, 0xC0,
  0x00, 0x00, 0x00, 0xC0, 0x00, 0x00, 0x01, 0xF0, 0x00, 0x00, 0x07, 0xF8,
  0x00, 0x00, 0x0C, 0x0C, 0x00, 0x00, 0x0C, 0x0C, 0x00, 0x00, 0x0C, 0x00,
  0x00, 0x00, 0x0C, 0x00, 0x00, 0x00, 0x0F, 0x00, 0x00, 0x00, 0x03, 0xC0,
  0x00, 0x00, 0x00, 0xF8, 0x00, 0x00, 0x00, 0x1C, 0x00, 0x00, 0x00, 0x0E,
  0x00, 0x00, 0x00, 0x06, 0x00, 0x00, 0x18, 0x06, 0x00, 0x00, 0x0C, 0x06,
  0x00, 0x00, 0x0C, 0x1C, 0x00, 0x00, 0x07, 0xF8, 0x00, 0x00, 0x00, 0xC0,
  0x00, 0x00, 0x00, 0xC0, 0x00, 0x00, 0x00, 0xC0, 0x00, 0xC6, 0x06, 0x07,
  0x07, 0xC6, 0x06, 0x07, 0x07, 0xC6, 0x06, 0x07, 0x07, 0xC6, 0x06, 0x07,
  0x07, 0xC6, 0x06, 0x07, 0x07, 0xC6, 0x06, 0x07, 0x07, 0xC6, 0x06, 0x07,
  0x07, 0xC6, 0x06, 0x07, 0x07, 0xC6, 0x06, 0x07, 0x07, 0xC6, 0x06, 0x07,
  0x07, 0xC6, 0x06, 0x07, 0x07, 0xC6, 0x06, 0x07, 0x07, 0xC6, 0x06, 0x07,
  0x07, 0xC6, 0x06, 0x07, 0x07, 0xC6, 0x06, 0x07, 0x07, 0xC6, 0x06, 0x07,
  0x07, 0xC6, 0x06, 0x07, 0x07, 0xC6, 0x06, 0x07, 0x07, 0xC6, 0x06, 0x07,
  0x07, 0xC6, 0x06, 0x07, 0x07, 0xC6, 0x06, 0x07, 0x07, 0xC6, 0x06, 0x07,
  0x07, 0xC6, 0x06, 0x07, 0x07, 0xC6, 0x06, 0x07, 0x07, 0xC6, 0x06, 0x07,
  0x07, 0xC6, 0x06, 0x07, 0x07, 0xC6, 0x06, 0x07, 0x07, 0xC6, 0x06, 0x07,
  0x07, 0xC6, 0x06, 0x07, 0x07, 0xC6, 0x06, 0x07, 0x07, 0xC6, 0x06, 0x07,
  0x07, 0xC6, 0x06, 0x07, 0x07, 0xC6, 0x06, 0x07, 0x07, 0xC6, 0x06, 0x07,
  0x07, 0xC6, 0x06, 0x07, 0x07, 0xC6, 0x06, 0x07, 0x07, 0xC6, 0x06, 0x07,
  0x07, 0xC6, 0x06, 0x07, 0x07, 0xC6, 0x06, 0x07, 0x07, 0xC6, 0x06, 0x07,
  0x07, 0xC6, 0x06, 0x07, 0x07, 0xC6, 0x06, 0x07, 0x07, 0xC6, 0x06, 0x07,
  0x07, 0xC6, 0x06, 0x07, 0x07, 0xC6, 0x06, 0x07, 0x07, 0xC6, 0x06, 0x07,
  0x07, 0x00, 0x00, 0x00, 0x00, 0x00, 0x00, 0x00, 0x00, 0x00, 0x00, 0x00,
  0x00, 0x00, 0x07, 0x00, 0x00, 0x00, 0x1F, 0x80, 0x00, 0x00, 0x10, 0xC0,
  0x00, 0x00, 0x10, 0xC2, 0x00, 0x00, 0x10, 0xC6, 0x00, 0x00, 0x18, 0xCC,
  0x00, 0x00, 0x0F, 0x98, 0x00, 0x00, 0x00, 0x70, 0x00, 0x00, 0x00, 0xE0,
  0x00, 0x00, 0x01, 0xC0, 0x00, 0x00, 0x03, 0x00, 0x00, 0x00, 0x06, 0x7C,
  0x00, 0x00, 0x0C, 0xC6, 0x00, 0x00, 0x18, 0x82, 0x00, 0x00, 0x10, 0x82,
  0x00, 0x00, 0x00, 0xC2, 0x00, 0x00, 0x00, 0x6E, 0x00, 0x00, 0x00, 0x3C,
  0x00, 0xC0, 0xFC, 0xE7, 0xE7, 0xC0, 0xFC, 0xE7, 0xE7, 0xC0, 0xFC, 0xE7,
  0xE7, 0xC0, 0xFC, 0xE7, 0xE7, 0xC0, 0xFC, 0xE7, 0xE7, 0xC0, 0xFC, 0xE7,
  0xE7, 0xC0, 0xFC, 0xE7, 0xE7, 0xC0, 0xFC, 0xE7, 0xE7, 0xC0, 0xFC, 0xE7,
  0xE7, 0xC0, 0xFC, 0xE7, 0xE7, 0xC0, 0xFC, 0xE7, 0xE7, 0xC0, 0xFC, 0xE7,
  0xE7, 0xC0, 0xFC, 0xE7, 0xE7, 0xC0, 0xFC, 0xE7, 0xE7, 0xC0, 0xFC, 0xE7,
  0xE7, 0xC0, 0xFC, 0xE7, 0xE7, 0xC0, 0xFC, 0xE7, 0xE7, 0xC0, 0xFC, 0xE7,
  0xE7, 0xC0, 0xFC, 0xE7, 0xE7, 0xC0, 0xFC, 0xE7, 0xE7, 0xC0, 0xFC, 0xE7,
  0xE7, 0xC0, 0xFC, 0xE7, 0xE7, 0xC0, 0xFC, 0xE7, 0xE7, 0xC0, 0xFC, 0xE7,
  0xE7, 0xC0, 0xFC, 0xE7, 0xE7, 0xC0, 0xFC, 0xE7, 0xE7, 0xC0, 0xFC, 0xE7,
  0xE7, 0xC0, 0xFC, 0xE7, 0xE7, 0xC0, 0xFC, 0xE7, 0xE7, 0xC0, 0xFC, 0xE7,
  0xE7, 0xC0, 0xFC, 0xE7, 0xE7, 0xC0, 0xFC, 0xE7, 0xE7, 0xC0, 0xFC, 0xE7,
  0xE7, 0xC0, 0xFC, 0xE7, 0xE7, 0xC0, 0xFC, 0xE7, 0xE7, 0xC0, 0xFC, 0xE7,
  0xE7, 0xC0, 0xFC, 0xE7, 0xE7, 0xC0, 0xFC, 0xE7, 0xE7, 0xC0, 0xFC, 0xE7,
  0xE7, 0xC0, 0xFC, 0xE7, 0xE7, 0xC0, 0xFC, 0xE7, 0xE7, 0xC0, 0xFC, 0xE7,
  0xE7, 0xC0, 0xFC, 0xE7, 0xE7, 0xC0, 0xFC, 0xE7, 0xE7, 0xC0, 0xFC, 0xE7,
  0xE7, 0xC0, 0xFC, 0xE7, 0xE7, 0x00, 0x00, 0x00, 0x00, 0x00, 0x00, 0x00,
  0x00, 0x00, 0x00, 0x00, 0x00, 0x00, 0x00, 0x00, 0x00, 0x00, 0x00, 0x00,
  0x00, 0x00, 0x00, 0x00, 0x00, 0x00, 0x00, 0x00, 0x00, 0x00, 0x00, 0x00,
  0x00, 0x00, 0x00, 0x00, 0x00, 0x00, 0x00, 0x00, 0x00, 0x00, 0x00, 0x00,
  0x00, 0x00, 0x00, 0x00, 0x00, 0x00, 0x00, 0x00, 0x00, 0x00, 0x1F, 0xFE,
  0x00, 0x00, 0x1F, 0xFE, 0x00, 0xC0, 0xE7, 0xE7, 0xE7, 0xC0, 0xE7, 0xE7,
  0xE7, 0xC0, 0xE7, 0xE7, 0xE7, 0xC0, 0xE7, 0xE7, 0xE7, 0xC0, 0xE7, 0xE7,
  0xE7, 0xC0, 0xE7, 0xE7, 0xE7, 0xC0, 0xE7, 0xE7, 0xE7, 0xC0, 0xE7, 0xE7,
  0xE7, 0xC0, 0xE7, 0xE7, 0xE7, 0xC0, 0xE7, 0xE7, 0xE7, 0xC0, 0xE7, 0xE7,
  0xE7, 0xC0, 0xE7, 0xE7, 0xE7, 0xC0, 0xE7, 0xE7, 0xE7, 0xC0, 0xE7, 0xE7,
  0xE7, 0xC0, 0xE7, 0xE7, 0xE7, 0xC0, 0xE7, 0xE7, 0xE7, 0xC0, 0xE7, 0xE7,
  0xE7, 0xC0, 0xE7, 0xE7, 0xE7, 0xC0, 0xE7, 0xE7, 0xE7, 0xC0, 0xE7, 0xE7,
  0xE7, 0xC0, 0xE7, 0xE7, 0xE7, 0xC0, 0xE7, 0xE7, 0xE7, 0xC0, 0xE7, 0xE7,
  0xE7, 0xC0, 0xE7, 0xE7, 0xE7, 0xC0, 0xE7, 0xE7, 0xE7, 0xC0, 0xE7, 0xE7,
  0xE7, 0xC0, 0xE7, 0xE7, 0xE7, 0xC0, 0xE7, 0xE7, 0xE7, 0xC0, 0xE7, 0xE7,
  0xE7, 0xC0, 0xE7, 0xE7, 0xE7, 0xC0, 0xE7, 0xE7, 0xE7, 0xC0, 0xE7, 0xE7,
  0xE7, 0xC0, 0xE7, 0xE7, 0xE7, 0xC0, 0xE7, 0xE7, 0xE7, 0xC0, 0xE7, 0xE7,
  0xE7, 0xC0, 0xE7, 0xE7, 0xE7, 0xC0, 0xE7, 0xE7, 0xE7, 0xC0, 0xE7, 0xE7,
  0xE7, 0xC0, 0xE7, 0xE7, 0xE7, 0xC0, 0xE7, 0xE7, 0xE7, 0xC0, 0xE7, 0xE7,
  0xE7, 0xC0, 0xE7, 0xE7, 0xE7, 0xC0, 0xE7, 0xE7, 0xE7, 0xC0, 0xE7, 0xE7,
  0xE7, 0xC0, 0xE7, 0xE7, 0xE7, 0xC0, 0xE7, 0xE7, 0xE7, 0x00, 0x00, 0x00,
  0x00, 0x00, 0x00, 0x00, 0x00, 0x00, 0x00, 0x00, 0x00, 0x00, 0x00, 0x00,
  0x00, 0x00, 0x00, 0x00, 0x00, 0x00, 0x00, 0x80, 0x00, 0x00, 0x00, 0xC0,
  0x00, 0x00, 0x01, 0xC0, 0x00, 0x00, 0x01, 0xC0, 0x00, 0x00, 0x00, 0xC0,
  0x00, 0x00, 0xF0, 0xC3, 0xC0, 0x00, 0x7C, 0xDF, 0x80, 0x00, 0x3F, 0xFF,
  0x00, 0x00, 0x0F, 0xFC, 0x00, 0x00, 0x01, 0xE0, 0x00, 0x00, 0x03, 0xF0,
  0x00, 0x00, 0x07, 0x78, 0x00, 0x00, 0x0F, 0x3C, 0x00, 0x00, 0x0E, 0x1C,
  0x00, 0x00, 0x0C, 0x1C, 0x00, 0x00, 0x08, 0x04, 0x00, 0x00, 0x10, 0x00,
  0x00, 0x00, 0x00, 0xC0, 0xE0, 0xF0, 0xF8, 0xFC, 0x7C, 0x7C, 0x3C, 0x3E,
  0x1E, 0x0F, 0x0F, 0x87, 0xC3, 0xC1, 0xE0, 0xF0, 0x78, 0x3C, 0x1E, 0x0F,
  0x07, 0x83, 0xC1, 0xE0, 0xF0, 0x78, 0x3C, 0x1E, 0x0F, 0x07, 0x83, 0xC1,
  0xE0, 0xF0, 0x78, 0x3C, 0x1E, 0x0F, 0x07, 0x83, 0xC1, 0xE0, 0xF0, 0x78,
  0x3C, 0x1E, 0x0F, 0x07, 0xC3, 0xE0, 0xF0, 0x78, 0x3E, 0x0F, 0x07, 0xC3,
  0xE0, 0xF8, 0x3E, 0x1F, 0x07, 0x80, 0xC0, 0x20, 0x80, 0x60, 0x38, 0x1E,
  0x0F, 0x87, 0xE1, 0xF8, 0x7C, 0x1E, 0x0F, 0x83, 0xC1, 0xE0, 0xF8, 0x3C,
  0x1E, 0x0F, 0x07, 0x83, 0xC1, 0xE0, 0xF0, 0x78, 0x3C, 0x1E, 0x0F, 0x07,
  0x83, 0xC1, 0xE0, 0xF0, 0x78, 0x3C, 0x1E, 0x0F, 0x07, 0x83, 0xC1, 0xE0,
  0xF0, 0x78, 0x3C, 0x1E, 0x0F, 0x07, 0x83, 0xC1, 0xE0, 0xF0, 0x78, 0x3C,
  0x3E, 0x1F, 0x0F, 0x07, 0x87, 0xC3, 0xC3, 0xE3, 0xE3, 0xE1, 0xF0, 0xF0,
  0x70, 0x20, 0x00, 0xC0, 0xE7, 0xE7, 0xE7, 0xC0, 0xE7, 0xE7, 0xE7, 0xC0,
  0xE7, 0xE7, 0xE7, 0xC0, 0xE7, 0xE7, 0xE7, 0xC0, 0xE7, 0xE7, 0xE7, 0xC0,
  0xE7, 0xE7, 0xE7, 0xC0, 0xE7, 0xE7, 0xE7, 0xC0, 0xE7, 0xE7, 0xE7, 0xC0,
  0xE7, 0xE7, 0xE7, 0xC0, 0xE7, 0xE7, 0xE7, 0xC0, 0xE7, 0xE7, 0xE7, 0xC0,
  0xE7, 0xE7, 0xE7, 0xC0, 0xE7, 0xE7, 0xE7, 0xC0, 0xE7, 0xE7, 0xE7, 0xC0,
  0xE7, 0xE7, 0xE7, 0xC0, 0xE7, 0xE7, 0xE7, 0xC0, 0xE7, 0xE7, 0xE7, 0xC0,
  0xE7, 0xE7, 0xE7, 0xC0, 0xE7, 0xE7, 0xE7, 0xC0, 0xE7, 0xE7, 0xE7, 0xC0,
  0xE7, 0xE7, 0xE7, 0xC0, 0xE7, 0xE7, 0xE7, 0xC0, 0xE7, 0xE7, 0xE7, 0xC0,
  0xE7, 0xE7, 0xE7, 0xC0, 0xE7, 0xE7, 0xE7, 0xC0, 0xE7, 0xE7, 0xE7, 0xC0,
  0xE7, 0xE7, 0xE7, 0xC0, 0xE7, 0xE7, 0xE7, 0xC0, 0xE7, 0xE7, 0xE7, 0xC0,
  0xE7, 0xE7, 0xE7, 0xC0, 0xE7, 0xE7, 0xE7, 0xC0, 0xE7, 0xE7, 0xE7, 0xC0,
  0xE7, 0xE7, 0xE7, 0xC0, 0xE7, 0xE7, 0xE7, 0xC0, 0xE7, 0xE7, 0xE7, 0xC0,
  0xE7, 0xE7, 0xE7, 0xC0, 0xE7, 0xE7, 0xE7, 0xC0, 0xE7, 0xE7, 0xE7, 0xC0,
  0xE7, 0xE7, 0xE7, 0xC0, 0xE7, 0xE7, 0xE7, 0xC0, 0xE7, 0xE7, 0xE7, 0xC0,
  0xE7, 0xE7, 0xE7, 0xC0, 0xE7, 0xE7, 0xE7, 0xC0, 0xE7, 0xE7, 0xE7, 0xC0,
  0xE7, 0xE7, 0xE7, 0xC0, 0xE7, 0xE7, 0xE7, 0x00, 0x00, 0x00, 0x00, 0x00,
  0x00, 0x00, 0x00, 0x00, 0x00, 0x00, 0x00, 0x00, 0x00, 0x00, 0x00, 0x00,
  0x00, 0x00, 0x00, 0x00, 0x00, 0x80, 0x00, 0x00, 0x00, 0xC0, 0x00, 0x00,
  0x01, 0xC0, 0x00, 0x00, 0x01, 0xC0, 0x00, 0x00, 0x00, 0xC0, 0x00, 0x00,
  0xF0, 0xC3, 0xC0, 0x00, 0x7C, 0xDF, 0x80, 0x00, 0x3F, 0xFF, 0x00, 0x00,
  0x0F, 0xFC, 0x00, 0x00, 0x01, 0xE0, 0x00, 0x00, 0x03, 0xF0, 0x00, 0x00,
  0x07, 0x78, 0x00, 0x00, 0x0F, 0x3C, 0x00, 0x00, 0x0E, 0x1C, 0x00, 0x00,
  0x0C, 0x1C, 0x00, 0x00, 0x08, 0x04, 0x00, 0x00, 0x10, 0x00, 0x00, 0xC0,
  0xE6, 0x07, 0x07, 0xC0, 0xE6, 0x07, 0x07, 0xC0, 0xE6, 0x07, 0x07, 0xC0,
  0xE6, 0x07, 0x07, 0xC0, 0xE6, 0x07, 0x07, 0xC0, 0xE6, 0x07, 0x07, 0xC0,
  0xE6, 0x07, 0x07, 0xC0, 0xE6, 0x07, 0x07, 0xC0, 0xE6, 0x07, 0x07, 0xC0,
  0xE6, 0x07, 0x07, 0xC0, 0xE6, 0x07, 0x07, 0xC0, 0xE6, 0x07, 0x07, 0xC0,
  0xE6, 0x07, 0x07, 0xC0, 0xE6, 0x07, 0x07, 0xC0, 0xE6, 0x07, 0x07, 0xC0,
  0xE6, 0x07, 0x07, 0xC0, 0xE6, 0x07, 0x07, 0xC0, 0xE6, 0x07, 0x07, 0xC0,
  0xE6, 0x07, 0x07, 0xC0, 0xE6, 0x07, 0x07, 0xC0, 0xE6, 0x07, 0x07, 0xC0,
  0xE6, 0x07, 0x07, 0xC0, 0xE6, 0x07, 0x07, 0xC0, 0xE6, 0x07, 0x07, 0xC0,
  0xE6, 0x07, 0x07, 0xC0, 0xE6, 0x07, 0x07, 0xC0, 0xE6, 0x07, 0x07, 0xC0,
  0xE6, 0x07, 0x07, 0xC0, 0xE6, 0x07, 0x07, 0xC0, 0xE6, 0x07, 0x07, 0xC0,
  0xE6, 0x07, 0x07, 0xC0, 0xE6, 0x07, 0x07, 0xC0, 0xE6, 0x07, 0x07, 0xC0,
  0xE6, 0x07, 0x07, 0xC0, 0xE6, 0x07, 0x07, 0xC0, 0xE6, 0x07, 0x07, 0xC0,
  0xE6, 0x07, 0x07, 0xC0, 0xE6, 0x07, 0x07, 0xC0, 0xE6, 0x07, 0x07, 0xC0,
  0xE6, 0x07, 0x07, 0xC0, 0xE6, 0x07, 0x07, 0xC0, 0xE6, 0x07, 0x07, 0xC0,
  0xE6, 0x07, 0x07, 0xC0, 0xE6, 0x07, 0x07, 0xC0, 0xE6, 0x07, 0x07, 0xC0,
  0xE6, 0x07, 0x07, 0x00, 0x00, 0x00, 0x00, 0x00, 0x00, 0x00, 0x00, 0x00,
  0x00, 0x00, 0x00, 0x00, 0x00, 0x00, 0x00, 0x00, 0x00, 0x00, 0x00, 0x00,
  0x00, 0x00, 0x00, 0x00, 0x00, 0x00, 0x00, 0x00, 0x00, 0x00, 0x00, 0x00,
  0x00, 0xC0, 0x00, 0x00, 0x00, 0xC0, 0x00, 0x00, 0x00, 0xC0, 0x00, 0x00,
  0x00, 0xC0, 0x00, 0x00, 0x00, 0xC0, 0x00, 0x00, 0x1F, 0xFC, 0x00, 0x00,
  0x1F, 0xFC, 0x00, 0x00, 0x00, 0xC0, 0x00, 0x00, 0x00, 0xC0, 0x00, 0x00,
  0x00, 0xC0, 0x00, 0x00, 0x00, 0xC0, 0x00, 0x00, 0x00, 0xC0, 0x00, 0xFC,
  0x1C, 0xE7, 0xE7, 0xFC, 0x1C, 0xE7, 0xE7, 0xFC, 0x1C, 0xE7, 0xE7, 0xFC,
  0x1C, 0xE7, 0xE7, 0xFC, 0x1C, 0xE7, 0xE7, 0xFC, 0x1C, 0xE7, 0xE7, 0xFC,
  0x1C, 0xE7, 0xE7, 0xFC, 0x1C, 0xE7, 0xE7, 0xFC, 0x1C, 0xE7, 0xE7, 0xFC,
  0x1C, 0xE7, 0xE7, 0xFC, 0x1C, 0xE7, 0xE7, 0xFC, 0x1C, 0xE7, 0xE7, 0xFC,
  0x1C, 0xE7, 0xE7, 0xFC, 0x1C, 0xE7, 0xE7, 0xFC, 0x1C, 0xE7, 0xE7, 0xFC,
  0x1C, 0xE7, 0xE7, 0xFC, 0x1C, 0xE7, 0xE7, 0xFC, 0x1C, 0xE7, 0xE7, 0xFC,
  0x1C, 0xE7, 0xE7, 0xFC, 0x1C, 0xE7, 0xE7, 0xFC, 0x1C, 0xE7, 0xE7, 0xFC,
  0x1C, 0xE7, 0xE7, 0xFC, 0x1C, 0xE7, 0xE7, 0xFC, 0x1C, 0xE7, 0xE7, 0xFC,
  0x1C, 0xE7, 0xE7, 0xFC, 0x1C, 0xE7, 0xE7, 0xFC, 0x1C, 0xE7, 0xE7, 0xFC,
  0x1C, 0xE7, 0xE7, 0xFC, 0x1C, 0xE7, 0xE7, 0xFC, 0x1C, 0xE7, 0xE7, 0xFC,
  0x1C, 0xE7, 0xE7, 0xFC, 0x1C, 0xE7, 0xE7, 0xFC, 0x1C, 0xE7, 0xE7, 0xFC,
  0x1C, 0xE7, 0xE7, 0xFC, 0x1C, 0xE7, 0xE7, 0xFC, 0x1C, 0xE7, 0xE7, 0xFC,
  0x1C, 0xE7, 0xE7, 0xFC, 0x1C, 0xE7, 0xE7, 0xFC, 0x1C, 0xE7, 0xE7, 0xFC,
  0x1C, 0xE7, 0xE7, 0xFC, 0x1C, 0xE7, 0xE7, 0xFC, 0x1C, 0xE7, 0xE7, 0xFC,
  0x1C, 0xE7, 0xE7, 0xFC, 0x1C, 0xE7, 0xE7, 0xFC, 0x1C, 0xE7, 0xE7, 0xFC,
  0x1C, 0xE7, 0xE7, 0x00, 0x00, 0x00, 0x00, 0x00, 0x00, 0x00, 0x00, 0x00,
  0x00, 0x00, 0x00, 0x00, 0x00, 0x00, 0x00, 0x00, 0x00, 0x00, 0x00, 0x00,
  0x00, 0x00, 0x00, 0x00, 0x00, 0x00, 0x00, 0x00, 0x00, 0x00, 0x00, 0x00,
  0x00, 0x00, 0x00, 0x00, 0x00, 0x00, 0x00, 0x00, 0x00, 0x00, 0x00, 0x00,
  0x00, 0x00, 0x00, 0x00, 0x00, 0x00, 0x00, 0x00, 0x00, 0x00, 0x00, 0x00,
  0x00, 0x00, 0x00, 0x00, 0x00, 0x00, 0x00, 0x00, 0x00, 0x00, 0x00, 0x00,
  0x00, 0x00, 0x00, 0x00, 0x00, 0x00, 0x00, 0x00, 0x01, 0xC0, 0x00, 0x00,
  0x01, 0xC0, 0x00, 0x00, 0x01, 0xC0, 0x00, 0xC0, 0xFC, 0xE7, 0xE7, 0xC0,
  0xFC, 0xE7, 0xE7, 0xC0, 0xFC, 0xE7, 0xE7, 0xC0, 0xFC, 0xE7, 0xE7, 0xC0,
  0xFC, 0xE7, 0xE7, 0xC0, 0xFC, 0xE7, 0xE7, 0xC0, 0xFC, 0xE7, 0xE7, 0xC0,
  0xFC, 0xE7, 0xE7, 0xC0, 0xFC, 0xE7, 0xE7, 0xC0, 0xFC, 0xE7, 0xE7, 0xC0,
  0xFC, 0xE7, 0xE7, 0xC0, 0xFC, 0xE7, 0xE7, 0xC0, 0xFC, 0xE7, 0xE7, 0xC0,
  0xFC, 0xE7, 0xE7, 0xC0, 0xFC, 0xE7, 0xE7, 0xC0, 0xFC, 0xE7, 0xE7, 0xC0,
  0xFC, 0xE7, 0xE7, 0xC0, 0xFC, 0xE7, 0xE7, 0xC0, 0xFC, 0xE7, 0xE7, 0xC0,
  0xFC, 0xE7, 0xE7, 0xC0, 0xFC, 0xE7, 0xE7, 0xC0, 0xFC, 0xE7, 0xE7, 0xC0,
  0xFC, 0xE7, 0xE7, 0xC0, 0xFC, 0xE7, 0xE7, 0xC0, 0xFC, 0xE7, 0xE7, 0xC0,
  0xFC, 0xE7, 0xE7, 0xC0, 0xFC, 0xE7, 0xE7, 0xC0, 0xFC, 0xE7, 0xE7, 0xC0,
  0xFC, 0xE7, 0xE7, 0xC0, 0xFC, 0xE7, 0xE7, 0xC0, 0xFC, 0xE7, 0xE7, 0xC0,
  0xFC, 0xE7, 0xE7, 0xC0, 0xFC, 0xE7, 0xE7, 0xC0, 0xFC, 0xE7, 0xE7, 0xC0,
  0xFC, 0xE7, 0xE7, 0xC0, 0xFC, 0xE7, 0xE7, 0xC0, 0xFC, 0xE7, 0xE7, 0xC0,
  0xFC, 0xE7, 0xE7, 0xC0, 0xFC, 0xE7, 0xE7, 0xC0, 0xFC, 0xE7, 0xE7, 0xC0,
  0xFC, 0xE7, 0xE7, 0xC0, 0xFC, 0xE7, 0xE7, 0xC0, 0xFC, 0xE7, 0xE7, 0xC0,
  0xFC, 0xE7, 0xE7, 0xC0, 0xFC, 0xE7, 0xE7, 0xC0, 0xFC, 0xE7, 0xE7, 0x00,
  0x00, 0x00, 0x00, 0x00, 0x00, 0x00, 0x00, 0x00, 0x00, 0x00, 0x00, 0x00,
  0x00, 0x00, 0x00, 0x00, 0x00, 0x00, 0x00, 0x00, 0x00, 0x00, 0x00, 0x00,
  0x00, 0x00, 0x00, 0x00, 0x00, 0x00, 0x00, 0x00, 0x00, 0x00, 0x00, 0x00,
  0x00, 0x00, 0x00, 0x00, 0x00, 0x00, 0x00, 0x00, 0x00, 0x00, 0x00, 0x00,
  0x00, 0x00, 0x00, 0x00, 0x1F, 0xFE, 0x00, 0x00, 0x1F, 0xFE, 0x00, 0xFC,
  0x1C, 0xE7, 0xE7, 0xFC, 0x1C, 0xE7, 0xE7, 0xFC, 0x1C, 0xE7, 0xE7, 0xFC,
  0x1C, 0xE7, 0xE7, 0xFC, 0x1C, 0xE7, 0xE7, 0xFC, 0x1C, 0xE7, 0xE7, 0xFC,
  0x1C, 0xE7, 0xE7, 0xFC, 0x1C, 0xE7, 0xE7, 0xFC, 0x1C, 0xE7, 0xE7, 0xFC,
  0x1C, 0xE7, 0xE7, 0xFC, 0x1C, 0xE7, 0xE7, 0xFC, 0x1C, 0xE7, 0xE7, 0xFC,
  0x1C, 0xE7, 0xE7, 0xFC, 0x1C, 0xE7, 0xE7, 0xFC, 0x1C, 0xE7, 0xE7, 0xFC,
  0x1C, 0xE7, 0xE7, 0xFC, 0x1C, 0xE7, 0xE7, 0xFC, 0x1C, 0xE7, 0xE7, 0xFC,
  0x1C, 0xE7, 0xE7, 0xFC, 0x1C, 0xE7, 0xE7, 0xFC, 0x1C, 0xE7, 0xE7, 0xFC,
  0x1C, 0xE7, 0xE7, 0xFC, 0x1C, 0xE7, 0xE7, 0xFC, 0x1C, 0xE7, 0xE7, 0xFC,
  0x1C, 0xE7, 0xE7, 0xFC, 0x1C, 0xE7, 0xE7, 0xFC, 0x1C, 0xE7, 0xE7, 0xFC,
  0x1C, 0xE7, 0xE7, 0xFC, 0x1C, 0xE7, 0xE7, 0xFC, 0x1C, 0xE7, 0xE7, 0xFC,
  0x1C, 0xE7, 0xE7, 0xFC, 0x1C, 0xE7, 0xE7, 0xFC, 0x1C, 0xE7, 0xE7, 0xFC,
  0x1C, 0xE7, 0xE7, 0xFC, 0x1C, 0xE7, 0xE7, 0xFC, 0x1C, 0xE7, 0xE7, 0xFC,
  0x1C, 0xE7, 0xE7, 0xFC, 0x1C, 0xE7, 0xE7, 0xFC, 0x1C, 0xE7, 0xE7, 0xFC,
  0x1C, 0xE7, 0xE7, 0xFC, 0x1C, 0xE7, 0xE7, 0xFC, 0x1C, 0xE7, 0xE7, 0xFC,
  0x1C, 0xE7, 0xE7, 0xFC, 0x1C, 0xE7, 0xE7, 0xFC, 0x1C, 0xE7, 0xE7, 0xFC,
  0x1C, 0xE7, 0xE7, 0x00, 0x00, 0x00, 0x00, 0x00, 0x00, 0x00, 0x00, 0x00,
  0x00, 0x00, 0x00, 0x00, 0x00, 0x00, 0x00, 0x00, 0x00, 0x00, 0x00, 0x00,
  0x00, 0x00, 0x00, 0x00, 0x00, 0x00, 0x00, 0x00, 0x00, 0x00, 0x00, 0x00,
  0x00, 0x00, 0x00, 0x00, 0x00, 0x00, 0x00, 0x00, 0x00, 0x00, 0x00, 0x00,
  0x00, 0x00, 0x00, 0x00, 0x00, 0x00, 0x00, 0x00, 0x00, 0x00, 0x00, 0x00,
  0x00, 0x00, 0x00, 0x00, 0x00, 0x00, 0x00, 0x00, 0x00, 0x00, 0x00, 0x00,
  0x00, 0x00, 0x00, 0x00, 0x00, 0x00, 0x00, 0x00, 0x01, 0xC0, 0x00, 0x00,
  0x01, 0xC0, 0x00, 0x00, 0x01, 0xC0, 0x00, 0xC0, 0xE0, 0xE7, 0x07, 0xC0,
  0xE0, 0xE7, 0x07, 0xC0, 0xE0, 0xE7, 0x07, 0xC0, 0xE0, 0xE7, 0x07, 0xC0,
  0xE0, 0xE7, 0x07, 0xC0, 0xE0, 0xE7, 0x07, 0xC0, 0xE0, 0xE7, 0x07, 0xC0,
  0xE0, 0xE7, 0x07, 0xC0, 0xE0, 0xE7, 0x07, 0xC0, 0xE0, 0xE7, 0x07, 0xC0,
  0xE0, 0xE7, 0x07, 0xC0, 0xE0, 0xE7, 0x07, 0xC0, 0xE0, 0xE7, 0x07, 0xC0,
  0xE0, 0xE7, 0x07, 0xC0, 0xE0, 0xE7, 0x07, 0xC0, 0xE0, 0xE7, 0x07, 0xC0,
  0xE0, 0xE7, 0x07, 0xC0, 0xE0, 0xE7, 0x07, 0xC0, 0xE0, 0xE7, 0x07, 0xC0,
  0xE0, 0xE7, 0x07, 0xC0, 0xE0, 0xE7, 0x07, 0xC0, 0xE0, 0xE7, 0x07, 0xC0,
  0xE0, 0xE7, 0x07, 0xC0, 0xE0, 0xE7, 0x07, 0xC0, 0xE0, 0xE7, 0x07, 0xC0,
  0xE0, 0xE7, 0x07, 0xC0, 0xE0, 0xE7, 0x07, 0xC0, 0xE0, 0xE7, 0x07, 0xC0,
  0xE0, 0xE7, 0x07, 0xC0, 0xE0, 0xE7, 0x07, 0xC0, 0xE0, 0xE7, 0x07, 0xC0,
  0xE0, 0xE7, 0x07, 0xC0, 0xE0, 0xE7, 0x07, 0xC0, 0xE0, 0xE7, 0x07, 0xC0,
  0xE0, 0xE7, 0x07, 0xC0, 0xE0, 0xE7, 0x07, 0xC0, 0xE0, 0xE7, 0x07, 0xC0,
  0xE0, 0xE7, 0x07, 0xC0, 0xE0, 0xE7, 0x07, 0xC0, 0xE0, 0xE7, 0x07, 0xC0,
  0xE0, 0xE7, 0x07, 0xC0, 0xE0, 0xE7, 0x07, 0xC0, 0xE0, 0xE7, 0x07, 0xC0,
  0xE0, 0xE7, 0x07, 0xC0, 0xE0, 0xE7, 0x07, 0xC0, 0xE0, 0xE7, 0x07, 0x00,
  0x00, 0x00, 0x00, 0x00, 0x00, 0x00, 0x00, 0x00, 0x00, 0x00, 0x00, 0x00,
  0x00, 0x10, 0x00, 0x00, 0x00, 0x30, 0x00, 0x00, 0x00, 0x30, 0x00, 0x00,
  0x00, 0x20, 0x00, 0x00, 0x00, 0x60, 0x00, 0x00, 0x00, 0x60, 0x00, 0x00,
  0x00, 0x40, 0x00, 0x00, 0x00, 0x40, 0x00, 0x00, 0x00, 0xC0, 0x00, 0x00,
  0x00, 0x80, 0x00, 0x00, 0x00, 0x80, 0x00, 0x00, 0x01, 0x80, 0x00, 0x00,
  0x01, 0x80, 0x00, 0x00, 0x01, 0x00, 0x00, 0x00, 0x03, 0x00, 0x00, 0x00,
  0x03, 0x00, 0x00, 0x00, 0x02, 0x00, 0x00, 0x00, 0x02, 0x00, 0x00, 0x00,
  0x06, 0x00, 0x00, 0x00, 0x04, 0x00, 0x00, 0xC6, 0x07, 0xE7, 0xE7, 0xC6,
  0x07, 0xE7, 0xE7, 0xC6, 0x07, 0xE7, 0xE7, 0xC6, 0x07, 0xE7, 0xE7, 0xC6,
  0x07, 0xE7, 0xE7, 0xC6, 0x07, 0xE7, 0xE7, 0xC6, 0x07, 0xE7, 0xE7, 0xC6,
  0x07, 0xE7, 0xE7, 0xC6, 0x07, 0xE7, 0xE7, 0xC6, 0x07, 0xE7, 0xE7, 0xC6,
  0x07, 0xE7, 0xE7, 0xC6, 0x07, 0xE7, 0xE7, 0xC6, 0x07, 0xE7, 0xE7, 0xC6,
  0x07, 0xE7, 0xE7, 0xC6, 0x07, 0xE7, 0xE7, 0xC6, 0x07, 0xE7, 0xE7, 0xC6,
  0x07, 0xE7, 0xE7, 0xC6, 0x07, 0xE7, 0xE7, 0xC6, 0x07, 0xE7, 0xE7, 0xC6,
  0x07, 0xE7, 0xE7, 0xC6, 0x07, 0xE7, 0xE7, 0xC6, 0x07, 0xE7, 0xE7, 0xC6,
  0x07, 0xE7, 0xE7, 0xC6, 0x07, 0xE7, 0xE7, 0xC6, 0x07, 0xE7, 0xE7, 0xC6,
  0x07, 0xE7, 0xE7, 0xC6, 0x07, 0xE7, 0xE7, 0xC6, 0x07, 0xE7, 0xE7, 0xC6,
  0x07, 0xE7, 0xE7, 0xC6, 0x07, 0xE7, 0xE7, 0xC6, 0x07, 0xE7, 0xE7, 0xC6,
  0x07, 0xE7, 0xE7, 0xC6, 0x07, 0xE7, 0xE7, 0xC6, 0x07, 0xE7, 0xE7, 0xC6,
  0x07, 0xE7, 0xE7, 0xC6, 0x07, 0xE7, 0xE7, 0xC6, 0x07, 0xE7, 0xE7, 0xC6,
  0x07, 0xE7, 0xE7, 0xC6, 0x07, 0xE7, 0xE7, 0xC6, 0x07, 0xE7, 0xE7, 0xC6,
  0x07, 0xE7, 0xE7, 0xC6, 0x07, 0xE7, 0xE7, 0xC6, 0x07, 0xE7, 0xE7, 0xC6,
  0x07, 0xE7, 0xE7, 0xC6, 0x07, 0xE7, 0xE7, 0xC6, 0x07, 0xE7, 0xE7, 0x00,
  0x00, 0x00, 0x00, 0x00, 0x00, 0x00, 0x00, 0x00, 0x00, 0x00, 0x00, 0x00,
  0x00, 0x00, 0x00, 0x00, 0x01, 0xE0, 0x00, 0x00, 0x07, 0xF8, 0x00, 0x00,
  0x0C, 0x1C, 0x00, 0x00, 0x08, 0x0C, 0x00, 0x00, 0x18, 0x04, 0x00, 0x00,
  0x18, 0x04, 0x00, 0x00, 0x18, 0x06, 0x00, 0x00, 0x18, 0x06, 0x00, 0x00,
  0x18, 0x06, 0x00, 0x00, 0x18, 0x06, 0x00, 0x00, 0x18, 0x06, 0x00, 0x00,
  0x18, 0x06, 0x00, 0x00, 0x18, 0x06, 0x00, 0x00, 0x18, 0x04, 0x00, 0x00,
  0x08, 0x0C, 0x00, 0x00, 0x0C, 0x0C, 0x00, 0x00, 0x07, 0x38, 0x00, 0x00,
  0x03, 0xF0, 0x00, 0xFC, 0xE0, 0xE7, 0x3F, 0xFC, 0xE0, 0xE7, 0x3F, 0xFC,
  0xE0, 0xE7, 0x3F, 0xFC, 0xE0, 0xE7, 0x3F, 0xFC, 0xE0, 0xE7, 0x3F, 0xFC,
  0xE0, 0xE7, 0x3F, 0xFC, 0xE0, 0xE7, 0x3F, 0xFC, 0xE0, 0xE7, 0x3F, 0xFC,
  0xE0, 0xE7, 0x3F, 0xFC, 0xE0, 0xE7, 0x3F, 0xFC, 0xE0, 0xE7, 0x3F, 0xFC,
  0xE0, 0xE7, 0x3F, 0xFC, 0xE0, 0xE7, 0x3F, 0xFC, 0xE0, 0xE7, 0x3F, 0xFC,
  0xE0, 0xE7, 0x3F, 0xFC, 0xE0, 0xE7, 0x3F, 0xFC, 0xE0, 0xE7, 0x3F, 0xFC,
  0xE0, 0xE7, 0x3F, 0xFC, 0xE0, 0xE7, 0x3F, 0xFC, 0xE0, 0xE7, 0x3F, 0xFC,
  0xE0, 0xE7, 0x3F, 0xFC, 0xE0, 0xE7, 0x3F, 0xFC, 0xE0, 0xE7, 0x3F, 0xFC,
  0xE0, 0xE7, 0x3F, 0xFC, 0xE0, 0xE7, 0x3F, 0xFC, 0xE0, 0xE7, 0x3F, 0xFC,
  0xE0, 0xE7, 0x3F, 0xFC, 0xE0, 0xE7, 0x3F, 0xFC, 0xE0, 0xE7, 0x3F, 0xFC,
  0xE0, 0xE7, 0x3F, 0xFC, 0xE0, 0xE7, 0x3F, 0xFC, 0xE0, 0xE7, 0x3F, 0xFC,
  0xE0, 0xE7, 0x3F, 0xFC, 0xE0, 0xE7, 0x3F, 0xFC, 0xE0, 0xE7, 0x3F, 0xFC,
  0xE0, 0xE7, 0x3F, 0xFC, 0xE0, 0xE7, 0x3F, 0xFC, 0xE0, 0xE7, 0x3F, 0xFC,
  0xE0, 0xE7, 0x3F, 0xFC, 0xE0, 0xE7, 0x3F, 0xFC, 0xE0, 0xE7, 0x3F, 0xFC,
  0xE0, 0xE7, 0x3F, 0xFC, 0xE0, 0xE7, 0x3F, 0xFC, 0xE0, 0xE7, 0x3F, 0xFC,
  0xE0, 0xE7, 0x3F, 0xFC, 0xE0, 0xE7, 0x3F, 0x00, 0x00, 0x00, 0x00, 0x00,
  0x00, 0x00, 0x00, 0x00, 0x00, 0x00, 0x00, 0x00, 0x00, 0x00, 0x00, 0x00,
  0x00, 0x20, 0x00, 0x00, 0x00, 0x60, 0x00, 0x00, 0x01, 0xE0, 0x00, 0x00,
  0x07, 0x60, 0x00, 0x00, 0x04, 0x60, 0x00, 0x00, 0x00, 0x60, 0x00, 0x00,
  0x00, 0x60, 0x00, 0x00, 0x00, 0x60, 0x00, 0x00, 0x00, 0x60, 0x00, 0x00,
  0x00, 0x60, 0x00, 0x00, 0x00, 0x60, 0x00, 0x00, 0x00, 0x60, 0x00, 0x00,
  0x00, 0x60, 0x00, 0x00, 0x00, 0x60, 0x00, 0x00, 0x00, 0x60, 0x00, 0x00,
  0x00, 0x60, 0x00, 0x00, 0x00, 0x60, 0x00, 0x00, 0x00, 0x60, 0x00, 0xC7,
  0xE0, 0xE7, 0x3F, 0xC7, 0xE0, 0xE7, 0x3F, 0xC7, 0xE0, 0xE7, 0x3F, 0xC7,
  0xE0, 0xE7, 0x3F, 0xC7, 0xE0, 0xE7, 0x3F, 0xC7, 0xE0, 0xE7, 0x3F, 0xC7,
  0xE0, 0xE7, 0x3F, 0xC7, 0xE0, 0xE7, 0x3F, 0xC7, 0xE0, 0xE7, 0x3F, 0xC7,
  0xE0, 0xE7, 0x3F, 0xC7, 0xE0, 0xE7, 0x3F, 0xC7, 0xE0, 0xE7, 0x3F, 0xC7,
  0xE0, 0xE7, 0x3F, 0xC7, 0xE0, 0xE7, 0x3F, 0xC7, 0xE0, 0xE7, 0x3F, 0xC7,
  0xE0, 0xE7, 0x3F, 0xC7, 0xE0, 0xE7, 0x3F, 0xC7, 0xE0, 0xE7, 0x3F, 0xC7,
  0xE0, 0xE7, 0x3F, 0xC7, 0xE0, 0xE7, 0x3F, 0xC7, 0xE0, 0xE7, 0x3F, 0xC7,
  0xE0, 0xE7, 0x3F, 0xC7, 0xE0, 0xE7, 0x3F, 0xC7, 0xE0, 0xE7, 0x3F, 0xC7,
  0xE0, 0xE7, 0x3F, 0xC7, 0xE0, 0xE7, 0x3F, 0xC7, 0xE0, 0xE7, 0x3F, 0xC7,
  0xE0, 0xE7, 0x3F, 0xC7, 0xE0, 0xE7, 0x3F, 0xC7, 0xE0, 0xE7, 0x3F, 0xC7,
  0xE0, 0xE7, 0x3F, 0xC7, 0xE0, 0xE7, 0x3F, 0xC7, 0xE0, 0xE7, 0x3F, 0xC7,
  0xE0, 0xE7, 0x3F, 0xC7, 0xE0, 0xE7, 0x3F, 0xC7, 0xE0, 0xE7, 0x3F, 0xC7,
  0xE0, 0xE7, 0x3F, 0xC7, 0xE0, 0xE7, 0x3F, 0xC7, 0xE0, 0xE7, 0x3F, 0xC7,
  0xE0, 0xE7, 0x3F, 0xC7, 0xE0, 0xE7, 0x3F, 0xC7, 0xE0, 0xE7, 0x3F, 0xC7,
  0xE0, 0xE7, 0x3F, 0xC7, 0xE0, 0xE7, 0x3F, 0xC7, 0xE0, 0xE7, 0x3F, 0xC7,
  0xE0, 0xE7, 0x3F, 0x00, 0x00, 0x00, 0x00, 0x00, 0x00, 0x00, 0x00, 0x00,
  0x00, 0x00, 0x00, 0x00, 0x00, 0x00, 0x00, 0x00, 0x01, 0xE0, 0x00, 0x00,
  0x07, 0xF0, 0x00, 0x00, 0x0C, 0x18, 0x00, 0x00, 0x08, 0x0C, 0x00, 0x00,
  0x18, 0x0C, 0x00, 0x00, 0x18, 0x0C, 0x00, 0x00, 0x00, 0x0C, 0x00, 0x00,
  0x00, 0x0C, 0x00, 0x00, 0x00, 0x18, 0x00, 0x00, 0x00, 0x38, 0x00, 0x00,
  0x00, 0x70, 0x00, 0x00, 0x00, 0xE0, 0x00, 0x00, 0x01, 0xC0, 0x00, 0x00,
  0x03, 0x00, 0x00, 0x00, 0x06, 0x00, 0x00, 0x00, 0x0C, 0x00, 0x00, 0x00,
  0x1F, 0xFE, 0x00, 0x00, 0x1F, 0xFE, 0x00, 0xFC, 0xFC, 0x0C, 0xE7, 0xFC,
  0xFC, 0x0C, 0xE7, 0xFC, 0xFC, 0x0C, 0xE7, 0xFC, 0xFC, 0x0C, 0xE7, 0xFC,
  0xFC, 0x0C, 0xE7, 0xFC, 0xFC, 0x0C, 0xE7, 0xFC, 0xFC, 0x0C, 0xE7, 0xFC,
  0xFC, 0x0C, 0xE7, 0xFC, 0xFC, 0x0C, 0xE7, 0xFC, 0xFC, 0x0C, 0xE7, 0xFC,
  0xFC, 0x0C, 0xE7, 0xFC, 0xFC, 0x0C, 0xE7, 0xFC, 0xFC, 0x0C, 0xE7, 0xFC,
  0xFC, 0x0C, 0xE7, 0xFC, 0xFC, 0x0C, 0xE7, 0xFC, 0xFC, 0x0C, 0xE7, 0xFC,
  0xFC, 0x0C, 0xE7, 0xFC, 0xFC, 0x0C, 0xE7, 0xFC, 0xFC, 0x0C, 0xE7, 0xFC,
  0xFC, 0x0C, 0xE7, 0xFC, 0xFC, 0x0C, 0xE7, 0xFC, 0xFC, 0x0C, 0xE7, 0xFC,
  0xFC, 0x0C, 0xE7, 0xFC, 0xFC, 0x0C, 0xE7, 0xFC, 0xFC, 0x0C, 0xE7, 0xFC,
  0xFC, 0x0C, 0xE7, 0xFC, 0xFC, 0x0C, 0xE7, 0xFC, 0xFC, 0x0C, 0xE7, 0xFC,
  0xFC, 0x0C, 0xE7, 0xFC, 0xFC, 0x0C, 0xE7, 0xFC, 0xFC, 0x0C, 0xE7, 0xFC,
  0xFC, 0x0C, 0xE7, 0xFC, 0xFC, 0x0C, 0xE7, 0xFC, 0xFC, 0x0C, 0xE7, 0xFC,
  0xFC, 0x0C, 0xE7, 0xFC, 0xFC, 0x0C, 0xE7, 0xFC, 0xFC, 0x0C, 0xE7, 0xFC,
  0xFC, 0x0C, 0xE7, 0xFC, 0xFC, 0x0C, 0xE7, 0xFC, 0xFC, 0x0C, 0xE7, 0xFC,
  0xFC, 0x0C, 0xE7, 0xFC, 0xFC, 0x0C, 0xE7, 0xFC, 0xFC, 0x0C, 0xE7, 0xFC,
  0xFC, 0x0C, 0xE7, 0xFC, 0xFC, 0x0C, 0xE7, 0xFC, 0xFC, 0x0C, 0xE7, 0x00,
  0x00, 0x00, 0x00, 0x00, 0x00, 0x00, 0x00, 0x00, 0x00, 0x00, 0x00, 0x00,
  0x00, 0x00, 0x00, 0x00, 0x01, 0xE0, 0x00, 0x00, 0x03, 0xF0, 0x00, 0x00,
  0x06, 0x18, 0x00, 0x00, 0x04, 0x18, 0x00, 0x00, 0x0C, 0x18, 0x00, 0x00,
  0x00, 0x18, 0x00, 0x00, 0x00, 0x18, 0x00, 0x00, 0x01, 0xF0, 0x00, 0x00,
  0x01, 0xF8, 0x00, 0x00, 0x00, 0x1C, 0x00, 0x00, 0x00, 0x0C, 0x00, 0x00,
  0x00, 0x04, 0x00, 0x00, 0x00, 0x04, 0x00, 0x00, 0x18, 0x04, 0x00, 0x00,
  0x08, 0x0C, 0x00, 0x00, 0x0C, 0x0C, 0x00, 0x00, 0x07, 0x38, 0x00, 0x00,
  0x03, 0xF0, 0x00, 0xC6, 0x07, 0xE7, 0x3F, 0xC6, 0x07, 0xE7, 0x3F, 0xC6,
  0x07, 0xE7, 0x3F, 0xC6, 0x07, 0xE7, 0x3F, 0xC6, 0x07, 0xE7, 0x3F, 0xC6,
  0x07, 0xE7, 0x3F, 0xC6, 0x07, 0xE7, 0x3F, 0xC6, 0x07, 0xE7, 0x3F, 0xC6,
  0x07, 0xE7, 0x3F, 0xC6, 0x07, 0xE7, 0x3F, 0xC6, 0x07, 0xE7, 0x3F, 0xC6,
  0x07, 0xE7, 0x3F, 0xC6, 0x07, 0xE7, 0x3F, 0xC6, 0x07, 0xE7, 0x3F, 0xC6,
  0x07, 0xE7, 0x3F, 0xC6, 0x07, 0xE7, 0x3F, 0xC6, 0x07, 0xE7, 0x3F, 0xC6,
  0x07, 0xE7, 0x3F, 0xC6, 0x07, 0xE7, 0x3F, 0xC6, 0x07, 0xE7, 0x3F, 0xC6,
  0x07, 0xE7, 0x3F, 0xC6, 0x07, 0xE7, 0x3F, 0xC6, 0x07, 0xE7, 0x3F, 0xC6,
  0x07, 0xE7, 0x3F, 0xC6, 0x07, 0xE7, 0x3F, 0xC6, 0x07, 0xE7, 0x3F, 0xC6,
  0x07, 0xE7, 0x3F, 0xC6, 0x07, 0xE7, 0x3F, 0xC6, 0x07, 0xE7, 0x3F, 0xC6,
  0x07, 0xE7, 0x3F, 0xC6, 0x07, 0xE7, 0x3F, 0xC6, 0x07, 0xE7, 0x3F, 0xC6,
  0x07, 0xE7, 0x3F, 0xC6, 0x07, 0xE7, 0x3F, 0xC6, 0x07, 0xE7, 0x3F, 0xC6,
  0x07, 0xE7, 0x3F, 0xC6, 0x07, 0xE7, 0x3F, 0xC6, 0x07, 0xE7, 0x3F, 0xC6,
  0x07, 0xE7, 0x3F, 0xC6, 0x07, 0xE7, 0x3F, 0xC6, 0x07, 0xE7, 0x3F, 0xC6,
  0x07, 0xE7, 0x3F, 0xC6, 0x07, 0xE7, 0x3F, 0xC6, 0x07, 0xE7, 0x3F, 0xC6,
  0x07, 0xE7, 0x3F, 0xC6, 0x07, 0xE7, 0x3F, 0x00, 0x00, 0x00, 0x00, 0x00,
  0x00, 0x00, 0x00, 0x00, 0x00, 0x00, 0x00, 0x00, 0x00, 0x00, 0x00, 0x00,
  0x00, 0x38, 0x00, 0x00, 0x00, 0x38, 0x00, 0x00, 0x00, 0x78, 0x00, 0x00,
  0x00, 0xD8, 0x00, 0x00, 0x00, 0xD8, 0x00, 0x00, 0x01, 0x98, 0x00, 0x00,
  0x01, 0x18, 0x00, 0x00, 0x03, 0x18, 0x00, 0x00, 0x06, 0x18, 0x00, 0x00,
  0x04, 0x18, 0x00, 0x00, 0x0C, 0x18, 0x00, 0x00, 0x18, 0x18, 0x00, 0x00,
  0x18, 0x18, 0x00, 0x00, 0x3F, 0xFE, 0x00, 0x00, 0x3F, 0xFE, 0x00, 0x00,
  0x00, 0x18, 0x00, 0x00, 0x00, 0x18, 0x00, 0x00, 0x00, 0x18, 0x00, 0xFC,
  0xE0, 0xFC, 0xE7, 0xFC, 0xE0, 0xFC, 0xE7, 0xFC, 0xE0, 0xFC, 0xE7, 0xFC,
  0xE0, 0xFC, 0xE7, 0xFC, 0xE0, 0xFC, 0xE7, 0xFC, 0xE0, 0xFC, 0xE7, 0xFC,
  0xE0, 0xFC, 0xE7, 0xFC, 0xE0, 0xFC, 0xE7, 0xFC, 0xE0, 0xFC, 0xE7, 0xFC,
  0xE0, 0xFC, 0xE7, 0xFC, 0xE0, 0xFC, 0xE7, 0xFC, 0xE0, 0xFC, 0xE7, 0xFC,
  0xE0, 0xFC, 0xE7, 0xFC, 0xE0, 0xFC, 0xE7, 0xFC, 0xE0, 0xFC, 0xE7, 0xFC,
  0xE0, 0xFC, 0xE7, 0xFC, 0xE0, 0xFC, 0xE7, 0xFC, 0xE0, 0xFC, 0xE7, 0xFC,
  0xE0, 0xFC, 0xE7, 0xFC, 0xE0, 0xFC, 0xE7, 0xFC, 0xE0, 0xFC, 0xE7, 0xFC,
  0xE0, 0xFC, 0xE7, 0xFC, 0xE0, 0xFC, 0xE7, 0xFC, 0xE0, 0xFC, 0xE7, 0xFC,
  0xE0, 0xFC, 0xE7, 0xFC, 0xE0, 0xFC, 0xE7, 0xFC, 0xE0, 0xFC, 0xE7, 0xFC,
  0xE0, 0xFC, 0xE7, 0xFC, 0xE0, 0xFC, 0xE7, 0xFC, 0xE0, 0xFC, 0xE7, 0xFC,
  0xE0, 0xFC, 0xE7, 0xFC, 0xE0, 0xFC, 0xE7, 0xFC, 0xE0, 0xFC, 0xE7, 0xFC,
  0xE0, 0xFC, 0xE7, 0xFC, 0xE0, 0xFC, 0xE7, 0xFC, 0xE0, 0xFC, 0xE7, 0xFC,
  0xE0, 0xFC, 0xE7, 0xFC, 0xE0, 0xFC, 0xE7, 0xFC, 0xE0, 0xFC, 0xE7, 0xFC,
  0xE0, 0xFC, 0xE7, 0xFC, 0xE0, 0xFC, 0xE7, 0xFC, 0xE0, 0xFC, 0xE7, 0xFC,
  0xE0, 0xFC, 0xE7, 0xFC, 0xE0, 0xFC, 0xE7, 0xFC, 0xE0, 0xFC, 0xE7, 0xFC,
  0xE0, 0xFC, 0xE7, 0x00, 0x00, 0x00, 0x00, 0x00, 0x00, 0x00, 0x00, 0x00,
  0x00, 0x00, 0x00, 0x00, 0x00, 0x00, 0x00, 0x00, 0x07, 0xF8, 0x00, 0x00,
  0x07, 0xF8, 0x00, 0x00, 0x04, 0x00, 0x00, 0x00, 0x0C, 0x00, 0x00, 0x00,
  0x0C, 0x00, 0x00, 0x00, 0x0C, 0x00, 0x00, 0x00, 0x0F, 0xF0, 0x00, 0x00,
  0x0F, 0xF8, 0x00, 0x00, 0x1C, 0x1C, 0x00, 0x00, 0x00, 0x0C, 0x00, 0x00,
  0x00, 0x06, 0x00, 0x00, 0x00, 0x06, 0x00, 0x00, 0x10, 0x06, 0x00, 0x00,
  0x18, 0x04, 0x00, 0x00, 0x18, 0x0C, 0x00, 0x00, 0x0C, 0x1C, 0x00, 0x00,
  0x0F, 0x78, 0x00, 0x00, 0x03, 0xE0, 0x00, 0xC7, 0xE0, 0xFC, 0xE7, 0xC7,
  0xE0, 0xFC, 0xE7, 0xC7, 0xE0, 0xFC, 0xE7, 0xC7, 0xE0, 0xFC, 0xE7, 0xC7,
  0xE0, 0xFC, 0xE7, 0xC7, 0xE0, 0xFC, 0xE7, 0xC7, 0xE0, 0xFC, 0xE7, 0xC7,
  0xE0, 0xFC, 0xE7, 0xC7, 0xE0, 0xFC, 0xE7, 0xC7, 0xE0, 0xFC, 0xE7, 0xC7,
  0xE0, 0xFC, 0xE7, 0xC7, 0xE0, 0xFC, 0xE7, 0xC7, 0xE0, 0xFC, 0xE7, 0xC7,
  0xE0, 0xFC, 0xE7, 0xC7, 0xE0, 0xFC, 0xE7, 0xC7, 0xE0, 0xFC, 0xE7, 0xC7,
  0xE0, 0xFC, 0xE7, 0xC7, 0xE0, 0xFC, 0xE7, 0xC7, 0xE0, 0xFC, 0xE7, 0xC7,
  0xE0, 0xFC, 0xE7, 0xC7, 0xE0, 0xFC, 0xE7, 0xC7, 0xE0, 0xFC, 0xE7, 0xC7,
  0xE0, 0xFC, 0xE7, 0xC7, 0xE0, 0xFC, 0xE7, 0xC7, 0xE0, 0xFC, 0xE7, 0xC7,
  0xE0, 0xFC, 0xE7, 0xC7, 0xE0, 0xFC, 0xE7, 0xC7, 0xE0, 0xFC, 0xE7, 0xC7,
  0xE0, 0xFC, 0xE7, 0xC7, 0xE0, 0xFC, 0xE7, 0xC7, 0xE0, 0xFC, 0xE7, 0xC7,
  0xE0, 0xFC, 0xE7, 0xC7, 0xE0, 0xFC, 0xE7, 0xC7, 0xE0, 0xFC, 0xE7, 0xC7,
  0xE0, 0xFC, 0xE7, 0xC7, 0xE0, 0xFC, 0xE7, 0xC7, 0xE0, 0xFC, 0xE7, 0xC7,
  0xE0, 0xFC, 0xE7, 0xC7, 0xE0, 0xFC, 0xE7, 0xC7, 0xE0, 0xFC, 0xE7, 0xC7,
  0xE0, 0xFC, 0xE7, 0xC7, 0xE0, 0xFC, 0xE7, 0xC7, 0xE0, 0xFC, 0xE7, 0xC7,
  0xE0, 0xFC, 0xE7, 0xC7, 0xE0, 0xFC, 0xE7, 0xC7, 0xE0, 0xFC, 0xE7, 0x00,
  0x00, 0x00, 0x00, 0x00, 0x00, 0x00, 0x00, 0x00, 0x00, 0x00, 0x00, 0x00,
  0x00, 0x00, 0x00, 0x00, 0x00, 0x60, 0x00, 0x00, 0x00, 0xC0, 0x00, 0x00,
  0x00, 0xC0, 0x00, 0x00, 0x01, 0x80, 0x00, 0x00, 0x03, 0x00, 0x00, 0x00,
  0x03, 0x00, 0x00, 0x00, 0x07, 0xC0, 0x00, 0x00, 0x0F, 0xF8, 0x00, 0x00,
  0x0C, 0x18, 0x00, 0x00, 0x18, 0x0C, 0x00, 0x00, 0x18, 0x0C, 0x00, 0x00,
  0x10, 0x06, 0x00, 0x00, 0x10, 0x06, 0x00, 0x00, 0x18, 0x04, 0x00, 0x00,
  0x18, 0x0C, 0x00, 0x00, 0x1C, 0x1C, 0x00, 0x00, 0x0F, 0x78, 0x00, 0x00,
  0x03, 0xE0, 0x00, 0xC6, 0x06, 0x3F, 0x3F, 0xC6, 0x06, 0x3F, 0x3F, 0xC6,
  0x06, 0x3F, 0x3F, 0xC6, 0x06, 0x3F, 0x3F, 0xC6, 0x06, 0x3F, 0x3F, 0xC6,
  0x06, 0x3F, 0x3F, 0xC6, 0x06, 0x3F, 0x3F, 0xC6, 0x06, 0x3F, 0x3F, 0xC6,
  0x06, 0x3F, 0x3F, 0xC6, 0x06, 0x3F, 0x3F, 0xC6, 0x06, 0x3F, 0x3F, 0xC6,
  0x06, 0x3F, 0x3F, 0xC6, 0x06, 0x3F, 0x3F, 0xC6, 0x06, 0x3F, 0x3F, 0xC6,
  0x06, 0x3F, 0x3F, 0xC6, 0x06, 0x3F, 0x3F, 0xC6, 0x06, 0x3F, 0x3F, 0xC6,
  0x06, 0x3F, 0x3F, 0xC6, 0x06, 0x3F, 0x3F, 0xC6, 0x06, 0x3F, 0x3F, 0xC6,
  0x06, 0x3F, 0x3F, 0xC6, 0x06, 0x3F, 0x3F, 0xC6, 0x06, 0x3F, 0x3F, 0xC6,
  0x06, 0x3F, 0x3F, 0xC6, 0x06, 0x3F, 0x3F, 0xC6, 0x06, 0x3F, 0x3F, 0xC6,
  0x06, 0x3F, 0x3F, 0xC6, 0x06, 0x3F, 0x3F, 0xC6, 0x06, 0x3F, 0x3F, 0xC6,
  0x06, 0x3F, 0x3F, 0xC6, 0x06, 0x3F, 0x3F, 0xC6, 0x06, 0x3F, 0x3F, 0xC6,
  0x06, 0x3F, 0x3F, 0xC6, 0x06, 0x3F, 0x3F, 0xC6, 0x06, 0x3F, 0x3F, 0xC6,
  0x06, 0x3F, 0x3F, 0xC6, 0x06, 0x3F, 0x3F, 0xC6, 0x06, 0x3F, 0x3F, 0xC6,
  0x06, 0x3F, 0x3F, 0xC6, 0x06, 0x3F, 0x3F, 0xC6, 0x06, 0x3F, 0x3F, 0xC6,
  0x06, 0x3F, 0x3F, 0xC6, 0x06, 0x3F, 0x3F, 0xC6, 0x06, 0x3F, 0x3F, 0xC6,
  0x06, 0x3F, 0x3F, 0xC6, 0x06, 0x3F, 0x3F, 0x00, 0x00, 0x00, 0x00, 0x00,
  0x00, 0x00, 0x00, 0x00, 0x00, 0x00, 0x00, 0x00, 0x00, 0x00, 0x00, 0x00,
  0x1F, 0xFE, 0x00, 0x00, 0x1F, 0xFE, 0x00, 0x00, 0x00, 0x0C, 0x00, 0x00,
  0x00, 0x0C, 0x00, 0x00, 0x00, 0x18, 0x00, 0x00, 0x00, 0x18, 0x00, 0x00,
  0x00, 0x30, 0x00, 0x00, 0x00, 0x30, 0x00, 0x00, 0x00, 0x30, 0x00, 0x00,
  0x00, 0x60, 0x00, 0x00, 0x00, 0x60, 0x00, 0x00, 0x00, 0xC0, 0x00, 0x00,
  0x00, 0xC0, 0x00, 0x00, 0x01, 0x80, 0x00, 0x00, 0x01, 0x80, 0x00, 0x00,
  0x01, 0x80, 0x00, 0x00, 0x03, 0x00, 0x00, 0x00, 0x03, 0x00, 0x00, 0xFC,
  0xE0, 0xE7, 0xE7, 0xFC, 0xE0, 0xE7, 0xE7, 0xFC, 0xE0, 0xE7, 0xE7, 0xFC,
  0xE0, 0xE7, 0xE7, 0xFC, 0xE0, 0xE7, 0xE7, 0xFC, 0xE0, 0xE7, 0xE7, 0xFC,
  0xE0, 0xE7, 0xE7, 0xFC, 0xE0, 0xE7, 0xE7, 0xFC, 0xE0, 0xE7, 0xE7, 0xFC,
  0xE0, 0xE7, 0xE7, 0xFC, 0xE0, 0xE7, 0xE7, 0xFC, 0xE0, 0xE7, 0xE7, 0xFC,
  0xE0, 0xE7, 0xE7, 0xFC, 0xE0, 0xE7, 0xE7, 0xFC, 0xE0, 0xE7, 0xE7, 0xFC,
  0xE0, 0xE7, 0xE7, 0xFC, 0xE0, 0xE7, 0xE7, 0xFC, 0xE0, 0xE7, 0xE7, 0xFC,
  0xE0, 0xE7, 0xE7, 0xFC, 0xE0, 0xE7, 0xE7, 0xFC, 0xE0, 0xE7, 0xE7, 0xFC,
  0xE0, 0xE7, 0xE7, 0xFC, 0xE0, 0xE7, 0xE7, 0xFC, 0xE0, 0xE7, 0xE7, 0xFC,
  0xE0, 0xE7, 0xE7, 0xFC, 0xE0, 0xE7, 0xE7, 0xFC, 0xE0, 0xE7, 0xE7, 0xFC,
  0xE0, 0xE7, 0xE7, 0xFC, 0xE0, 0xE7, 0xE7, 0xFC, 0xE0, 0xE7, 0xE7, 0xFC,
  0xE0, 0xE7, 0xE7, 0xFC, 0xE0, 0xE7, 0xE7, 0xFC, 0xE0, 0xE7, 0xE7, 0xFC,
  0xE0, 0xE7, 0xE7, 0xFC, 0xE0, 0xE7, 0xE7, 0xFC, 0xE0, 0xE7, 0xE7, 0xFC,
  0xE0, 0xE7, 0xE7, 0xFC, 0xE0, 0xE7, 0xE7, 0xFC, 0xE0, 0xE7, 0xE7, 0xFC,
  0xE0, 0xE7, 0xE7, 0xFC, 0xE0, 0xE7, 0xE7, 0xFC, 0xE0, 0xE7, 0xE7, 0xFC,
  0xE0, 0xE7, 0xE7, 0xFC, 0xE0, 0xE7, 0xE7, 0xFC, 0xE0, 0xE7, 0xE7, 0xFC,
  0xE0, 0xE7, 0xE7, 0x00, 0x00, 0x00, 0x00, 0x00, 0x00, 0x00, 0x00, 0x00,
  0x00, 0x00, 0x00, 0x00, 0x00, 0x00, 0x00, 0x00, 0x01, 0xE0, 0x00, 0x00,
  0x07, 0xF0, 0x00, 0x00, 0x06, 0x18, 0x00, 0x00, 0x0C, 0x0C, 0x00, 0x00,
  0x0C, 0x0C, 0x00, 0x00, 0x0C, 0x0C, 0x00, 0x00, 0x0C, 0x18, 0x00, 0x00,
  0x07, 0xF8, 0x00, 0x00, 0x07, 0xF0, 0x00, 0x00, 0x0E, 0x18, 0x00, 0x00,
  0x0C, 0x0C, 0x00, 0x00, 0x18, 0x04, 0x00, 0x00, 0x18, 0x06, 0x00, 0x00,
  0x18, 0x04, 0x00, 0x00, 0x18, 0x0C, 0x00, 0x00, 0x0C, 0x0C, 0x00, 0x00,
  0x07, 0x38, 0x00, 0x00, 0x03, 0xF0, 0x00, 0xC7, 0xE0, 0xE7, 0xE7, 0xC7,
  0xE0, 0xE7, 0xE7, 0xC7, 0xE0, 0xE7, 0xE7, 0xC7, 0xE0, 0xE7, 0xE7, 0xC7,
  0xE0, 0xE7, 0xE7, 0xC7, 0xE0, 0xE7, 0xE7, 0xC7, 0xE0, 0xE7, 0xE7, 0xC7,
  0xE0, 0xE7, 0xE7, 0xC7, 0xE0, 0xE7, 0xE7, 0xC7, 0xE0, 0xE7, 0xE7, 0xC7,
  0xE0, 0xE7, 0xE7, 0xC7, 0xE0, 0xE7, 0xE7, 0xC7, 0xE0, 0xE7, 0xE7, 0xC7,
  0xE0, 0xE7, 0xE7, 0xC7, 0xE0, 0xE7, 0xE7, 0xC7, 0xE0, 0xE7, 0xE7, 0xC7,
  0xE0, 0xE7, 0xE7, 0xC7, 0xE0, 0xE7, 0xE7, 0xC7, 0xE0, 0xE7, 0xE7, 0xC7,
  0xE0, 0xE7, 0xE7, 0xC7, 0xE0, 0xE7, 0xE7, 0xC7, 0xE0, 0xE7, 0xE7, 0xC7,
  0xE0, 0xE7, 0xE7, 0xC7, 0xE0, 0xE7, 0xE7, 0xC7, 0xE0, 0xE7, 0xE7, 0xC7,
  0xE0, 0xE7, 0xE7, 0xC7, 0xE0, 0xE7, 0xE7, 0xC7, 0xE0, 0xE7, 0xE7, 0xC7,
  0xE0, 0xE7, 0xE7, 0xC7, 0xE0, 0xE7, 0xE7, 0xC7, 0xE0, 0xE7, 0xE7, 0xC7,
  0xE0, 0xE7, 0xE7, 0xC7, 0xE0, 0xE7, 0xE7, 0xC7, 0xE0, 0xE7, 0xE7, 0xC7,
  0xE0, 0xE7, 0xE7, 0xC7, 0xE0, 0xE7, 0xE7, 0xC7, 0xE0, 0xE7, 0xE7, 0xC7,
  0xE0, 0xE7, 0xE7, 0xC7, 0xE0, 0xE7, 0xE7, 0xC7, 0xE0, 0xE7, 0xE7, 0xC7,
  0xE0, 0xE7, 0xE7, 0xC7, 0xE0, 0xE7, 0xE7, 0xC7, 0xE0, 0xE7, 0xE7, 0xC7,
  0xE0, 0xE7, 0xE7, 0xC7, 0xE0, 0xE7, 0xE7, 0xC7, 0xE0, 0xE7, 0xE7, 0x00,
  0x00, 0x00, 0x00, 0x00, 0x00, 0x00, 0x00, 0x00, 0x00, 0x00, 0x00, 0x00,
  0x00, 0x00, 0x00, 0x00, 0x03, 0xE0, 0x00, 0x00, 0x07, 0xF8, 0x00, 0x00,
  0x0C, 0x1C, 0x00, 0x00, 0x0C, 0x0C, 0x00, 0x00, 0x18, 0x04, 0x00, 0x00,
  0x18, 0x06, 0x00, 0x00, 0x18, 0x04, 0x00, 0x00, 0x18, 0x04, 0x00, 0x00,
  0x0C, 0x0C, 0x00, 0x00, 0x0C, 0x18, 0x00, 0x00, 0x07, 0xF8, 0x00, 0x00,
  0x01, 0xF0, 0x00, 0x00, 0x00, 0x30, 0x00, 0x00, 0x00, 0x60, 0x00, 0x00,
  0x00, 0xE0, 0x00, 0x00, 0x00, 0xC0, 0x00, 0x00, 0x01, 0x80, 0x00, 0x00,
  0x01, 0x80, 0x00, 0xFC, 0x1C, 0xE7, 0xE7, 0xFC, 0x1C, 0xE7, 0xE7, 0xFC,
  0x1C, 0xE7, 0xE7, 0xFC, 0x1C, 0xE7, 0xE7, 0xFC, 0x1C, 0xE7, 0xE7, 0xFC,
  0x1C, 0xE7, 0xE7, 0xFC, 0x1C, 0xE7, 0xE7, 0xFC, 0x1C, 0xE7, 0xE7, 0xFC,
  0x1C, 0xE7, 0xE7, 0xFC, 0x1C, 0xE7, 0xE7, 0xFC, 0x1C, 0xE7, 0xE7, 0xFC,
  0x1C, 0xE7, 0xE7, 0xFC, 0x1C, 0xE7, 0xE7, 0xFC, 0x1C, 0xE7, 0xE7, 0xFC,
  0x1C, 0xE7, 0xE7, 0xFC, 0x1C, 0xE7, 0xE7, 0xFC, 0x1C, 0xE7, 0xE7, 0xFC,
  0x1C, 0xE7, 0xE7, 0xFC, 0x1C, 0xE7, 0xE7, 0xFC, 0x1C, 0xE7, 0xE7, 0xFC,
  0x1C, 0xE7, 0xE7, 0xFC, 0x1C, 0xE7, 0xE7, 0xFC, 0x1C, 0xE7, 0xE7, 0xFC,
  0x1C, 0xE7, 0xE7, 0xFC, 0x1C, 0xE7, 0xE7, 0xFC, 0x1C, 0xE7, 0xE7, 0xFC,
  0x1C, 0xE7, 0xE7, 0xFC, 0x1C, 0xE7, 0xE7, 0xFC, 0x1C, 0xE7, 0xE7, 0xFC,
  0x1C, 0xE7, 0xE7, 0xFC, 0x1C, 0xE7, 0xE7, 0xFC, 0x1C, 0xE7, 0xE7, 0xFC,
  0x1C, 0xE7, 0xE7, 0xFC, 0x1C, 0xE7, 0xE7, 0xFC, 0x1C, 0xE7, 0xE7, 0xFC,
  0x1C, 0xE7, 0xE7, 0xFC, 0x1C, 0xE7, 0xE7, 0xFC, 0x1C, 0xE7, 0xE7, 0xFC,
  0x1C, 0xE7, 0xE7, 0xFC, 0x1C, 0xE7, 0xE7, 0xFC, 0x1C, 0xE7, 0xE7, 0xFC,
  0x1C, 0xE7, 0xE7, 0xFC, 0x1C, 0xE7, 0xE7, 0xFC, 0x1C, 0xE7, 0xE7, 0xFC,
  0x1C, 0xE7, 0xE7, 0xFC, 0x1C, 0xE7, 0xE7, 0x00, 0x00, 0x00, 0x00, 0x00,
  0x00, 0x00, 0x00, 0x00, 0x00, 0x00, 0x00, 0x00, 0x00, 0x00, 0x00, 0x00,
  0x00, 0x00, 0x00, 0x00, 0x00, 0x00, 0x00, 0x00, 0x00, 0x00, 0x00, 0x00,
  0x00, 0x00, 0x00, 0x00, 0x00, 0x00, 0x00, 0x00, 0x00, 0x00, 0x00, 0x00,
  0x00, 0x00, 0x00, 0x00, 0x00, 0x00, 0x00, 0x00, 0x00, 0x00, 0x00, 0x00,
  0x00, 0x00, 0x00, 0x00, 0x00, 0x00, 0x00, 0x00, 0x00, 0x00, 0x00, 0x00,
  0x00, 0x00, 0x00, 0x00, 0x00, 0x00, 0x00, 0x00, 0x00, 0x00, 0x00, 0x00,
  0x01, 0xC0, 0x00, 0x00, 0x01, 0xC0, 0x00, 0x00, 0x01, 0xC0, 0x00, 0xFC,
  0x1C, 0xE7, 0xE7, 0xFC, 0x1C, 0xE7, 0xE7, 0xFC, 0x1C, 0xE7, 0xE7, 0xFC,
  0x1C, 0xE7, 0xE7, 0xFC, 0x1C, 0xE7, 0xE7, 0xFC, 0x1C, 0xE7, 0xE7, 0xFC,
  0x1C, 0xE7, 0xE7, 0xFC, 0x1C, 0xE7, 0xE7, 0xFC, 0x1C, 0xE7, 0xE7, 0xFC,
  0x1C, 0xE7, 0xE7, 0xFC, 0x1C, 0xE7, 0xE7, 0xFC, 0x1C, 0xE7, 0xE7, 0xFC,
  0x1C, 0xE7, 0xE7, 0xFC, 0x1C, 0xE7, 0xE7, 0xFC, 0x1C, 0xE7, 0xE7, 0xFC,
  0x1C, 0xE7, 0xE7, 0xFC, 0x1C, 0xE7, 0xE7, 0xFC, 0x1C, 0xE7, 0xE7, 0xFC,
  0x1C, 0xE7, 0xE7, 0xFC, 0x1C, 0xE7, 0xE7, 0xFC, 0x1C, 0xE7, 0xE7, 0xFC,
  0x1C, 0xE7, 0xE7, 0xFC, 0x1C, 0xE7, 0xE7, 0xFC, 0x1C, 0xE7, 0xE7, 0xFC,
  0x1C, 0xE7, 0xE7, 0xFC, 0x1C, 0xE7, 0xE7, 0xFC, 0x1C, 0xE7, 0xE7, 0xFC,
  0x1C, 0xE7, 0xE7, 0xFC, 0x1C, 0xE7, 0xE7, 0xFC, 0x1C, 0xE7, 0xE7, 0xFC,
  0x1C, 0xE7, 0xE7, 0xFC, 0x1C, 0xE7, 0xE7, 0xFC, 0x1C, 0xE7, 0xE7, 0xFC,
  0x1C, 0xE7, 0xE7, 0xFC, 0x1C, 0xE7, 0xE7, 0xFC, 0x1C, 0xE7, 0xE7, 0xFC,
  0x1C, 0xE7, 0xE7, 0xFC, 0x1C, 0xE7, 0xE7, 0xFC, 0x1C, 0xE7, 0xE7, 0xFC,
  0x1C, 0xE7, 0xE7, 0xFC, 0x1C, 0xE7, 0xE7, 0xFC, 0x1C, 0xE7, 0xE7, 0xFC,
  0x1C, 0xE7, 0xE7, 0xFC, 0x1C, 0xE7, 0xE7, 0xFC, 0x1C, 0xE7, 0xE7, 0xFC,
  0x1C, 0xE7, 0xE7, 0x00, 0x00, 0x00, 0x00, 0x00, 0x00, 0x00, 0x00, 0x00,
  0x00, 0x00, 0x00, 0x00, 0x00, 0x00, 0x00, 0x00, 0x00, 0x00, 0x00, 0x00,
  0x00, 0x00, 0x00, 0x00, 0x00, 0x00, 0x00, 0x00, 0x00, 0x00, 0x00, 0x00,
  0x00, 0x00, 0x00, 0x00, 0x00, 0x00, 0x00, 0x00, 0x00, 0x00, 0x00, 0x00,
  0x00, 0x00, 0x00, 0x00, 0x00, 0x00, 0x00, 0x00, 0x00, 0x00, 0x00, 0x00,
  0x00, 0x00, 0x00, 0x00, 0x00, 0x00, 0x00, 0x00, 0x00, 0x00, 0x00, 0x00,
  0x00, 0x00, 0x00, 0x00, 0x00, 0x00, 0x00, 0x00, 0x01, 0xC0, 0x00, 0x00,
  0x01, 0xC0, 0x00, 0x00, 0x01, 0xC0, 0x00, 0xC0, 0xFC, 0xE7, 0xE7, 0xC0,
  0xFC, 0xE7, 0xE7, 0xC0, 0xFC, 0xE7, 0xE7, 0xC0, 0xFC, 0xE7, 0xE7, 0xC0,
  0xFC, 0xE7, 0xE7, 0xC0, 0xFC, 0xE7, 0xE7, 0xC0, 0xFC, 0xE7, 0xE7, 0xC0,
  0xFC, 0xE7, 0xE7, 0xC0, 0xFC, 0xE7, 0xE7, 0xC0, 0xFC, 0xE7, 0xE7, 0xC0,
  0xFC, 0xE7, 0xE7, 0xC0, 0xFC, 0xE7, 0xE7, 0xC0, 0xFC, 0xE7, 0xE7, 0xC0,
  0xFC, 0xE7, 0xE7, 0xC0, 0xFC, 0xE7, 0xE7, 0xC0, 0xFC, 0xE7, 0xE7, 0xC0,
  0xFC, 0xE7, 0xE7, 0xC0, 0xFC, 0xE7, 0xE7, 0xC0, 0xFC, 0xE7, 0xE7, 0xC0,
  0xFC, 0xE7, 0xE7, 0xC0, 0xFC, 0xE7, 0xE7, 0xC0, 0xFC, 0xE7, 0xE7, 0xC0,
  0xFC, 0xE7, 0xE7, 0xC0, 0xFC, 0xE7, 0xE7, 0xC0, 0xFC, 0xE7, 0xE7, 0xC0,
  0xFC, 0xE7, 0xE7, 0xC0, 0xFC, 0xE7, 0xE7, 0xC0, 0xFC, 0xE7, 0xE7, 0xC0,
  0xFC, 0xE7, 0xE7, 0xC0, 0xFC, 0xE7, 0xE7, 0xC0, 0xFC, 0xE7, 0xE7, 0xC0,
  0xFC, 0xE7, 0xE7, 0xC0, 0xFC, 0xE7, 0xE7, 0xC0, 0xFC, 0xE7, 0xE7, 0xC0,
  0xFC, 0xE7, 0xE7, 0xC0, 0xFC, 0xE7, 0xE7, 0xC0, 0xFC, 0xE7, 0xE7, 0xC0,
  0xFC, 0xE7, 0xE7, 0xC0, 0xFC, 0xE7, 0xE7, 0xC0, 0xFC, 0xE7, 0xE7, 0xC0,
  0xFC, 0xE7, 0xE7, 0xC0, 0xFC, 0xE7, 0xE7, 0xC0, 0xFC, 0xE7, 0xE7, 0xC0,
  0xFC, 0xE7, 0xE7, 0xC0, 0xFC, 0xE7, 0xE7, 0xC0, 0xFC, 0xE7, 0xE7, 0x00,
  0x00, 0x00, 0x00, 0x00, 0x00, 0x00, 0x00, 0x00, 0x00, 0x00, 0x00, 0x00,
  0x00, 0x00, 0x00, 0x00, 0x00, 0x00, 0x00, 0x00, 0x00, 0x00, 0x00, 0x00,
  0x00, 0x00, 0x00, 0x00, 0x00, 0x00, 0x00, 0x00, 0x00, 0x00, 0x00, 0x00,
  0x00, 0x00, 0x00, 0x00, 0x00, 0x00, 0x00, 0x00, 0x00, 0x00, 0x00, 0x00,
  0x00, 0x00, 0x00, 0x00, 0x1F, 0xFE, 0x00, 0x00, 0x1F, 0xFE, 0x00, 0xC0,
  0xFC, 0xE7, 0xE7, 0xC0, 0xFC, 0xE7, 0xE7, 0xC0, 0xFC, 0xE7, 0xE7, 0xC0,
  0xFC, 0xE7, 0xE7, 0xC0, 0xFC, 0xE7, 0xE7, 0xC0, 0xFC, 0xE7, 0xE7, 0xC0,
  0xFC, 0xE7, 0xE7, 0xC0, 0xFC, 0xE7, 0xE7, 0xC0, 0xFC, 0xE7, 0xE7, 0xC0,
  0xFC, 0xE7, 0xE7, 0xC0, 0xFC, 0xE7, 0xE7, 0xC0, 0xFC, 0xE7, 0xE7, 0xC0,
  0xFC, 0xE7, 0xE7, 0xC0, 0xFC, 0xE7, 0xE7, 0xC0, 0xFC, 0xE7, 0xE7, 0xC0,
  0xFC, 0xE7, 0xE7, 0xC0, 0xFC, 0xE7, 0xE7, 0xC0, 0xFC, 0xE7, 0xE7, 0xC0,
  0xFC, 0xE7, 0xE7, 0xC0, 0xFC, 0xE7, 0xE7, 0xC0, 0xFC, 0xE7, 0xE7, 0xC0,
  0xFC, 0xE7, 0xE7, 0xC0, 0xFC, 0xE7, 0xE7, 0xC0, 0xFC, 0xE7, 0xE7, 0xC0,
  0xFC, 0xE7, 0xE7, 0xC0, 0xFC, 0xE7, 0xE7, 0xC0, 0xFC, 0xE7, 0xE7, 0xC0,
  0xFC, 0xE7, 0xE7, 0xC0, 0xFC, 0xE7, 0xE7, 0xC0, 0xFC, 0xE7, 0xE7, 0xC0,
  0xFC, 0xE7, 0xE7, 0xC0, 0xFC, 0xE7, 0xE7, 0xC0, 0xFC, 0xE7, 0xE7, 0xC0,
  0xFC, 0xE7, 0xE7, 0xC0, 0xFC, 0xE7, 0xE7, 0xC0, 0xFC, 0xE7, 0xE7, 0xC0,
  0xFC, 0xE7, 0xE7, 0xC0, 0xFC, 0xE7, 0xE7, 0xC0, 0xFC, 0xE7, 0xE7, 0xC0,
  0xFC, 0xE7, 0xE7, 0xC0, 0xFC, 0xE7, 0xE7, 0xC0, 0xFC, 0xE7, 0xE7, 0xC0,
  0xFC, 0xE7, 0xE7, 0xC0, 0xFC, 0xE7, 0xE7, 0xC0, 0xFC, 0xE7, 0xE7, 0xC0,
  0xFC, 0xE7, 0xE7, 0x00, 0x00, 0x00, 0x00, 0x00, 0x00, 0x00, 0x00, 0x00,
  0x00, 0x00, 0x00, 0x00, 0x00, 0x00, 0x00, 0x00, 0x00, 0x00, 0x00, 0x00,
  0x00, 0x00, 0x00, 0x00, 0x00, 0x00, 0x00, 0x00, 0x00, 0x00, 0x00, 0x00,
  0x00, 0x00, 0x00, 0x00, 0x00, 0x00, 0x00, 0x00, 0x00, 0x00, 0x00, 0x00,
  0x00, 0x00, 0x00, 0x00, 0x00, 0x00, 0x00, 0x00, 0x1F, 0xFE, 0x00, 0x00,
  0x1F, 0xFE, 0x00, 0xC0, 0xFC, 0xE7, 0xE7, 0xC0, 0xFC, 0xE7, 0xE7, 0xC0,
  0xFC, 0xE7, 0xE7, 0xC0, 0xFC, 0xE7, 0xE7, 0xC0, 0xFC, 0xE7, 0xE7, 0xC0,
  0xFC, 0xE7, 0xE7, 0xC0, 0xFC, 0xE7, 0xE7, 0xC0, 0xFC, 0xE7, 0xE7, 0xC0,
  0xFC, 0xE7, 0xE7, 0xC0, 0xFC, 0xE7, 0xE7, 0xC0, 0xFC, 0xE7, 0xE7, 0xC0,
  0xFC, 0xE7, 0xE7, 0xC0, 0xFC, 0xE7, 0xE7, 0xC0, 0xFC, 0xE7, 0xE7, 0xC0,
  0xFC, 0xE7, 0xE7, 0xC0, 0xFC, 0xE7, 0xE7, 0xC0, 0xFC, 0xE7, 0xE7, 0xC0,
  0xFC, 0xE7, 0xE7, 0xC0, 0xFC, 0xE7, 0xE7, 0xC0, 0xFC, 0xE7, 0xE7, 0xC0,
  0xFC, 0xE7, 0xE7, 0xC0, 0xFC, 0xE7, 0xE7, 0xC0, 0xFC, 0xE7, 0xE7, 0xC0,
  0xFC, 0xE7, 0xE7, 0xC0, 0xFC, 0xE7, 0xE7, 0xC0, 0xFC, 0xE7, 0xE7, 0xC0,
  0xFC, 0xE7, 0xE7, 0xC0, 0xFC, 0xE7, 0xE7, 0xC0, 0xFC, 0xE7, 0xE7, 0xC0,
  0xFC, 0xE7, 0xE7, 0xC0, 0xFC, 0xE7, 0xE7, 0xC0, 0xFC, 0xE7, 0xE7, 0xC0,
  0xFC, 0xE7, 0xE7, 0xC0, 0xFC, 0xE7, 0xE7, 0xC0, 0xFC, 0xE7, 0xE7, 0xC0,
  0xFC, 0xE7, 0xE7, 0xC0, 0xFC, 0xE7, 0xE7, 0xC0, 0xFC, 0xE7, 0xE7, 0xC0,
  0xFC, 0xE7, 0xE7, 0xC0, 0xFC, 0xE7, 0xE7, 0xC0, 0xFC, 0xE7, 0xE7, 0xC0,
  0xFC, 0xE7, 0xE7, 0xC0, 0xFC, 0xE7, 0xE7, 0xC0, 0xFC, 0xE7, 0xE7, 0xC0,
  0xFC, 0xE7, 0xE7, 0xC0, 0xFC, 0xE7, 0xE7, 0x00, 0x00, 0x00, 0x00, 0x00,
  0x00, 0x00, 0x00, 0x00, 0x00, 0x00, 0x00, 0x00, 0x00, 0x00, 0x00, 0x00,
  0x00, 0x00, 0x00, 0x00, 0x00, 0x00, 0x00, 0x00, 0x00, 0x00, 0x00, 0x00,
  0x00, 0x00, 0x00, 0x00, 0x00, 0x00, 0x00, 0x00, 0x00, 0x00, 0x00, 0x00,
  0x00, 0x00, 0x00, 0x00, 0x00, 0x00, 0x00, 0x00, 0x00, 0x00, 0x00, 0x00,
  0x1F, 0xFE, 0x00, 0x00, 0x1F, 0xFE, 0x00, 0xC0, 0xFC, 0xE7, 0xE7, 0xC0,
  0xFC, 0xE7, 0xE7, 0xC0, 0xFC, 0xE7, 0xE7, 0xC0, 0xFC, 0xE7, 0xE7, 0xC0,
  0xFC, 0xE7, 0xE7, 0xC0, 0xFC, 0xE7, 0xE7, 0xC0, 0xFC, 0xE7, 0xE7, 0xC0,
  0xFC, 0xE7, 0xE7, 0xC0, 0xFC, 0xE7, 0xE7, 0xC0, 0xFC, 0xE7, 0xE7, 0xC0,
  0xFC, 0xE7, 0xE7, 0xC0, 0xFC, 0xE7, 0xE7, 0xC0, 0xFC, 0xE7, 0xE7, 0xC0,
  0xFC, 0xE7, 0xE7, 0xC0, 0xFC, 0xE7, 0xE7, 0xC0, 0xFC, 0xE7, 0xE7, 0xC0,
  0xFC, 0xE7, 0xE7, 0xC0, 0xFC, 0xE7, 0xE7, 0xC0, 0xFC, 0xE7, 0xE7, 0xC0,
  0xFC, 0xE7, 0xE7, 0xC0, 0xFC, 0xE7, 0xE7, 0xC0, 0xFC, 0xE7, 0xE7, 0xC0,
  0xFC, 0xE7, 0xE7, 0xC0, 0xFC, 0xE7, 0xE7, 0xC0, 0xFC, 0xE7, 0xE7, 0xC0,
  0xFC, 0xE7, 0xE7, 0xC0, 0xFC, 0xE7, 0xE7, 0xC0, 0xFC, 0xE7, 0xE7, 0xC0,
  0xFC, 0xE7, 0xE7, 0xC0, 0xFC, 0xE7, 0xE7, 0xC0, 0xFC, 0xE7, 0xE7, 0xC0,
  0xFC, 0xE7, 0xE7, 0xC0, 0xFC, 0xE7, 0xE7, 0xC0, 0xFC, 0xE7, 0xE7, 0xC0,
  0xFC, 0xE7, 0xE7, 0xC0, 0xFC, 0xE7, 0xE7, 0xC0, 0xFC, 0xE7, 0xE7, 0xC0,
  0xFC, 0xE7, 0xE7, 0xC0, 0xFC, 0xE7, 0xE7, 0xC0, 0xFC, 0xE7, 0xE7, 0xC0,
  0xFC, 0xE7, 0xE7, 0xC0, 0xFC, 0xE7, 0xE7, 0xC0, 0xFC, 0xE7, 0xE7, 0xC0,
  0xFC, 0xE7, 0xE7, 0xC0, 0xFC, 0xE7, 0xE7, 0xC0, 0xFC, 0xE7, 0xE7, 0x00,
  0x00, 0x00, 0x00, 0x00, 0x00, 0x00, 0x00, 0x00, 0x00, 0x00, 0x00, 0x00,
  0x00, 0x00, 0x00, 0x00, 0x00, 0x00, 0x00, 0x00, 0x00, 0x00, 0x00, 0x00,
  0x00, 0x00, 0x00, 0x00, 0x00, 0x00, 0x00, 0x00, 0x00, 0x00, 0x00, 0x00,
  0x00, 0x00, 0x00, 0x00, 0x00, 0x00, 0x00, 0x00, 0x00, 0x00, 0x00, 0x00,
  0x00, 0x00, 0x00, 0x00, 0x1F, 0xFE, 0x00, 0x00, 0x1F, 0xFE, 0x00, 0xC0,
  0xFC, 0xE7, 0xE7, 0xC0, 0xFC, 0xE7, 0xE7, 0xC0, 0xFC, 0xE7, 0xE7, 0xC0,
  0xFC, 0xE7, 0xE7, 0xC0, 0xFC, 0xE7, 0xE7, 0xC0, 0xFC, 0xE7, 0xE7, 0xC0,
  0xFC, 0xE7, 0xE7, 0xC0, 0xFC, 0xE7, 0xE7, 0xC0, 0xFC, 0xE7, 0xE7, 0xC0,
  0xFC, 0xE7, 0xE7, 0xC0, 0xFC, 0xE7, 0xE7, 0xC0, 0xFC, 0xE7, 0xE7, 0xC0,
  0xFC, 0xE7, 0xE7, 0xC0, 0xFC, 0xE7, 0xE7, 0xC0, 0xFC, 0xE7, 0xE7, 0xC0,
  0xFC, 0xE7, 0xE7, 0xC0, 0xFC, 0xE7, 0xE7, 0xC0, 0xFC, 0xE7, 0xE7, 0xC0,
  0xFC, 0xE7, 0xE7, 0xC0, 0xFC, 0xE7, 0xE7, 0xC0, 0xFC, 0xE7, 0xE7, 0xC0,
  0xFC, 0xE7, 0xE7, 0xC0, 0xFC, 0xE7, 0xE7, 0xC0, 0xFC, 0xE7, 0xE7, 0xC0,
  0xFC, 0xE7, 0xE7, 0xC0, 0xFC, 0xE7, 0xE7, 0xC0, 0xFC, 0xE7, 0xE7, 0xC0,
  0xFC, 0xE7, 0xE7, 0xC0, 0xFC, 0xE7, 0xE7, 0xC0, 0xFC, 0xE7, 0xE7, 0xC0,
  0xFC, 0xE7, 0xE7, 0xC0, 0xFC, 0xE7, 0xE7, 0xC0, 0xFC, 0xE7, 0xE7, 0xC0,
  0xFC, 0xE7, 0xE7, 0xC0, 0xFC, 0xE7, 0xE7, 0xC0, 0xFC, 0xE7, 0xE7, 0xC0,
  0xFC, 0xE7, 0xE7, 0xC0, 0xFC, 0xE7, 0xE7, 0xC0, 0xFC, 0xE7, 0xE7, 0xC0,
  0xFC, 0xE7, 0xE7, 0xC0, 0xFC, 0xE7, 0xE7, 0xC0, 0xFC, 0xE7, 0xE7, 0xC0,
  0xFC, 0xE7, 0xE7, 0xC0, 0xFC, 0xE7, 0xE7, 0xC0, 0xFC, 0xE7, 0xE7, 0xC0,
  0xFC, 0xE7, 0xE7, 0x00, 0x00, 0x00, 0x00, 0x00, 0x00, 0x00, 0x00, 0x00,
  0x00, 0x00, 0x00, 0x00, 0x00, 0x00, 0x00, 0x00, 0x00, 0x00, 0x00, 0x00,
  0x00, 0x00, 0x00, 0x00, 0x00, 0x00, 0x00, 0x00, 0x00, 0x00, 0x00, 0x00,
  0x00, 0x00, 0x00, 0x00, 0x00, 0x00, 0x00, 0x00, 0x00, 0x00, 0x00, 0x00,
  0x00, 0x00, 0x00, 0x00, 0x00, 0x00, 0x00, 0x00, 0x1F, 0xFE, 0x00, 0x00,
  0x1F, 0xFE, 0x00, 0xFC, 0xE6, 0x07, 0x3F, 0xFC, 0xE6, 0x07, 0x3F, 0xFC,
  0xE6, 0x07, 0x3F, 0xFC, 0xE6, 0x07, 0x3F, 0xFC, 0xE6, 0x07, 0x3F, 0xFC,
  0xE6, 0x07, 0x3F, 0xFC, 0xE6, 0x07, 0x3F, 0xFC, 0xE6, 0x07, 0x3F, 0xFC,
  0xE6, 0x07, 0x3F, 0xFC, 0xE6, 0x07, 0x3F, 0xFC, 0xE6, 0x07, 0x3F, 0xFC,
  0xE6, 0x07, 0x3F, 0xFC, 0xE6, 0x07, 0x3F, 0xFC, 0xE6, 0x07, 0x3F, 0xFC,
  0xE6, 0x07, 0x3F, 0xFC, 0xE6, 0x07, 0x3F, 0xFC, 0xE6, 0x07, 0x3F, 0xFC,
  0xE6, 0x07, 0x3F, 0xFC, 0xE6, 0x07, 0x3F, 0xFC, 0xE6, 0x07, 0x3F, 0xFC,
  0xE6, 0x07, 0x3F, 0xFC, 0xE6, 0x07, 0x3F, 0xFC, 0xE6, 0x07, 0x3F, 0xFC,
  0xE6, 0x07, 0x3F, 0xFC, 0xE6, 0x07, 0x3F, 0xFC, 0xE6, 0x07, 0x3F, 0xFC,
  0xE6, 0x07, 0x3F, 0xFC, 0xE6, 0x07, 0x3F, 0xFC, 0xE6, 0x07, 0x3F, 0xFC,
  0xE6, 0x07, 0x3F, 0xFC, 0xE6, 0x07, 0x3F, 0xFC, 0xE6, 0x07, 0x3F, 0xFC,
  0xE6, 0x07, 0x3F, 0xFC, 0xE6, 0x07, 0x3F, 0xFC, 0xE6, 0x07, 0x3F, 0xFC,
  0xE6, 0x07, 0x3F, 0xFC, 0xE6, 0x07, 0x3F, 0xFC, 0xE6, 0x07, 0x3F, 0xFC,
  0xE6, 0x07, 0x3F, 0xFC, 0xE6, 0x07, 0x3F, 0xFC, 0xE6, 0x07, 0x3F, 0xFC,
  0xE6, 0x07, 0x3F, 0xFC, 0xE6, 0x07, 0x3F, 0xFC, 0xE6, 0x07, 0x3F, 0xFC,
  0xE6, 0x07, 0x3F, 0xFC, 0xE6, 0x07, 0x3F, 0x00, 0x00, 0x00, 0x00, 0x00,
  0x00, 0x00, 0x00, 0x00, 0x00, 0x00, 0x00, 0x00, 0x00, 0x00, 0x00, 0x00,
  0x01, 0xC0, 0x00, 0x00, 0x01, 0xC0, 0x00, 0x00, 0x01, 0x60, 0x00, 0x00,
  0x03, 0x60, 0x00, 0x00, 0x03, 0x20, 0x00, 0x00, 0x06, 0x30, 0x00, 0x00,
  0x06, 0x30, 0x00, 0x00, 0x04, 0x18, 0x00, 0x00, 0x0C, 0x18, 0x00, 0x00,
  0x0C, 0x18, 0x00, 0x00, 0x08, 0x0C, 0x00, 0x00, 0x1F, 0xFC, 0x00, 0x00,
  0x18, 0x04, 0x00, 0x00, 0x30, 0x06, 0x00, 0x00, 0x30, 0x06, 0x00, 0x00,
  0x20, 0x03, 0x00, 0x00, 0x60, 0x03, 0x00, 0x00, 0x60, 0x01, 0x00, 0xC7,
  0xE3, 0x07, 0x3F, 0xC7, 0xE3, 0x07, 0x3F, 0xC7, 0xE3, 0x07, 0x3F, 0xC7,
  0xE3, 0x07, 0x3F, 0xC7, 0xE3, 0x07, 0x3F, 0xC7, 0xE3, 0x07, 0x3F, 0xC7,
  0xE3, 0x07, 0x3F, 0xC7, 0xE3, 0x07, 0x3F, 0xC7, 0xE3, 0x07, 0x3F, 0xC7,
  0xE3, 0x07, 0x3F, 0xC7, 0xE3, 0x07, 0x3F, 0xC7, 0xE3, 0x07, 0x3F, 0xC7,
  0xE3, 0x07, 0x3F, 0xC7, 0xE3, 0x07, 0x3F, 0xC7, 0xE3, 0x07, 0x3F, 0xC7,
  0xE3, 0x07, 0x3F, 0xC7, 0xE3, 0x07, 0x3F, 0xC7, 0xE3, 0x07, 0x3F, 0xC7,
  0xE3, 0x07, 0x3F, 0xC7, 0xE3, 0x07, 0x3F, 0xC7, 0xE3, 0x07, 0x3F, 0xC7,
  0xE3, 0x07, 0x3F, 0xC7, 0xE3, 0x07, 0x3F, 0xC7, 0xE3, 0x07, 0x3F, 0xC7,
  0xE3, 0x07, 0x3F, 0xC7, 0xE3, 0x07, 0x3F, 0xC7, 0xE3, 0x07, 0x3F, 0xC7,
  0xE3, 0x07, 0x3F, 0xC7, 0xE3, 0x07, 0x3F, 0xC7, 0xE3, 0x07, 0x3F, 0xC7,
  0xE3, 0x07, 0x3F, 0xC7, 0xE3, 0x07, 0x3F, 0xC7, 0xE3, 0x07, 0x3F, 0xC7,
  0xE3, 0x07, 0x3F, 0xC7, 0xE3, 0x07, 0x3F, 0xC7, 0xE3, 0x07, 0x3F, 0xC7,
  0xE3, 0x07, 0x3F, 0xC7, 0xE3, 0x07, 0x3F, 0xC7, 0xE3, 0x07, 0x3F, 0xC7,
  0xE3, 0x07, 0x3F, 0xC7, 0xE3, 0x07, 0x3F, 0xC7, 0xE3, 0x07, 0x3F, 0xC7,
  0xE3, 0x07, 0x3F, 0xC7, 0xE3, 0x07, 0x3F, 0xC7, 0xE3, 0x07, 0x3F, 0xC7,
  0xE3, 0x07, 0x3F, 0x00, 0x00, 0x00, 0x00, 0x00, 0x00, 0x00, 0x00, 0x00,
  0x00, 0x00, 0x00, 0x00, 0x00, 0x00, 0x00, 0x00, 0x1F, 0xF0, 0x00, 0x00,
  0x1F, 0xF8, 0x00, 0x00, 0x18, 0x0C, 0x00, 0x00, 0x18, 0x04, 0x00, 0x00,
  0x18, 0x06, 0x00, 0x00, 0x18, 0x06, 0x00, 0x00, 0x18, 0x0C, 0x00, 0x00,
  0x18, 0x1C, 0x00, 0x00, 0x1F, 0xF8, 0x00, 0x00, 0x1F, 0xFC, 0x00, 0x00,
  0x18, 0x06, 0x00, 0x00, 0x18, 0x02, 0x00, 0x00, 0x18, 0x03, 0x00, 0x00,
  0x18, 0x03, 0x00, 0x00, 0x18, 0x02, 0x00, 0x00, 0x18, 0x06, 0x00, 0x00,
  0x1F, 0xFC, 0x00, 0x00, 0x1F, 0xF8, 0x00, 0xFC, 0xFC, 0xE0, 0xE7, 0xFC,
  0xFC, 0xE0, 0xE7, 0xFC, 0xFC, 0xE0, 0xE7, 0xFC, 0xFC, 0xE0, 0xE7, 0xFC,
  0xFC, 0xE0, 0xE7, 0xFC, 0xFC, 0xE0, 0xE7, 0xFC, 0xFC, 0xE0, 0xE7, 0xFC,
  0xFC, 0xE0, 0xE7, 0xFC, 0xFC, 0xE0, 0xE7, 0xFC, 0xFC, 0xE0, 0xE7, 0xFC,
  0xFC, 0xE0, 0xE7, 0xFC, 0xFC, 0xE0, 0xE7, 0xFC, 0xFC, 0xE0, 0xE7, 0xFC,
  0xFC, 0xE0, 0xE7, 0xFC, 0xFC, 0xE0, 0xE7, 0xFC, 0xFC, 0xE0, 0xE7, 0xFC,
  0xFC, 0xE0, 0xE7, 0xFC, 0xFC, 0xE0, 0xE7, 0xFC, 0xFC, 0xE0, 0xE7, 0xFC,
  0xFC, 0xE0, 0xE7, 0xFC, 0xFC, 0xE0, 0xE7, 0xFC, 0xFC, 0xE0, 0xE7, 0xFC,
  0xFC, 0xE0, 0xE7, 0xFC, 0xFC, 0xE0, 0xE7, 0xFC, 0xFC, 0xE0, 0xE7, 0xFC,
  0xFC, 0xE0, 0xE7, 0xFC, 0xFC, 0xE0, 0xE7, 0xFC, 0xFC, 0xE0, 0xE7, 0xFC,
  0xFC, 0xE0, 0xE7, 0xFC, 0xFC, 0xE0, 0xE7, 0xFC, 0xFC, 0xE0, 0xE7, 0xFC,
  0xFC, 0xE0, 0xE7, 0xFC, 0xFC, 0xE0, 0xE7, 0xFC, 0xFC, 0xE0, 0xE7, 0xFC,
  0xFC, 0xE0, 0xE7, 0xFC, 0xFC, 0xE0, 0xE7, 0xFC, 0xFC, 0xE0, 0xE7, 0xFC,
  0xFC, 0xE0, 0xE7, 0xFC, 0xFC, 0xE0, 0xE7, 0xFC, 0xFC, 0xE0, 0xE7, 0xFC,
  0xFC, 0xE0, 0xE7, 0xFC, 0xFC, 0xE0, 0xE7, 0xFC, 0xFC, 0xE0, 0xE7, 0xFC,
  0xFC, 0xE0, 0xE7, 0xFC, 0xFC, 0xE0, 0xE7, 0xFC, 0xFC, 0xE0, 0xE7, 0x00,
  0x00, 0x00, 0x00, 0x00, 0x00, 0x00, 0x00, 0x00, 0x00, 0x00, 0x00, 0x00,
  0x00, 0x00, 0x00, 0x00, 0x00, 0xF0, 0x00, 0x00, 0x03, 0xFC, 0x00, 0x00,
  0x0E, 0x0E, 0x00, 0x00, 0x0C, 0x03, 0x00, 0x00, 0x18, 0x03, 0x00, 0x00,
  0x10, 0x00, 0x00, 0x00, 0x30, 0x00, 0x00, 0x00, 0x30, 0x00, 0x00, 0x00,
  0x30, 0x00, 0x00, 0x00, 0x30, 0x00, 0x00, 0x00, 0x30, 0x00, 0x00, 0x00,
  0x30, 0x00, 0x00, 0x00, 0x10, 0x00, 0x00, 0x00, 0x18, 0x00, 0x00, 0x00,
  0x18, 0x03, 0x00, 0x00, 0x0C, 0x06, 0x00, 0x00, 0x07, 0xBC, 0x00, 0x00,
  0x01, 0xF8, 0x00, 0xC6, 0x3E, 0x07, 0x3F, 0xC6, 0x3E, 0x07, 0x3F, 0xC6,
  0x3E, 0x07, 0x3F, 0xC6, 0x3E, 0x07, 0x3F, 0xC6, 0x3E, 0x07, 0x3F, 0xC6,
  0x3E, 0x07, 0x3F, 0xC6, 0x3E, 0x07, 0x3F, 0xC6, 0x3E, 0x07, 0x3F, 0xC6,
  0x3E, 0x07, 0x3F, 0xC6, 0x3E, 0x07, 0x3F, 0xC6, 0x3E, 0x07, 0x3F, 0xC6,
  0x3E, 0x07, 0x3F, 0xC6, 0x3E, 0x07, 0x3F, 0xC6, 0x3E, 0x07, 0x3F, 0xC6,
  0x3E, 0x07, 0x3F, 0xC6, 0x3E, 0x07, 0x3F, 0xC6, 0x3E, 0x07, 0x3F, 0xC6,
  0x3E, 0x07, 0x3F, 0xC6, 0x3E, 0x07, 0x3F, 0xC6, 0x3E, 0x07, 0x3F, 0xC6,
  0x3E, 0x07, 0x3F, 0xC6, 0x3E, 0x07, 0x3F, 0xC6, 0x3E, 0x07, 0x3F, 0xC6,
  0x3E, 0x07, 0x3F, 0xC6, 0x3E, 0x07, 0x3F, 0xC6, 0x3E, 0x07, 0x3F, 0xC6,
  0x3E, 0x07, 0x3F, 0xC6, 0x3E, 0x07, 0x3F, 0xC6, 0x3E, 0x07, 0x3F, 0xC6,
  0x3E, 0x07, 0x3F, 0xC6, 0x3E, 0x07, 0x3F, 0xC6, 0x3E, 0x07, 0x3F, 0xC6,
  0x3E, 0x07, 0x3F, 0xC6, 0x3E, 0x07, 0x3F, 0xC6, 0x3E, 0x07, 0x3F, 0xC6,
  0x3E, 0x07, 0x3F, 0xC6, 0x3E, 0x07, 0x3F, 0xC6, 0x3E, 0x07, 0x3F, 0xC6,
  0x3E, 0x07, 0x3F, 0xC6, 0x3E, 0x07, 0x3F, 0xC6, 0x3E, 0x07, 0x3F, 0xC6,
  0x3E, 0x07, 0x3F, 0xC6, 0x3E, 0x07, 0x3F, 0xC6, 0x3E, 0x07, 0x3F, 0xC6,
  0x3E, 0x07, 0x3F, 0xC6, 0x3E, 0x07, 0x3F, 0x00, 0x00, 0x00, 0x00, 0x00,
  0x00, 0x00, 0x00, 0x00, 0x00, 0x00, 0x00, 0x00, 0x00, 0x00, 0x00, 0x00,
  0x1F, 0xC0, 0x00, 0x00, 0x1F, 0xF8, 0x00, 0x00, 0x18, 0x1C, 0x00, 0x00,
  0x18, 0x0E, 0x00, 0x00, 0x18, 0x06, 0x00, 0x00, 0x18, 0x03, 0x00, 0x00,
  0x18, 0x03, 0x00, 0x00, 0x18, 0x03, 0x00, 0x00, 0x18, 0x01, 0x00, 0x00,
  0x18, 0x01, 0x00, 0x00, 0x18, 0x03, 0x00, 0x00, 0x18, 0x03, 0x00, 0x00,
  0x18, 0x03, 0x00, 0x00, 0x18, 0x06, 0x00, 0x00, 0x18, 0x06, 0x00, 0x00,
  0x18, 0x1C, 0x00, 0x00, 0x1F, 0xF8, 0x00, 0x00, 0x1F, 0xE0, 0x00, 0xFC,
  0xE7, 0xE0, 0xE7, 0xFC, 0xE7, 0xE0, 0xE7, 0xFC, 0xE7, 0xE0, 0xE7, 0xFC,
  0xE7, 0xE0, 0xE7, 0xFC, 0xE7, 0xE0, 0xE7, 0xFC, 0xE7, 0xE0, 0xE7, 0xFC,
  0xE7, 0xE0, 0xE7, 0xFC, 0xE7, 0xE0, 0xE7, 0xFC, 0xE7, 0xE0, 0xE7, 0xFC,
  0xE7, 0xE0, 0xE7, 0xFC, 0xE7, 0xE0, 0xE7, 0xFC, 0xE7, 0xE0, 0xE7, 0xFC,
  0xE7, 0xE0, 0xE7, 0xFC, 0xE7, 0xE0, 0xE7, 0xFC, 0xE7, 0xE0, 0xE7, 0xFC,
  0xE7, 0xE0, 0xE7, 0xFC, 0xE7, 0xE0, 0xE7, 0xFC, 0xE7, 0xE0, 0xE7, 0xFC,
  0xE7, 0xE0, 0xE7, 0xFC, 0xE7, 0xE0, 0xE7, 0xFC, 0xE7, 0xE0, 0xE7, 0xFC,
  0xE7, 0xE0, 0xE7, 0xFC, 0xE7, 0xE0, 0xE7, 0xFC, 0xE7, 0xE0, 0xE7, 0xFC,
  0xE7, 0xE0, 0xE7, 0xFC, 0xE7, 0xE0, 0xE7, 0xFC, 0xE7, 0xE0, 0xE7, 0xFC,
  0xE7, 0xE0, 0xE7, 0xFC, 0xE7, 0xE0, 0xE7, 0xFC, 0xE7, 0xE0, 0xE7, 0xFC,
  0xE7, 0xE0, 0xE7, 0xFC, 0xE7, 0xE0, 0xE7, 0xFC, 0xE7, 0xE0, 0xE7, 0xFC,
  0xE7, 0xE0, 0xE7, 0xFC, 0xE7, 0xE0, 0xE7, 0xFC, 0xE7, 0xE0, 0xE7, 0xFC,
  0xE7, 0xE0, 0xE7, 0xFC, 0xE7, 0xE0, 0xE7, 0xFC, 0xE7, 0xE0, 0xE7, 0xFC,
  0xE7, 0xE0, 0xE7, 0xFC, 0xE7, 0xE0, 0xE7, 0xFC, 0xE7, 0xE0, 0xE7, 0xFC,
  0xE7, 0xE0, 0xE7, 0xFC, 0xE7, 0xE0, 0xE7, 0xFC, 0xE7, 0xE0, 0xE7, 0xFC,
  0xE7, 0xE0, 0xE7, 0x00, 0x00, 0x00, 0x00, 0x00, 0x00, 0x00, 0x00, 0x00,
  0x00, 0x00, 0x00, 0x00, 0x00, 0x00, 0x00, 0x00, 0x1F, 0xFE, 0x00, 0x00,
  0x1F, 0xFE, 0x00, 0x00, 0x18, 0x00, 0x00, 0x00, 0x18, 0x00, 0x00, 0x00,
  0x18, 0x00, 0x00, 0x00, 0x18, 0x00, 0x00, 0x00, 0x18, 0x00, 0x00, 0x00,
  0x18, 0x00, 0x00, 0x00, 0x1F, 0xFE, 0x00, 0x00, 0x1F, 0xFE, 0x00, 0x00,
  0x18, 0x00, 0x00, 0x00, 0x18, 0x00, 0x00, 0x00, 0x18, 0x00, 0x00, 0x00,
  0x18, 0x00, 0x00, 0x00, 0x18, 0x00, 0x00, 0x00, 0x18, 0x00, 0x00, 0x00,
  0x1F, 0xFE, 0x00, 0x00, 0x1F, 0xFE, 0x00, 0xC7, 0xE7, 0xE0, 0xE7, 0xC7,
  0xE7, 0xE0, 0xE7, 0xC7, 0xE7, 0xE0, 0xE7, 0xC7, 0xE7, 0xE0, 0xE7, 0xC7,
  0xE7, 0xE0, 0xE7, 0xC7, 0xE7, 0xE0, 0xE7, 0xC7, 0xE7, 0xE0, 0xE7, 0xC7,
  0xE7, 0xE0, 0xE7, 0xC7, 0xE7, 0xE0, 0xE7, 0xC7, 0xE7, 0xE0, 0xE7, 0xC7,
  0xE7, 0xE0, 0xE7, 0xC7, 0xE7, 0xE0, 0xE7, 0xC7, 0xE7, 0xE0, 0xE7, 0xC7,
  0xE7, 0xE0, 0xE7, 0xC7, 0xE7, 0xE0, 0xE7, 0xC7, 0xE7, 0xE0, 0xE7, 0xC7,
  0xE7, 0xE0, 0xE7, 0xC7, 0xE7, 0xE0, 0xE7, 0xC7, 0xE7, 0xE0, 0xE7, 0xC7,
  0xE7, 0xE0, 0xE7, 0xC7, 0xE7, 0xE0, 0xE7, 0xC7, 0xE7, 0xE0, 0xE7, 0xC7,
  0xE7, 0xE0, 0xE7, 0xC7, 0xE7, 0xE0, 0xE7, 0xC7, 0xE7, 0xE0, 0xE7, 0xC7,
  0xE7, 0xE0, 0xE7, 0xC7, 0xE7, 0xE0, 0xE7, 0xC7, 0xE7, 0xE0, 0xE7, 0xC7,
  0xE7, 0xE0, 0xE7, 0xC7, 0xE7, 0xE0, 0xE7, 0xC7, 0xE7, 0xE0, 0xE7, 0xC7,
  0xE7, 0xE0, 0xE7, 0xC7, 0xE7, 0xE0, 0xE7, 0xC7, 0xE7, 0xE0, 0xE7, 0xC7,
  0xE7, 0xE0, 0xE7, 0xC7, 0xE7, 0xE0, 0xE7, 0xC7, 0xE7, 0xE0, 0xE7, 0xC7,
  0xE7, 0xE0, 0xE7, 0xC7, 0xE7, 0xE0, 0xE7, 0xC7, 0xE7, 0xE0, 0xE7, 0xC7,
  0xE7, 0xE0, 0xE7, 0xC7, 0xE7, 0xE0, 0xE7, 0xC7, 0xE7, 0xE0, 0xE7, 0xC7,
  0xE7, 0xE0, 0xE7, 0xC7, 0xE7, 0xE0, 0xE7, 0xC7, 0xE7, 0xE0, 0xE7, 0x00,
  0x00, 0x00, 0x00, 0x00, 0x00, 0x00, 0x00, 0x00, 0x00, 0x00, 0x00, 0x00,
  0x00, 0x00, 0x00, 0x00, 0x1F, 0xFC, 0x00, 0x00, 0x1F, 0xFC, 0x00, 0x00,
  0x18, 0x00, 0x00, 0x00, 0x18, 0x00, 0x00, 0x00, 0x18, 0x00, 0x00, 0x00,
  0x18, 0x00, 0x00, 0x00, 0x18, 0x00, 0x00, 0x00, 0x18, 0x00, 0x00, 0x00,
  0x1F, 0xF0, 0x00, 0x00, 0x1F, 0xF0, 0x00, 0x00, 0x18, 0x00, 0x00, 0x00,
  0x18, 0x00, 0x00, 0x00, 0x18, 0x00, 0x00, 0x00, 0x18, 0x00, 0x00, 0x00,
  0x18, 0x00, 0x00, 0x00, 0x18, 0x00, 0x00, 0x00, 0x18, 0x00, 0x00, 0x00,
  0x18, 0x00, 0x00, 0xC6, 0x30, 0x3F, 0x3F, 0xC6, 0x30, 0x3F, 0x3F, 0xC6,
  0x30, 0x3F, 0x3F, 0xC6, 0x30, 0x3F, 0x3F, 0xC6, 0x30, 0x3F, 0x3F, 0xC6,
  0x30, 0x3F, 0x3F, 0xC6, 0x30, 0x3F, 0x3F, 0xC6, 0x30, 0x3F, 0x3F, 0xC6,
  0x30, 0x3F, 0x3F, 0xC6, 0x30, 0x3F, 0x3F, 0xC6, 0x30, 0x3F, 0x3F, 0xC6,
  0x30, 0x3F, 0x3F, 0xC6, 0x30, 0x3F, 0x3F, 0xC6, 0x30, 0x3F, 0x3F, 0xC6,
  0x30, 0x3F, 0x3F, 0xC6, 0x30, 0x3F, 0x3F, 0xC6, 0x30, 0x3F, 0x3F, 0xC6,
  0x30, 0x3F, 0x3F, 0xC6, 0x30, 0x3F, 0x3F, 0xC6, 0x30, 0x3F, 0x3F, 0xC6,
  0x30, 0x3F, 0x3F, 0xC6, 0x30, 0x3F, 0x3F, 0xC6, 0x30, 0x3F, 0x3F, 0xC6,
  0x30, 0x3F, 0x3F, 0xC6, 0x30, 0x3F, 0x3F, 0xC6, 0x30, 0x3F, 0x3F, 0xC6,
  0x30, 0x3F, 0x3F, 0xC6, 0x30, 0x3F, 0x3F, 0xC6, 0x30, 0x3F, 0x3F, 0xC6,
  0x30, 0x3F, 0x3F, 0xC6, 0x30, 0x3F, 0x3F, 0xC6, 0x30, 0x3F, 0x3F, 0xC6,
  0x30, 0x3F, 0x3F, 0xC6, 0x30, 0x3F, 0x3F, 0xC6, 0x30, 0x3F, 0x3F, 0xC6,
  0x30, 0x3F, 0x3F, 0xC6, 0x30, 0x3F, 0x3F, 0xC6, 0x30, 0x3F, 0x3F, 0xC6,
  0x30, 0x3F, 0x3F, 0xC6, 0x30, 0x3F, 0x3F, 0xC6, 0x30, 0x3F, 0x3F, 0xC6,
  0x30, 0x3F, 0x3F, 0xC6, 0x30, 0x3F, 0x3F, 0xC6, 0x30, 0x3F, 0x3F, 0xC6,
  0x30, 0x3F, 0x3F, 0xC6, 0x30, 0x3F, 0x3F, 0x00, 0x00, 0x00, 0x00, 0x00,
  0x00, 0x00, 0x00, 0x00, 0x00, 0x00, 0x00, 0x00, 0x00, 0x00, 0x00, 0x00,
  0x01, 0xF0, 0x00, 0x00, 0x07, 0xF8, 0x00, 0x00, 0x0C, 0x0E, 0x00, 0x00,
  0x18, 0x06, 0x00, 0x00, 0x30, 0x03, 0x00, 0x00, 0x20, 0x00, 0x00, 0x00,
  0x60, 0x00, 0x00, 0x00, 0x60, 0x00, 0x00, 0x00, 0x60, 0x00, 0x00, 0x00,
  0x60, 0x00, 0x00, 0x00, 0x60, 0x3F, 0x80, 0x00, 0x60, 0x01, 0x80, 0x00,
  0x20, 0x01, 0x00, 0x00, 0x30, 0x03, 0x00, 0x00, 0x38, 0x06, 0x00, 0x00,
  0x1C, 0x0E, 0x00, 0x00, 0x0F, 0xBC, 0x00, 0x00, 0x03, 0xF0, 0x00, 0xFC,
  0xE6, 0x07, 0xE7, 0xFC, 0xE6, 0x07, 0xE7, 0xFC, 0xE6, 0x07, 0xE7, 0xFC,
  0xE6, 0x07, 0xE7, 0xFC, 0xE6, 0x07, 0xE7, 0xFC, 0xE6, 0x07, 0xE7, 0xFC,
  0xE6, 0x07, 0xE7, 0xFC, 0xE6, 0x07, 0xE7, 0xFC, 0xE6, 0x07, 0xE7, 0xFC,
  0xE6, 0x07, 0xE7, 0xFC, 0xE6, 0x07, 0xE7, 0xFC, 0xE6, 0x07, 0xE7, 0xFC,
  0xE6, 0x07, 0xE7, 0xFC, 0xE6, 0x07, 0xE7, 0xFC, 0xE6, 0x07, 0xE7, 0xFC,
  0xE6, 0x07, 0xE7, 0xFC, 0xE6, 0x07, 0xE7, 0xFC, 0xE6, 0x07, 0xE7, 0xFC,
  0xE6, 0x07, 0xE7, 0xFC, 0xE6, 0x07, 0xE7, 0xFC, 0xE6, 0x07, 0xE7, 0xFC,
  0xE6, 0x07, 0xE7, 0xFC, 0xE6, 0x07, 0xE7, 0xFC, 0xE6, 0x07, 0xE7, 0xFC,
  0xE6, 0x07, 0xE7, 0xFC, 0xE6, 0x07, 0xE7, 0xFC, 0xE6, 0x07, 0xE7, 0xFC,
  0xE6, 0x07, 0xE7, 0xFC, 0xE6, 0x07, 0xE7, 0xFC, 0xE6, 0x07, 0xE7, 0xFC,
  0xE6, 0x07, 0xE7, 0xFC, 0xE6, 0x07, 0xE7, 0xFC, 0xE6, 0x07, 0xE7, 0xFC,
  0xE6, 0x07, 0xE7, 0xFC, 0xE6, 0x07, 0xE7, 0xFC, 0xE6, 0x07, 0xE7, 0xFC,
  0xE6, 0x07, 0xE7, 0xFC, 0xE6, 0x07, 0xE7, 0xFC, 0xE6, 0x07, 0xE7, 0xFC,
  0xE6, 0x07, 0xE7, 0xFC, 0xE6, 0x07, 0xE7, 0xFC, 0xE6, 0x07, 0xE7, 0xFC,
  0xE6, 0x07, 0xE7, 0xFC, 0xE6, 0x07, 0xE7, 0xFC, 0xE6, 0x07, 0xE7, 0xFC,
  0xE6, 0x07, 0xE7, 0x00, 0x00, 0x00, 0x00, 0x00, 0x00, 0x00, 0x00, 0x00,
  0x00, 0x00, 0x00, 0x00, 0x00, 0x00, 0x00, 0x00, 0x18, 0x06, 0x00, 0x00,
  0x18, 0x06, 0x00, 0x00, 0x18, 0x06, 0x00, 0x00, 0x18, 0x06, 0x00, 0x00,
  0x18, 0x06, 0x00, 0x00, 0x18, 0x06, 0x00, 0x00, 0x18, 0x06, 0x00, 0x00,
  0x18, 0x06, 0x00, 0x00, 0x1F, 0xFE, 0x00, 0x00, 0x1F, 0xFE, 0x00, 0x00,
  0x18, 0x06, 0x00, 0x00, 0x18, 0x06, 0x00, 0x00, 0x18, 0x06, 0x00, 0x00,
  0x18, 0x06, 0x00, 0x00, 0x18, 0x06, 0x00, 0x00, 0x18, 0x06, 0x00, 0x00,
  0x18, 0x06, 0x00, 0x00, 0x18, 0x06, 0x00, 0xC7, 0xE6, 0x07, 0xE7, 0xC7,
  0xE6, 0x07, 0xE7, 0xC7, 0xE6, 0x07, 0xE7, 0xC7, 0xE6, 0x07, 0xE7, 0xC7,
  0xE6, 0x07, 0xE7, 0xC7, 0xE6, 0x07, 0xE7, 0xC7, 0xE6, 0x07, 0xE7, 0xC7,
  0xE6, 0x07, 0xE7, 0xC7, 0xE6, 0x07, 0xE7, 0xC7, 0xE6, 0x07, 0xE7, 0xC7,
  0xE6, 0x07, 0xE7, 0xC7, 0xE6, 0x07, 0xE7, 0xC7, 0xE6, 0x07, 0xE7, 0xC7,
  0xE6, 0x07, 0xE7, 0xC7, 0xE6, 0x07, 0xE7, 0xC7, 0xE6, 0x07, 0xE7, 0xC7,
  0xE6, 0x07, 0xE7, 0xC7, 0xE6, 0x07, 0xE7, 0xC7, 0xE6, 0x07, 0xE7, 0xC7,
  0xE6, 0x07, 0xE7, 0xC7, 0xE6, 0x07, 0xE7, 0xC7, 0xE6, 0x07, 0xE7, 0xC7,
  0xE6, 0x07, 0xE7, 0xC7, 0xE6, 0x07, 0xE7, 0xC7, 0xE6, 0x07, 0xE7, 0xC7,
  0xE6, 0x07, 0xE7, 0xC7, 0xE6, 0x07, 0xE7, 0xC7, 0xE6, 0x07, 0xE7, 0xC7,
  0xE6, 0x07, 0xE7, 0xC7, 0xE6, 0x07, 0xE7, 0xC7, 0xE6, 0x07, 0xE7, 0xC7,
  0xE6, 0x07, 0xE7, 0xC7, 0xE6, 0x07, 0xE7, 0xC7, 0xE6, 0x07, 0xE7, 0xC7,
  0xE6, 0x07, 0xE7, 0xC7, 0xE6, 0x07, 0xE7, 0xC7, 0xE6, 0x07, 0xE7, 0xC7,
  0xE6, 0x07, 0xE7, 0xC7, 0xE6, 0x07, 0xE7, 0xC7, 0xE6, 0x07, 0xE7, 0xC7,
  0xE6, 0x07, 0xE7, 0xC7, 0xE6, 0x07, 0xE7, 0xC7, 0xE6, 0x07, 0xE7, 0xC7,
  0xE6, 0x07, 0xE7, 0xC7, 0xE6, 0x07, 0xE7, 0xC7, 0xE6, 0x07, 0xE7, 0x00,
  0x00, 0x00, 0x00, 0x00, 0x00, 0x00, 0x00, 0x00, 0x00, 0x00, 0x00, 0x00,
  0x00, 0x00, 0x00, 0x00, 0x00, 0xC0, 0x00, 0x00, 0x00, 0xC0, 0x00, 0x00,
  0x00, 0xC0, 0x00, 0x00, 0x00, 0xC0, 0x00, 0x00, 0x00, 0xC0, 0x00, 0x00,
  0x00, 0xC0, 0x00, 0x00, 0x00, 0xC0, 0x00, 0x00, 0x00, 0xC0, 0x00, 0x00,
  0x00, 0xC0, 0x00, 0x00, 0x00, 0xC0, 0x00, 0x00, 0x00, 0xC0, 0x00, 0x00,
  0x00, 0xC0, 0x00, 0x00, 0x00, 0xC0, 0x00, 0x00, 0x00, 0xC0, 0x00, 0x00,
  0x00, 0xC0, 0x00, 0x00, 0x00, 0xC0, 0x00, 0x00, 0x00, 0xC0, 0x00, 0x00,
  0x00, 0xC0, 0x00, 0xC6, 0x3E, 0x07, 0xE7, 0xC6, 0x3E, 0x07, 0xE7, 0xC6,
  0x3E, 0x07, 0xE7, 0xC6, 0x3E, 0x07, 0xE7, 0xC6, 0x3E, 0x07, 0xE7, 0xC6,
  0x3E, 0x07, 0xE7, 0xC6, 0x3E, 0x07, 0xE7, 0xC6, 0x3E, 0x07, 0xE7, 0xC6,
  0x3E, 0x07, 0xE7, 0xC6, 0x3E, 0x07, 0xE7, 0xC6, 0x3E, 0x07, 0xE7, 0xC6,
  0x3E, 0x07, 0xE7, 0xC6, 0x3E, 0x07, 0xE7, 0xC6, 0x3E, 0x07, 0xE7, 0xC6,
  0x3E, 0x07, 0xE7, 0xC6, 0x3E, 0x07, 0xE7, 0xC6, 0x3E, 0x07, 0xE7, 0xC6,
  0x3E, 0x07, 0xE7, 0xC6, 0x3E, 0x07, 0xE7, 0xC6, 0x3E, 0x07, 0xE7, 0xC6,
  0x3E, 0x07, 0xE7, 0xC6, 0x3E, 0x07, 0xE7, 0xC6, 0x3E, 0x07, 0xE7, 0xC6,
  0x3E, 0x07, 0xE7, 0xC6, 0x3E, 0x07, 0xE7, 0xC6, 0x3E, 0x07, 0xE7, 0xC6,
  0x3E, 0x07, 0xE7, 0xC6, 0x3E, 0x07, 0xE7, 0xC6, 0x3E, 0x07, 0xE7, 0xC6,
  0x3E, 0x07, 0xE7, 0xC6, 0x3E, 0x07, 0xE7, 0xC6, 0x3E, 0x07, 0xE7, 0xC6,
  0x3E, 0x07, 0xE7, 0xC6, 0x3E, 0x07, 0xE7, 0xC6, 0x3E, 0x07, 0xE7, 0xC6,
  0x3E, 0x07, 0xE7, 0xC6, 0x3E, 0x07, 0xE7, 0xC6, 0x3E, 0x07, 0xE7, 0xC6,
  0x3E, 0x07, 0xE7, 0xC6, 0x3E, 0x07, 0xE7, 0xC6, 0x3E, 0x07, 0xE7, 0xC6,
  0x3E, 0x07, 0xE7, 0xC6, 0x3E, 0x07, 0xE7, 0xC6, 0x3E, 0x07, 0xE7, 0xC6,
  0x3E, 0x07, 0xE7, 0xC6, 0x3E, 0x07, 0xE7, 0x00, 0x00, 0x00, 0x00, 0x00,
  0x00, 0x00, 0x00, 0x00, 0x00, 0x00, 0x00, 0x00, 0x00, 0x00, 0x00, 0x00,
  0x00, 0x06, 0x00, 0x00, 0x00, 0x06, 0x00, 0x00, 0x00, 0x06, 0x00, 0x00,
  0x00, 0x06, 0x00, 0x00, 0x00, 0x06, 0x00, 0x00, 0x00, 0x06, 0x00, 0x00,
  0x00, 0x06, 0x00, 0x00, 0x00, 0x06, 0x00, 0x00, 0x00, 0x06, 0x00, 0x00,
  0x00, 0x06, 0x00, 0x00, 0x00, 0x06, 0x00, 0x00, 0x00, 0x06, 0x00, 0x00,
  0x00, 0x06, 0x00, 0x00, 0x00, 0x06, 0x00, 0x00, 0x18, 0x0C, 0x00, 0x00,
  0x18, 0x0C, 0x00, 0x00, 0x0F, 0xFC, 0x00, 0x00, 0x07, 0xF0, 0x00, 0xFC,
  0xE6, 0x30, 0x3F, 0xFC, 0xE6, 0x30, 0x3F, 0xFC, 0xE6, 0x30, 0x3F, 0xFC,
  0xE6, 0x30, 0x3F, 0xFC, 0xE6, 0x30, 0x3F, 0xFC, 0xE6, 0x30, 0x3F, 0xFC,
  0xE6, 0x30, 0x3F, 0xFC, 0xE6, 0x30, 0x3F, 0xFC, 0xE6, 0x30, 0x3F, 0xFC,
  0xE6, 0x30, 0x3F, 0xFC, 0xE6, 0x30, 0x3F, 0xFC, 0xE6, 0x30, 0x3F, 0xFC,
  0xE6, 0x30, 0x3F, 0xFC, 0xE6, 0x30, 0x3F, 0xFC, 0xE6, 0x30, 0x3F, 0xFC,
  0xE6, 0x30, 0x3F, 0xFC, 0xE6, 0x30, 0x3F, 0xFC, 0xE6, 0x30, 0x3F, 0xFC,
  0xE6, 0x30, 0x3F, 0xFC, 0xE6, 0x30, 0x3F, 0xFC, 0xE6, 0x30, 0x3F, 0xFC,
  0xE6, 0x30, 0x3F, 0xFC, 0xE6, 0x30, 0x3F, 0xFC, 0xE6, 0x30, 0x3F, 0xFC,
  0xE6, 0x30, 0x3F, 0xFC, 0xE6, 0x30, 0x3F, 0xFC, 0xE6, 0x30, 0x3F, 0xFC,
  0xE6, 0x30, 0x3F, 0xFC, 0xE6, 0x30, 0x3F, 0xFC, 0xE6, 0x30, 0x3F, 0xFC,
  0xE6, 0x30, 0x3F, 0xFC, 0xE6, 0x30, 0x3F, 0xFC, 0xE6, 0x30, 0x3F, 0xFC,
  0xE6, 0x30, 0x3F, 0xFC, 0xE6, 0x30, 0x3F, 0xFC, 0xE6, 0x30, 0x3F, 0xFC,
  0xE6, 0x30, 0x3F, 0xFC, 0xE6, 0x30, 0x3F, 0xFC, 0xE6, 0x30, 0x3F, 0xFC,
  0xE6, 0x30, 0x3F, 0xFC, 0xE6, 0x30, 0x3F, 0xFC, 0xE6, 0x30, 0x3F, 0xFC,
  0xE6, 0x30, 0x3F, 0xFC, 0xE6, 0x30, 0x3F, 0xFC, 0xE6, 0x30, 0x3F, 0xFC,
  0xE6, 0x30, 0x3F, 0x00, 0x00, 0x00, 0x00, 0x00, 0x00, 0x00, 0x00, 0x00,
  0x00, 0x00, 0x00, 0x00, 0x00, 0x00, 0x00, 0x00, 0x18, 0x06, 0x00, 0x00,
  0x18, 0x0C, 0x00, 0x00, 0x18, 0x18, 0x00, 0x00, 0x18, 0x30, 0x00, 0x00,
  0x18, 0x60, 0x00, 0x00, 0x18, 0x60, 0x00, 0x00, 0x18, 0xC0, 0x00, 0x00,
  0x19, 0x80, 0x00, 0x00, 0x1B, 0x00, 0x00, 0x00, 0x1F, 0x00, 0x00, 0x00,
  0x1D, 0x80, 0x00, 0x00, 0x1C, 0xC0, 0x00, 0x00, 0x18, 0x60, 0x00, 0x00,
  0x18, 0x70, 0x00, 0x00, 0x18, 0x30, 0x00, 0x00, 0x18, 0x18, 0x00, 0x00,
  0x18, 0x0C, 0x00, 0x00, 0x18, 0x0E, 0x00, 0xC7, 0xE6, 0x30, 0x3F, 0xC7,
  0xE6, 0x30, 0x3F, 0xC7, 0xE6, 0x30, 0x3F, 0xC7, 0xE6, 0x30, 0x3F, 0xC7,
  0xE6, 0x30, 0x3F, 0xC7, 0xE6, 0x30, 0x3F, 0xC7, 0xE6, 0x30, 0x3F, 0xC7,
  0xE6, 0x30, 0x3F, 0xC7, 0xE6, 0x30, 0x3F, 0xC7, 0xE6, 0x30, 0x3F, 0xC7,
  0xE6, 0x30, 0x3F, 0xC7, 0xE6, 0x30, 0x3F, 0xC7, 0xE6, 0x30, 0x3F, 0xC7,
  0xE6, 0x30, 0x3F, 0xC7, 0xE6, 0x30, 0x3F, 0xC7, 0xE6, 0x30, 0x3F, 0xC7,
  0xE6, 0x30, 0x3F, 0xC7, 0xE6, 0x30, 0x3F, 0xC7, 0xE6, 0x30, 0x3F, 0xC7,
  0xE6, 0x30, 0x3F, 0xC7, 0xE6, 0x30, 0x3F, 0xC7, 0xE6, 0x30, 0x3F, 0xC7,
  0xE6, 0x30, 0x3F, 0xC7, 0xE6, 0x30, 0x3F, 0xC7, 0xE6, 0x30, 0x3F, 0xC7,
  0xE6, 0x30, 0x3F, 0xC7, 0xE6, 0x30, 0x3F, 0xC7, 0xE6, 0x30, 0x3F, 0xC7,
  0xE6, 0x30, 0x3F, 0xC7, 0xE6, 0x30, 0x3F, 0xC7, 0xE6, 0x30, 0x3F, 0xC7,
  0xE6, 0x30, 0x3F, 0xC7, 0xE6, 0x30, 0x3F, 0xC7, 0xE6, 0x30, 0x3F, 0xC7,
  0xE6, 0x30, 0x3F, 0xC7, 0xE6, 0x30, 0x3F, 0xC7, 0xE6, 0x30, 0x3F, 0xC7,
  0xE6, 0x30, 0x3F, 0xC7, 0xE6, 0x30, 0x3F, 0xC7, 0xE6, 0x30, 0x3F, 0xC7,
  0xE6, 0x30, 0x3F, 0xC7, 0xE6, 0x30, 0x3F, 0xC7, 0xE6, 0x30, 0x3F, 0xC7,
  0xE6, 0x30, 0x3F, 0xC7, 0xE6, 0x30, 0x3F, 0xC7, 0xE6, 0x30, 0x3F, 0x00,
  0x00, 0x00, 0x00, 0x00, 0x00, 0x00, 0x00, 0x00, 0x00, 0x00, 0x00, 0x00,
  0x00, 0x00, 0x00, 0x00, 0x18, 0x00, 0x00, 0x00, 0x18, 0x00, 0x00, 0x00,
  0x18, 0x00, 0x00, 0x00, 0x18, 0x00, 0x00, 0x00, 0x18, 0x00, 0x00, 0x00,
  0x18, 0x00, 0x00, 0x00, 0x18, 0x00, 0x00, 0x00, 0x18, 0x00, 0x00, 0x00,
  0x18, 0x00, 0x00, 0x00, 0x18, 0x00, 0x00, 0x00, 0x18, 0x00, 0x00, 0x00,
  0x18, 0x00, 0x00, 0x00, 0x18, 0x00, 0x00, 0x00, 0x18, 0x00, 0x00, 0x00,
  0x18, 0x00, 0x00, 0x00, 0x18, 0x00, 0x00, 0x00, 0x1F, 0xFE, 0x00, 0x00,
  0x1F, 0xFE, 0x00, 0xFC, 0xFC, 0xE7, 0x07, 0xFC, 0xFC, 0xE7, 0x07, 0xFC,
  0xFC, 0xE7, 0x07, 0xFC, 0xFC, 0xE7, 0x07, 0xFC, 0xFC, 0xE7, 0x07, 0xFC,
  0xFC, 0xE7, 0x07, 0xFC, 0xFC, 0xE7, 0x07, 0xFC, 0xFC, 0xE7, 0x07, 0xFC,
  0xFC, 0xE7, 0x07, 0xFC, 0xFC, 0xE7, 0x07, 0xFC, 0xFC, 0xE7, 0x07, 0xFC,
  0xFC, 0xE7, 0x07, 0xFC, 0xFC, 0xE7, 0x07, 0xFC, 0xFC, 0xE7, 0x07, 0xFC,
  0xFC, 0xE7, 0x07, 0xFC, 0xFC, 0xE7, 0x07, 0xFC, 0xFC, 0xE7, 0x07, 0xFC,
  0xFC, 0xE7, 0x07, 0xFC, 0xFC, 0xE7, 0x07, 0xFC, 0xFC, 0xE7, 0x07, 0xFC,
  0xFC, 0xE7, 0x07, 0xFC, 0xFC, 0xE7, 0x07, 0xFC, 0xFC, 0xE7, 0x07, 0xFC,
  0xFC, 0xE7, 0x07, 0xFC, 0xFC, 0xE7, 0x07, 0xFC, 0xFC, 0xE7, 0x07, 0xFC,
  0xFC, 0xE7, 0x07, 0xFC, 0xFC, 0xE7, 0x07, 0xFC, 0xFC, 0xE7, 0x07, 0xFC,
  0xFC, 0xE7, 0x07, 0xFC, 0xFC, 0xE7, 0x07, 0xFC, 0xFC, 0xE7, 0x07, 0xFC,
  0xFC, 0xE7, 0x07, 0xFC, 0xFC, 0xE7, 0x07, 0xFC, 0xFC, 0xE7, 0x07, 0xFC,
  0xFC, 0xE7, 0x07, 0xFC, 0xFC, 0xE7, 0x07, 0xFC, 0xFC, 0xE7, 0x07, 0xFC,
  0xFC, 0xE7, 0x07, 0xFC, 0xFC, 0xE7, 0x07, 0xFC, 0xFC, 0xE7, 0x07, 0xFC,
  0xFC, 0xE7, 0x07, 0xFC, 0xFC, 0xE7, 0x07, 0xFC, 0xFC, 0xE7, 0x07, 0xFC,
  0xFC, 0xE7, 0x07, 0xFC, 0xFC, 0xE7, 0x07, 0x00, 0x00, 0x00, 0x00, 0x00,
  0x00, 0x00, 0x00, 0x00, 0x00, 0x00, 0x00, 0x00, 0x00, 0x00, 0x00, 0x00,
  0x1C, 0x1E, 0x00, 0x00, 0x1C, 0x1E, 0x00, 0x00, 0x1E, 0x1E, 0x00, 0x00,
  0x1E, 0x16, 0x00, 0x00, 0x1E, 0x36, 0x00, 0x00, 0x1A, 0x36, 0x00, 0x00,
  0x1B, 0x36, 0x00, 0x00, 0x1B, 0x26, 0x00, 0x00, 0x19, 0x66, 0x00, 0x00,
  0x19, 0xE6, 0x00, 0x00, 0x19, 0xC6, 0x00, 0x00, 0x19, 0xC6, 0x00, 0x00,
  0x18, 0xC6, 0x00, 0x00, 0x18, 0x06, 0x00, 0x00, 0x18, 0x06, 0x00, 0x00,
  0x18, 0x06, 0x00, 0x00, 0x18, 0x06, 0x00, 0x00, 0x18, 0x06, 0x00, 0xC6,
  0x3E, 0x30, 0x3F, 0xC6, 0x3E, 0x30, 0x3F, 0xC6, 0x3E, 0x30, 0x3F, 0xC6,
  0x3E, 0x30, 0x3F, 0xC6, 0x3E, 0x30, 0x3F, 0xC6, 0x3E, 0x30, 0x3F, 0xC6,
  0x3E, 0x30, 0x3F, 0xC6, 0x3E, 0x30, 0x3F, 0xC6, 0x3E, 0x30, 0x3F, 0xC6,
  0x3E, 0x30, 0x3F, 0xC6, 0x3E, 0x30, 0x3F, 0xC6, 0x3E, 0x30, 0x3F, 0xC6,
  0x3E, 0x30, 0x3F, 0xC6, 0x3E, 0x30, 0x3F, 0xC6, 0x3E, 0x30, 0x3F, 0xC6,
  0x3E, 0x30, 0x3F, 0xC6, 0x3E, 0x30, 0x3F, 0xC6, 0x3E, 0x30, 0x3F, 0xC6,
  0x3E, 0x30, 0x3F, 0xC6, 0x3E, 0x30, 0x3F, 0xC6, 0x3E, 0x30, 0x3F, 0xC6,
  0x3E, 0x30, 0x3F, 0xC6, 0x3E, 0x30, 0x3F, 0xC6, 0x3E, 0x30, 0x3F, 0xC6,
  0x3E, 0x30, 0x3F, 0xC6, 0x3E, 0x30, 0x3F, 0xC6, 0x3E, 0x30, 0x3F, 0xC6,
  0x3E, 0x30, 0x3F, 0xC6, 0x3E, 0x30, 0x3F, 0xC6, 0x3E, 0x30, 0x3F, 0xC6,
  0x3E, 0x30, 0x3F, 0xC6, 0x3E, 0x30, 0x3F, 0xC6, 0x3E, 0x30, 0x3F, 0xC6,
  0x3E, 0x30, 0x3F, 0xC6, 0x3E, 0x30, 0x3F, 0xC6, 0x3E, 0x30, 0x3F, 0xC6,
  0x3E, 0x30, 0x3F, 0xC6, 0x3E, 0x30, 0x3F, 0xC6, 0x3E, 0x30, 0x3F, 0xC6,
  0x3E, 0x30, 0x3F, 0xC6, 0x3E, 0x30, 0x3F, 0xC6, 0x3E, 0x30, 0x3F, 0xC6,
  0x3E, 0x30, 0x3F, 0xC6, 0x3E, 0x30, 0x3F, 0xC6, 0x3E, 0x30, 0x3F, 0xC6,
  0x3E, 0x30, 0x3F, 0x00, 0x00, 0x00, 0x00, 0x00, 0x00, 0x00, 0x00, 0x00,
  0x00, 0x00, 0x00, 0x00, 0x00, 0x00, 0x00, 0x00, 0x18, 0x06, 0x00, 0x00,
  0x1C, 0x06, 0x00, 0x00, 0x1C, 0x06, 0x00, 0x00, 0x1E, 0x06, 0x00, 0x00,
  0x1A, 0x06, 0x00, 0x00, 0x1B, 0x06, 0x00, 0x00, 0x19, 0x06, 0x00, 0x00,
  0x19, 0x86, 0x00, 0x00, 0x18, 0x86, 0x00, 0x00, 0x18, 0xC6, 0x00, 0x00,
  0x18, 0x46, 0x00, 0x00, 0x18, 0x66, 0x00, 0x00, 0x18, 0x26, 0x00, 0x00,
  0x18, 0x36, 0x00, 0x00, 0x18, 0x16, 0x00, 0x00, 0x18, 0x1E, 0x00, 0x00,
  0x18, 0x0E, 0x00, 0x00, 0x18, 0x0E, 0x00, 0xFC, 0xE7, 0xE7, 0x07, 0xFC,
  0xE7, 0xE7, 0x07, 0xFC, 0xE7, 0xE7, 0x07, 0xFC, 0xE7, 0xE7, 0x07, 0xFC,
  0xE7, 0xE7, 0x07, 0xFC, 0xE7, 0xE7, 0x07, 0xFC, 0xE7, 0xE7, 0x07, 0xFC,
  0xE7, 0xE7, 0x07, 0xFC, 0xE7, 0xE7, 0x07, 0xFC, 0xE7, 0xE7, 0x07, 0xFC,
  0xE7, 0xE7, 0x07, 0xFC, 0xE7, 0xE7, 0x07, 0xFC, 0xE7, 0xE7, 0x07, 0xFC,
  0xE7, 0xE7, 0x07, 0xFC, 0xE7, 0xE7, 0x07, 0xFC, 0xE7, 0xE7, 0x07, 0xFC,
  0xE7, 0xE7, 0x07, 0xFC, 0xE7, 0xE7, 0x07, 0xFC, 0xE7, 0xE7, 0x07, 0xFC,
  0xE7, 0xE7, 0x07, 0xFC, 0xE7, 0xE7, 0x07, 0xFC, 0xE7, 0xE7, 0x07, 0xFC,
  0xE7, 0xE7, 0x07, 0xFC, 0xE7, 0xE7, 0x07, 0xFC, 0xE7, 0xE7, 0x07, 0xFC,
  0xE7, 0xE7, 0x07, 0xFC, 0xE7, 0xE7, 0x07, 0xFC, 0xE7, 0xE7, 0x07, 0xFC,
  0xE7, 0xE7, 0x07, 0xFC, 0xE7, 0xE7, 0x07, 0xFC, 0xE7, 0xE7, 0x07, 0xFC,
  0xE7, 0xE7, 0x07, 0xFC, 0xE7, 0xE7, 0x07, 0xFC, 0xE7, 0xE7, 0x07, 0xFC,
  0xE7, 0xE7, 0x07, 0xFC, 0xE7, 0xE7, 0x07, 0xFC, 0xE7, 0xE7, 0x07, 0xFC,
  0xE7, 0xE7, 0x07, 0xFC, 0xE7, 0xE7, 0x07, 0xFC, 0xE7, 0xE7, 0x07, 0xFC,
  0xE7, 0xE7, 0x07, 0xFC, 0xE7, 0xE7, 0x07, 0xFC, 0xE7, 0xE7, 0x07, 0xFC,
  0xE7, 0xE7, 0x07, 0xFC, 0xE7, 0xE7, 0x07, 0xFC, 0xE7, 0xE7, 0x07, 0x00,
  0x00, 0x00, 0x00, 0x00, 0x00, 0x00, 0x00, 0x00, 0x00, 0x00, 0x00, 0x00,
  0x00, 0x00, 0x00, 0x00, 0x01, 0xE0, 0x00, 0x00, 0x07, 0xF0, 0x00, 0x00,
  0x0C, 0x18, 0x00, 0x00, 0x18, 0x0C, 0x00, 0x00, 0x18, 0x06, 0x00, 0x00,
  0x30, 0x06, 0x00, 0x00, 0x30, 0x02, 0x00, 0x00, 0x30, 0x02, 0x00, 0x00,
  0x20, 0x03, 0x00, 0x00, 0x20, 0x03, 0x00, 0x00, 0x30, 0x02, 0x00, 0x00,
  0x30, 0x02, 0x00, 0x00, 0x30, 0x06, 0x00, 0x00, 0x10, 0x06, 0x00, 0x00,
  0x18, 0x0C, 0x00, 0x00, 0x0C, 0x18, 0x00, 0x00, 0x07, 0xF0, 0x00, 0x00,
  0x03, 0xE0, 0x00, 0xC7, 0xE7, 0xE7, 0x07, 0xC7, 0xE7, 0xE7, 0x07, 0xC7,
  0xE7, 0xE7, 0x07, 0xC7, 0xE7, 0xE7, 0x07, 0xC7, 0xE7, 0xE7, 0x07, 0xC7,
  0xE7, 0xE7, 0x07, 0xC7, 0xE7, 0xE7, 0x07, 0xC7, 0xE7, 0xE7, 0x07, 0xC7,
  0xE7, 0xE7, 0x07, 0xC7, 0xE7, 0xE7, 0x07, 0xC7, 0xE7, 0xE7, 0x07, 0xC7,
  0xE7, 0xE7, 0x07, 0xC7, 0xE7, 0xE7, 0x07, 0xC7, 0xE7, 0xE7, 0x07, 0xC7,
  0xE7, 0xE7, 0x07, 0xC7, 0xE7, 0xE7, 0x07, 0xC7, 0xE7, 0xE7, 0x07, 0xC7,
  0xE7, 0xE7, 0x07, 0xC7, 0xE7, 0xE7, 0x07, 0xC7, 0xE7, 0xE7, 0x07, 0xC7,
  0xE7, 0xE7, 0x07, 0xC7, 0xE7, 0xE7, 0x07, 0xC7, 0xE7, 0xE7, 0x07, 0xC7,
  0xE7, 0xE7, 0x07, 0xC7, 0xE7, 0xE7, 0x07, 0xC7, 0xE7, 0xE7, 0x07, 0xC7,
  0xE7, 0xE7, 0x07, 0xC7, 0xE7, 0xE7, 0x07, 0xC7, 0xE7, 0xE7, 0x07, 0xC7,
  0xE7, 0xE7, 0x07, 0xC7, 0xE7, 0xE7, 0x07, 0xC7, 0xE7, 0xE7, 0x07, 0xC7,
  0xE7, 0xE7, 0x07, 0xC7, 0xE7, 0xE7, 0x07, 0xC7, 0xE7, 0xE7, 0x07, 0xC7,
  0xE7, 0xE7, 0x07, 0xC7, 0xE7, 0xE7, 0x07, 0xC7, 0xE7, 0xE7, 0x07, 0xC7,
  0xE7, 0xE7, 0x07, 0xC7, 0xE7, 0xE7, 0x07, 0xC7, 0xE7, 0xE7, 0x07, 0xC7,
  0xE7, 0xE7, 0x07, 0xC7, 0xE7, 0xE7, 0x07, 0xC7, 0xE7, 0xE7, 0x07, 0xC7,
  0xE7, 0xE7, 0x07, 0xC7, 0xE7, 0xE7, 0x07, 0x00, 0x00, 0x00, 0x00, 0x00,
  0x00, 0x00, 0x00, 0x00, 0x00, 0x00, 0x00, 0x00, 0x00, 0x00, 0x00, 0x00,
  0x1F, 0xE0, 0x00, 0x00, 0x1F, 0xF8, 0x00, 0x00, 0x18, 0x1C, 0x00, 0x00,
  0x18, 0x0C, 0x00, 0x00, 0x18, 0x06, 0x00, 0x00, 0x18, 0x06, 0x00, 0x00,
  0x18, 0x0C, 0x00, 0x00, 0x18, 0x0C, 0x00, 0x00, 0x18, 0x38, 0x00, 0x00,
  0x1F, 0xF0, 0x00, 0x00, 0x18, 0x00, 0x00, 0x00, 0x18, 0x00, 0x00, 0x00,
  0x18, 0x00, 0x00, 0x00, 0x18, 0x00, 0x00, 0x00, 0x18, 0x00, 0x00, 0x00,
  0x18, 0x00, 0x00, 0x00, 0x18, 0x00, 0x00, 0x00, 0x18, 0x00, 0x00, 0xC6,
  0x31, 0xF0, 0x3F, 0xC6, 0x31, 0xF0, 0x3F, 0xC6, 0x31, 0xF0, 0x3F, 0xC6,
  0x31, 0xF0, 0x3F, 0xC6, 0x31, 0xF0, 0x3F, 0xC6, 0x31, 0xF0, 0x3F, 0xC6,
  0x31, 0xF0, 0x3F, 0xC6, 0x31, 0xF0, 0x3F, 0xC6, 0x31, 0xF0, 0x3F, 0xC6,
  0x31, 0xF0, 0x3F, 0xC6, 0x31, 0xF0, 0x3F, 0xC6, 0x31, 0xF0, 0x3F, 0xC6,
  0x31, 0xF0, 0x3F, 0xC6, 0x31, 0xF0, 0x3F, 0xC6, 0x31, 0xF0, 0x3F, 0xC6,
  0x31, 0xF0, 0x3F, 0xC6, 0x31, 0xF0, 0x3F, 0xC6, 0x31, 0xF0, 0x3F, 0xC6,
  0x31, 0xF0, 0x3F, 0xC6, 0x31, 0xF0, 0x3F, 0xC6, 0x31, 0xF0, 0x3F, 0xC6,
  0x31, 0xF0, 0x3F, 0xC6, 0x31, 0xF0, 0x3F, 0xC6, 0x31, 0xF0, 0x3F, 0xC6,
  0x31, 0xF0, 0x3F, 0xC6, 0x31, 0xF0, 0x3F, 0xC6, 0x31, 0xF0, 0x3F, 0xC6,
  0x31, 0xF0, 0x3F, 0xC6, 0x31, 0xF0, 0x3F, 0xC6, 0x31, 0xF0, 0x3F, 0xC6,
  0x31, 0xF0, 0x3F, 0xC6, 0x31, 0xF0, 0x3F, 0xC6, 0x31, 0xF0, 0x3F, 0xC6,
  0x31, 0xF0, 0x3F, 0xC6, 0x31, 0xF0, 0x3F, 0xC6, 0x31, 0xF0, 0x3F, 0xC6,
  0x31, 0xF0, 0x3F, 0xC6, 0x31, 0xF0, 0x3F, 0xC6, 0x31, 0xF0, 0x3F, 0xC6,
  0x31, 0xF0, 0x3F, 0xC6, 0x31, 0xF0, 0x3F, 0xC6, 0x31, 0xF0, 0x3F, 0xC6,
  0x31, 0xF0, 0x3F, 0xC6, 0x31, 0xF0, 0x3F, 0xC6, 0x31, 0xF0, 0x3F, 0xC6,
  0x31, 0xF0, 0x3F, 0x00, 0x00, 0x00, 0x00, 0x00, 0x00, 0x00, 0x00, 0x00,
  0x00, 0x00, 0x00, 0x00, 0x00, 0x00, 0x00, 0x00, 0x01, 0xE0, 0x00, 0x00,
  0x07, 0xF8, 0x00, 0x00, 0x0C, 0x1C, 0x00, 0x00, 0x18, 0x06, 0x00, 0x00,
  0x30, 0x06, 0x00, 0x00, 0x30, 0x03, 0x00, 0x00, 0x20, 0x03, 0x00, 0x00,
  0x60, 0x01, 0x00, 0x00, 0x60, 0x01, 0x00, 0x00, 0x60, 0x01, 0x00, 0x00,
  0x60, 0x01, 0x00, 0x00, 0x20, 0x43, 0x00, 0x00, 0x20, 0x63, 0x00, 0x00,
  0x30, 0x72, 0x00, 0x00, 0x18, 0x3E, 0x00, 0x00, 0x1C, 0x1C, 0x00, 0x00,
  0x0F, 0x3F, 0x00, 0x00, 0x03, 0xF3, 0x00, 0xFC, 0xE6, 0x3F, 0x07, 0xFC,
  0xE6, 0x3F, 0x07, 0xFC, 0xE6, 0x3F, 0x07, 0xFC, 0xE6, 0x3F, 0x07, 0xFC,
  0xE6, 0x3F, 0x07, 0xFC, 0xE6, 0x3F, 0x07, 0xFC, 0xE6, 0x3F, 0x07, 0xFC,
  0xE6, 0x3F, 0x07, 0xFC, 0xE6, 0x3F, 0x07, 0xFC, 0xE6, 0x3F, 0x07, 0xFC,
  0xE6, 0x3F, 0x07, 0xFC, 0xE6, 0x3F, 0x07, 0xFC, 0xE6, 0x3F, 0x07, 0xFC,
  0xE6, 0x3F, 0x07, 0xFC, 0xE6, 0x3F, 0x07, 0xFC, 0xE6, 0x3F, 0x07, 0xFC,
  0xE6, 0x3F, 0x07, 0xFC, 0xE6, 0x3F, 0x07, 0xFC, 0xE6, 0x3F, 0x07, 0xFC,
  0xE6, 0x3F, 0x07, 0xFC, 0xE6, 0x3F, 0x07, 0xFC, 0xE6, 0x3F, 0x07, 0xFC,
  0xE6, 0x3F, 0x07, 0xFC, 0xE6, 0x3F, 0x07, 0xFC, 0xE6, 0x3F, 0x07, 0xFC,
  0xE6, 0x3F, 0x07, 0xFC, 0xE6, 0x3F, 0x07, 0xFC, 0xE6, 0x3F, 0x07, 0xFC,
  0xE6, 0x3F, 0x07, 0xFC, 0xE6, 0x3F, 0x07, 0xFC, 0xE6, 0x3F, 0x07, 0xFC,
  0xE6, 0x3F, 0x07, 0xFC, 0xE6, 0x3F, 0x07, 0xFC, 0xE6, 0x3F, 0x07, 0xFC,
  0xE6, 0x3F, 0x07, 0xFC, 0xE6, 0x3F, 0x07, 0xFC, 0xE6, 0x3F, 0x07, 0xFC,
  0xE6, 0x3F, 0x07, 0xFC, 0xE6, 0x3F, 0x07, 0xFC, 0xE6, 0x3F, 0x07, 0xFC,
  0xE6, 0x3F, 0x07, 0xFC, 0xE6, 0x3F, 0x07, 0xFC, 0xE6, 0x3F, 0x07, 0xFC,
  0xE6, 0x3F, 0x07, 0xFC, 0xE6, 0x3F, 0x07, 0xFC, 0xE6, 0x3F, 0x07, 0x00,
  0x00, 0x00, 0x00, 0x00, 0x00, 0x00, 0x00, 0x00, 0x00, 0x00, 0x00, 0x00,
  0x00, 0x00, 0x00, 0x00, 0x1F, 0xE0, 0x00, 0x00, 0x1F, 0xF8, 0x00, 0x00,
  0x18, 0x1C, 0x00, 0x00, 0x18, 0x0C, 0x00, 0x00, 0x18, 0x0C, 0x00, 0x00,
  0x18, 0x06, 0x00, 0x00, 0x18, 0x06, 0x00, 0x00, 0x18, 0x0C, 0x00, 0x00,
  0x18, 0x1C, 0x00, 0x00, 0x1F, 0xF8, 0x00, 0x00, 0x1F, 0xF0, 0x00, 0x00,
  0x18, 0x60, 0x00, 0x00, 0x18, 0x60, 0x00, 0x00, 0x18, 0x30, 0x00, 0x00,
  0x18, 0x18, 0x00, 0x00, 0x18, 0x18, 0x00, 0x00, 0x18, 0x0C, 0x00, 0x00,
  0x18, 0x0C, 0x00, 0xC7, 0xE6, 0x3F, 0x07, 0xC7, 0xE6, 0x3F, 0x07, 0xC7,
  0xE6, 0x3F, 0x07, 0xC7, 0xE6, 0x3F, 0x07, 0xC7, 0xE6, 0x3F, 0x07, 0xC7,
  0xE6, 0x3F, 0x07, 0xC7, 0xE6, 0x3F, 0x07, 0xC7, 0xE6, 0x3F, 0x07, 0xC7,
  0xE6, 0x3F, 0x07, 0xC7, 0xE6, 0x3F, 0x07, 0xC7, 0xE6, 0x3F, 0x07, 0xC7,
  0xE6, 0x3F, 0x07, 0xC7, 0xE6, 0x3F, 0x07, 0xC7, 0xE6, 0x3F, 0x07, 0xC7,
  0xE6, 0x3F, 0x07, 0xC7, 0xE6, 0x3F, 0x07, 0xC7, 0xE6, 0x3F, 0x07, 0xC7,
  0xE6, 0x3F, 0x07, 0xC7, 0xE6, 0x3F, 0x07, 0xC7, 0xE6, 0x3F, 0x07, 0xC7,
  0xE6, 0x3F, 0x07, 0xC7, 0xE6, 0x3F, 0x07, 0xC7, 0xE6, 0x3F, 0x07, 0xC7,
  0xE6, 0x3F, 0x07, 0xC7, 0xE6, 0x3F, 0x07, 0xC7, 0xE6, 0x3F, 0x07, 0xC7,
  0xE6, 0x3F, 0x07, 0xC7, 0xE6, 0x3F, 0x07, 0xC7, 0xE6, 0x3F, 0x07, 0xC7,
  0xE6, 0x3F, 0x07, 0xC7, 0xE6, 0x3F, 0x07, 0xC7, 0xE6, 0x3F, 0x07, 0xC7,
  0xE6, 0x3F, 0x07, 0xC7, 0xE6, 0x3F, 0x07, 0xC7, 0xE6, 0x3F, 0x07, 0xC7,
  0xE6, 0x3F, 0x07, 0xC7, 0xE6, 0x3F, 0x07, 0xC7, 0xE6, 0x3F, 0x07, 0xC7,
  0xE6, 0x3F, 0x07, 0xC7, 0xE6, 0x3F, 0x07, 0xC7, 0xE6, 0x3F, 0x07, 0xC7,
  0xE6, 0x3F, 0x07, 0xC7, 0xE6, 0x3F, 0x07, 0xC7, 0xE6, 0x3F, 0x07, 0xC7,
  0xE6, 0x3F, 0x07, 0xC7, 0xE6, 0x3F, 0x07, 0x00, 0x00, 0x00, 0x00, 0x00,
  0x00, 0x00, 0x00, 0x00, 0x00, 0x00, 0x00, 0x00, 0x00, 0x00, 0x00, 0x00,
  0x03, 0xE0, 0x00, 0x00, 0x0F, 0xF8, 0x00, 0x00, 0x0C, 0x1C, 0x00, 0x00,
  0x18, 0x0C, 0x00, 0x00, 0x18, 0x0C, 0x00, 0x00, 0x18, 0x00, 0x00, 0x00,
  0x1C, 0x00, 0x00, 0x00, 0x0F, 0x00, 0x00, 0x00, 0x07, 0xE0, 0x00, 0x00,
  0x00, 0x78, 0x00, 0x00, 0x00, 0x1C, 0x00, 0x00, 0x00, 0x0E, 0x00, 0x00,
  0x00, 0x0E, 0x00, 0x00, 0x30, 0x0E, 0x00, 0x00, 0x18, 0x0C, 0x00, 0x00,
  0x1C, 0x1C, 0x00, 0x00, 0x0F, 0xF8, 0x00, 0x00, 0x07, 0xF0, 0x00, 0xC6,
  0x3E, 0x3F, 0x07, 0xC6, 0x3E, 0x3F, 0x07, 0xC6, 0x3E, 0x3F, 0x07, 0xC6,
  0x3E, 0x3F, 0x07, 0xC6, 0x3E, 0x3F, 0x07, 0xC6, 0x3E, 0x3F, 0x07, 0xC6,
  0x3E, 0x3F, 0x07, 0xC6, 0x3E, 0x3F, 0x07, 0xC6, 0x3E, 0x3F, 0x07, 0xC6,
  0x3E, 0x3F, 0x07, 0xC6, 0x3E, 0x3F, 0x07, 0xC6, 0x3E, 0x3F, 0x07, 0xC6,
  0x3E, 0x3F, 0x07, 0xC6, 0x3E, 0x3F, 0x07, 0xC6, 0x3E, 0x3F, 0x07, 0xC6,
  0x3E, 0x3F, 0x07, 0xC6, 0x3E, 0x3F, 0x07, 0xC6, 0x3E, 0x3F, 0x07, 0xC6,
  0x3E, 0x3F, 0x07, 0xC6, 0x3E, 0x3F, 0x07, 0xC6, 0x3E, 0x3F, 0x07, 0xC6,
  0x3E, 0x3F, 0x07, 0xC6, 0x3E, 0x3F, 0x07, 0xC6, 0x3E, 0x3F, 0x07, 0xC6,
  0x3E, 0x3F, 0x07, 0xC6, 0x3E, 0x3F, 0x07, 0xC6, 0x3E, 0x3F, 0x07, 0xC6,
  0x3E, 0x3F, 0x07, 0xC6, 0x3E, 0x3F, 0x07, 0xC6, 0x3E, 0x3F, 0x07, 0xC6,
  0x3E, 0x3F, 0x07, 0xC6, 0x3E, 0x3F, 0x07, 0xC6, 0x3E, 0x3F, 0x07, 0xC6,
  0x3E, 0x3F, 0x07, 0xC6, 0x3E, 0x3F, 0x07, 0xC6, 0x3E, 0x3F, 0x07, 0xC6,
  0x3E, 0x3F, 0x07, 0xC6, 0x3E, 0x3F, 0x07, 0xC6, 0x3E, 0x3F, 0x07, 0xC6,
  0x3E, 0x3F, 0x07, 0xC6, 0x3E, 0x3F, 0x07, 0xC6, 0x3E, 0x3F, 0x07, 0xC6,
  0x3E, 0x3F, 0x07, 0xC6, 0x3E, 0x3F, 0x07, 0xC6, 0x3E, 0x3F, 0x07, 0xC6,
  0x3E, 0x3F, 0x07, 0x00, 0x00, 0x00, 0x00, 0x00, 0x00, 0x00, 0x00, 0x00,
  0x00, 0x00, 0x00, 0x00, 0x00, 0x00, 0x00, 0x00, 0x1F, 0xFE, 0x00, 0x00,
  0x1F, 0xFE, 0x00, 0x00, 0x00, 0xC0, 0x00, 0x00, 0x00, 0xC0, 0x00, 0x00,
  0x00, 0xC0, 0x00, 0x00, 0x00, 0xC0, 0x00, 0x00, 0x00, 0xC0, 0x00, 0x00,
  0x00, 0xC0, 0x00, 0x00, 0x00, 0xC0, 0x00, 0x00, 0x00, 0xC0, 0x00, 0x00,
  0x00, 0xC0, 0x00, 0x00, 0x00, 0xC0, 0x00, 0x00, 0x00, 0xC0, 0x00, 0x00,
  0x00, 0xC0, 0x00, 0x00, 0x00, 0xC0, 0x00, 0x00, 0x00, 0xC0, 0x00, 0x00,
  0x00, 0xC0, 0x00, 0x00, 0x00, 0xC0, 0x00, 0xFC, 0x1C, 0xE7, 0x3F, 0xFC,
  0x1C, 0xE7, 0x3F, 0xFC, 0x1C, 0xE7, 0x3F, 0xFC, 0x1C, 0xE7, 0x3F, 0xFC,
  0x1C, 0xE7, 0x3F, 0xFC, 0x1C, 0xE7, 0x3F, 0xFC, 0x1C, 0xE7, 0x3F, 0xFC,
  0x1C, 0xE7, 0x3F, 0xFC, 0x1C, 0xE7, 0x3F, 0xFC, 0x1C, 0xE7, 0x3F, 0xFC,
  0x1C, 0xE7, 0x3F, 0xFC, 0x1C, 0xE7, 0x3F, 0xFC, 0x1C, 0xE7, 0x3F, 0xFC,
  0x1C, 0xE7, 0x3F, 0xFC, 0x1C, 0xE7, 0x3F, 0xFC, 0x1C, 0xE7, 0x3F, 0xFC,
  0x1C, 0xE7, 0x3F, 0xFC, 0x1C, 0xE7, 0x3F, 0xFC, 0x1C, 0xE7, 0x3F, 0xFC,
  0x1C, 0xE7, 0x3F, 0xFC, 0x1C, 0xE7, 0x3F, 0xFC, 0x1C, 0xE7, 0x3F, 0xFC,
  0x1C, 0xE7, 0x3F, 0xFC, 0x1C, 0xE7, 0x3F, 0xFC, 0x1C, 0xE7, 0x3F, 0xFC,
  0x1C, 0xE7, 0x3F, 0xFC, 0x1C, 0xE7, 0x3F, 0xFC, 0x1C, 0xE7, 0x3F, 0xFC,
  0x1C, 0xE7, 0x3F, 0xFC, 0x1C, 0xE7, 0x3F, 0xFC, 0x1C, 0xE7, 0x3F, 0xFC,
  0x1C, 0xE7, 0x3F, 0xFC, 0x1C, 0xE7, 0x3F, 0xFC, 0x1C, 0xE7, 0x3F, 0xFC,
  0x1C, 0xE7, 0x3F, 0xFC, 0x1C, 0xE7, 0x3F, 0xFC, 0x1C, 0xE7, 0x3F, 0xFC,
  0x1C, 0xE7, 0x3F, 0xFC, 0x1C, 0xE7, 0x3F, 0xFC, 0x1C, 0xE7, 0x3F, 0xFC,
  0x1C, 0xE7, 0x3F, 0xFC, 0x1C, 0xE7, 0x3F, 0xFC, 0x1C, 0xE7, 0x3F, 0xFC,
  0x1C, 0xE7, 0x3F, 0xFC, 0x1C, 0xE7, 0x3F, 0xFC, 0x1C, 0xE7, 0x3F, 0x00,
  0x00, 0x00, 0x00, 0x00, 0x00, 0x00, 0x00, 0x00, 0x00, 0x00, 0x00, 0x00,
  0x00, 0x00, 0x00, 0x00, 0x18, 0x06, 0x00, 0x00, 0x18, 0x06, 0x00, 0x00,
  0x18, 0x06, 0x00, 0x00, 0x18, 0x06, 0x00, 0x00, 0x18, 0x06, 0x00, 0x00,
  0x18, 0x06, 0x00, 0x00, 0x18, 0x06, 0x00, 0x00, 0x18, 0x06, 0x00, 0x00,
  0x18, 0x06, 0x00, 0x00, 0x18, 0x06, 0x00, 0x00, 0x18, 0x06, 0x00, 0x00,
  0x18, 0x06, 0x00, 0x00, 0x18, 0x06, 0x00, 0x00, 0x18, 0x06, 0x00, 0x00,
  0x18, 0x0C, 0x00, 0x00, 0x0C, 0x1C, 0x00, 0x00, 0x0F, 0xF8, 0x00, 0x00,
  0x03, 0xF0, 0x00, 0xC0, 0xFC, 0xE7, 0x3F, 0xC0, 0xFC, 0xE7, 0x3F, 0xC0,
  0xFC, 0xE7, 0x3F, 0xC0, 0xFC, 0xE7, 0x3F, 0xC0, 0xFC, 0xE7, 0x3F, 0xC0,
  0xFC, 0xE7, 0x3F, 0xC0, 0xFC, 0xE7, 0x3F, 0xC0, 0xFC, 0xE7, 0x3F, 0xC0,
  0xFC, 0xE7, 0x3F, 0xC0, 0xFC, 0xE7, 0x3F, 0xC0, 0xFC, 0xE7, 0x3F, 0xC0,
  0xFC, 0xE7, 0x3F, 0xC0, 0xFC, 0xE7, 0x3F, 0xC0, 0xFC, 0xE7, 0x3F, 0xC0,
  0xFC, 0xE7, 0x3F, 0xC0, 0xFC, 0xE7, 0x3F, 0xC0, 0xFC, 0xE7, 0x3F, 0xC0,
  0xFC, 0xE7, 0x3F, 0xC0, 0xFC, 0xE7, 0x3F, 0xC0, 0xFC, 0xE7, 0x3F, 0xC0,
  0xFC, 0xE7, 0x3F, 0xC0, 0xFC, 0xE7, 0x3F, 0xC0, 0xFC, 0xE7, 0x3F, 0xC0,
  0xFC, 0xE7, 0x3F, 0xC0, 0xFC, 0xE7, 0x3F, 0xC0, 0xFC, 0xE7, 0x3F, 0xC0,
  0xFC, 0xE7, 0x3F, 0xC0, 0xFC, 0xE7, 0x3F, 0xC0, 0xFC, 0xE7, 0x3F, 0xC0,
  0xFC, 0xE7, 0x3F, 0xC0, 0xFC, 0xE7, 0x3F, 0xC0, 0xFC, 0xE7, 0x3F, 0xC0,
  0xFC, 0xE7, 0x3F, 0xC0, 0xFC, 0xE7, 0x3F, 0xC0, 0xFC, 0xE7, 0x3F, 0xC0,
  0xFC, 0xE7, 0x3F, 0xC0, 0xFC, 0xE7, 0x3F, 0xC0, 0xFC, 0xE7, 0x3F, 0xC0,
  0xFC, 0xE7, 0x3F, 0xC0, 0xFC, 0xE7, 0x3F, 0xC0, 0xFC, 0xE7, 0x3F, 0xC0,
  0xFC, 0xE7, 0x3F, 0xC0, 0xFC, 0xE7, 0x3F, 0xC0, 0xFC, 0xE7, 0x3F, 0xC0,
  0xFC, 0xE7, 0x3F, 0xC0, 0xFC, 0xE7, 0x3F, 0x00, 0x00, 0x00, 0x00, 0x00,
  0x00, 0x00, 0x00, 0x00, 0x00, 0x00, 0x00, 0x00, 0x00, 0x00, 0x00, 0x00,
  0x60, 0x01, 0x80, 0x00, 0x60, 0x03, 0x00, 0x00, 0x20, 0x03, 0x00, 0x00,
  0x30, 0x06, 0x00, 0x00, 0x30, 0x06, 0x00, 0x00, 0x18, 0x06, 0x00, 0x00,
  0x18, 0x0C, 0x00, 0x00, 0x08, 0x0C, 0x00, 0x00, 0x0C, 0x18, 0x00, 0x00,
  0x0C, 0x18, 0x00, 0x00, 0x06, 0x18, 0x00, 0x00, 0x06, 0x30, 0x00, 0x00,
  0x02, 0x30, 0x00, 0x00, 0x03, 0x60, 0x00, 0x00, 0x03, 0x60, 0x00, 0x00,
  0x01, 0xC0, 0x00, 0x00, 0x01, 0xC0, 0x00, 0x00, 0x00, 0xC0, 0x00, 0xFC,
  0x1F, 0x8C, 0xE7, 0xFC, 0x1F, 0x8C, 0xE7, 0xFC, 0x1F, 0x8C, 0xE7, 0xFC,
  0x1F, 0x8C, 0xE7, 0xFC, 0x1F, 0x8C, 0xE7, 0xFC, 0x1F, 0x8C, 0xE7, 0xFC,
  0x1F, 0x8C, 0xE7, 0xFC, 0x1F, 0x8C, 0xE7, 0xFC, 0x1F, 0x8C, 0xE7, 0xFC,
  0x1F, 0x8C, 0xE7, 0xFC, 0x1F, 0x8C, 0xE7, 0xFC, 0x1F, 0x8C, 0xE7, 0xFC,
  0x1F, 0x8C, 0xE7, 0xFC, 0x1F, 0x8C, 0xE7, 0xFC, 0x1F, 0x8C, 0xE7, 0xFC,
  0x1F, 0x8C, 0xE7, 0xFC, 0x1F, 0x8C, 0xE7, 0xFC, 0x1F, 0x8C, 0xE7, 0xFC,
  0x1F, 0x8C, 0xE7, 0xFC, 0x1F, 0x8C, 0xE7, 0xFC, 0x1F, 0x8C, 0xE7, 0xFC,
  0x1F, 0x8C, 0xE7, 0xFC, 0x1F, 0x8C, 0xE7, 0xFC, 0x1F, 0x8C, 0xE7, 0xFC,
  0x1F, 0x8C, 0xE7, 0xFC, 0x1F, 0x8C, 0xE7, 0xFC, 0x1F, 0x8C, 0xE7, 0xFC,
  0x1F, 0x8C, 0xE7, 0xFC, 0x1F, 0x8C, 0xE7, 0xFC, 0x1F, 0x8C, 0xE7, 0xFC,
  0x1F, 0x8C, 0xE7, 0xFC, 0x1F, 0x8C, 0xE7, 0xFC, 0x1F, 0x8C, 0xE7, 0xFC,
  0x1F, 0x8C, 0xE7, 0xFC, 0x1F, 0x8C, 0xE7, 0xFC, 0x1F, 0x8C, 0xE7, 0xFC,
  0x1F, 0x8C, 0xE7, 0xFC, 0x1F, 0x8C, 0xE7, 0xFC, 0x1F, 0x8C, 0xE7, 0xFC,
  0x1F, 0x8C, 0xE7, 0xFC, 0x1F, 0x8C, 0xE7, 0xFC, 0x1F, 0x8C, 0xE7, 0xFC,
  0x1F, 0x8C, 0xE7, 0xFC, 0x1F, 0x8C, 0xE7, 0xFC, 0x1F, 0x8C, 0xE7, 0xFC,
  0x1F, 0x8C, 0xE7, 0x00, 0x00, 0x00, 0x00, 0x00, 0x00, 0x00, 0x00, 0x00,
  0x00, 0x00, 0x00, 0x00, 0x00, 0x00, 0x00, 0x00, 0x40, 0x01, 0x80, 0x00,
  0x60, 0x01, 0x00, 0x00, 0x60, 0x01, 0x00, 0x00, 0x60, 0x03, 0x00, 0x00,
  0x20, 0x03, 0x00, 0x00, 0x30, 0x03, 0x00, 0x00, 0x30, 0x02, 0x00, 0x00,
  0x30, 0x06, 0x00, 0x00, 0x10, 0xC6, 0x00, 0x00, 0x19, 0xC6, 0x00, 0x00,
  0x19, 0xC4, 0x00, 0x00, 0x19, 0xEC, 0x00, 0x00, 0x0B, 0x6C, 0x00, 0x00,
  0x0B, 0x2C, 0x00, 0x00, 0x0F, 0x38, 0x00, 0x00, 0x0E, 0x38, 0x00, 0x00,
  0x06, 0x18, 0x00, 0x00, 0x06, 0x18, 0x00, 0xC0, 0xE7, 0xE7, 0x3F, 0xC0,
  0xE7, 0xE7, 0x3F, 0xC0, 0xE7, 0xE7, 0x3F, 0xC0, 0xE7, 0xE7, 0x3F, 0xC0,
  0xE7, 0xE7, 0x3F, 0xC0, 0xE7, 0xE7, 0x3F, 0xC0, 0xE7, 0xE7, 0x3F, 0xC0,
  0xE7, 0xE7, 0x3F, 0xC0, 0xE7, 0xE7, 0x3F, 0xC0, 0xE7, 0xE7, 0x3F, 0xC0,
  0xE7, 0xE7, 0x3F, 0xC0, 0xE7, 0xE7, 0x3F, 0xC0, 0xE7, 0xE7, 0x3F, 0xC0,
  0xE7, 0xE7, 0x3F, 0xC0, 0xE7, 0xE7, 0x3F, 0xC0, 0xE7, 0xE7, 0x3F, 0xC0,
  0xE7, 0xE7, 0x3F, 0xC0, 0xE7, 0xE7, 0x3F, 0xC0, 0xE7, 0xE7, 0x3F, 0xC0,
  0xE7, 0xE7, 0x3F, 0xC0, 0xE7, 0xE7, 0x3F, 0xC0, 0xE7, 0xE7, 0x3F, 0xC0,
  0xE7, 0xE7, 0x3F, 0xC0, 0xE7, 0xE7, 0x3F, 0xC0, 0xE7, 0xE7, 0x3F, 0xC0,
  0xE7, 0xE7, 0x3F, 0xC0, 0xE7, 0xE7, 0x3F, 0xC0, 0xE7, 0xE7, 0x3F, 0xC0,
  0xE7, 0xE7, 0x3F, 0xC0, 0xE7, 0xE7, 0x3F, 0xC0, 0xE7, 0xE7, 0x3F, 0xC0,
  0xE7, 0xE7, 0x3F, 0xC0, 0xE7, 0xE7, 0x3F, 0xC0, 0xE7, 0xE7, 0x3F, 0xC0,
  0xE7, 0xE7, 0x3F, 0xC0, 0xE7, 0xE7, 0x3F, 0xC0, 0xE7, 0xE7, 0x3F, 0xC0,
  0xE7, 0xE7, 0x3F, 0xC0, 0xE7, 0xE7, 0x3F, 0xC0, 0xE7, 0xE7, 0x3F, 0xC0,
  0xE7, 0xE7, 0x3F, 0xC0, 0xE7, 0xE7, 0x3F, 0xC0, 0xE7, 0xE7, 0x3F, 0xC0,
  0xE7, 0xE7, 0x3F, 0xC0, 0xE7, 0xE7, 0x3F, 0xC0, 0xE7, 0xE7, 0x3F, 0x00,
  0x00, 0x00, 0x00, 0x00, 0x00, 0x00, 0x00, 0x00, 0x00, 0x00, 0x00, 0x00,
  0x00, 0x00, 0x00, 0x00, 0x30, 0x06, 0x00, 0x00, 0x18, 0x06, 0x00, 0x00,
  0x0C, 0x0C, 0x00, 0x00, 0x0C, 0x18, 0x00, 0x00, 0x06, 0x18, 0x00, 0x00,
  0x06, 0x30, 0x00, 0x00, 0x03, 0x60, 0x00, 0x00, 0x01, 0xE0, 0x00, 0x00,
  0x01, 0xC0, 0x00, 0x00, 0x01, 0xC0, 0x00, 0x00, 0x01, 0xE0, 0x00, 0x00,
  0x03, 0x60, 0x00, 0x00, 0x06, 0x30, 0x00, 0x00, 0x06, 0x18, 0x00, 0x00,
  0x0C, 0x18, 0x00, 0x00, 0x1C, 0x0C, 0x00, 0x00, 0x18, 0x06, 0x00, 0x00,
  0x30, 0x06, 0x00, 0xFC, 0x1C, 0xFC, 0xE7, 0xFC, 0x1C, 0xFC, 0xE7, 0xFC,
  0x1C, 0xFC, 0xE7, 0xFC, 0x1C, 0xFC, 0xE7, 0xFC, 0x1C, 0xFC, 0xE7, 0xFC,
  0x1C, 0xFC, 0xE7, 0xFC, 0x1C, 0xFC, 0xE7, 0xFC, 0x1C, 0xFC, 0xE7, 0xFC,
  0x1C, 0xFC, 0xE7, 0xFC, 0x1C, 0xFC, 0xE7, 0xFC, 0x1C, 0xFC, 0xE7, 0xFC,
  0x1C, 0xFC, 0xE7, 0xFC, 0x1C, 0xFC, 0xE7, 0xFC, 0x1C, 0xFC, 0xE7, 0xFC,
  0x1C, 0xFC, 0xE7, 0xFC, 0x1C, 0xFC, 0xE7, 0xFC, 0x1C, 0xFC, 0xE7, 0xFC,
  0x1C, 0xFC, 0xE7, 0xFC, 0x1C, 0xFC, 0xE7, 0xFC, 0x1C, 0xFC, 0xE7, 0xFC,
  0x1C, 0xFC, 0xE7, 0xFC, 0x1C, 0xFC, 0xE7, 0xFC, 0x1C, 0xFC, 0xE7, 0xFC,
  0x1C, 0xFC, 0xE7, 0xFC, 0x1C, 0xFC, 0xE7, 0xFC, 0x1C, 0xFC, 0xE7, 0xFC,
  0x1C, 0xFC, 0xE7, 0xFC, 0x1C, 0xFC, 0xE7, 0xFC, 0x1C, 0xFC, 0xE7, 0xFC,
  0x1C, 0xFC, 0xE7, 0xFC, 0x1C, 0xFC, 0xE7, 0xFC, 0x1C, 0xFC, 0xE7, 0xFC,
  0x1C, 0xFC, 0xE7, 0xFC, 0x1C, 0xFC, 0xE7, 0xFC, 0x1C, 0xFC, 0xE7, 0xFC,
  0x1C, 0xFC, 0xE7, 0xFC, 0x1C, 0xFC, 0xE7, 0xFC, 0x1C, 0xFC, 0xE7, 0xFC,
  0x1C, 0xFC, 0xE7, 0xFC, 0x1C, 0xFC, 0xE7, 0xFC, 0x1C, 0xFC, 0xE7, 0xFC,
  0x1C, 0xFC, 0xE7, 0xFC, 0x1C, 0xFC, 0xE7, 0xFC, 0x1C, 0xFC, 0xE7, 0xFC,
  0x1C, 0xFC, 0xE7, 0xFC, 0x1C, 0xFC, 0xE7, 0x00, 0x00, 0x00, 0x00, 0x00,
  0x00, 0x00, 0x00, 0x00, 0x00, 0x00, 0x00, 0x00, 0x00, 0x00, 0x00, 0x00,
  0x30, 0x07, 0x00, 0x00, 0x18, 0x06, 0x00, 0x00, 0x18, 0x0C, 0x00, 0x00,
  0x0C, 0x0C, 0x00, 0x00, 0x0C, 0x18, 0x00, 0x00, 0x06, 0x18, 0x00, 0x00,
  0x06, 0x30, 0x00, 0x00, 0x03, 0x30, 0x00, 0x00, 0x03, 0x60, 0x00, 0x00,
  0x01, 0xE0, 0x00, 0x00, 0x01, 0xC0, 0x00, 0x00, 0x00, 0xC0, 0x00, 0x00,
  0x00, 0xC0, 0x00, 0x00, 0x00, 0xC0, 0x00, 0x00, 0x00, 0xC0, 0x00, 0x00,
  0x00, 0xC0, 0x00, 0x00, 0x00, 0xC0, 0x00, 0x00, 0x00, 0xC0, 0x00, 0xC0,
  0xFC, 0xFC, 0xE7, 0xC0, 0xFC, 0xFC, 0xE7, 0xC0, 0xFC, 0xFC, 0xE7, 0xC0,
  0xFC, 0xFC, 0xE7, 0xC0, 0xFC, 0xFC, 0xE7, 0xC0, 0xFC, 0xFC, 0xE7, 0xC0,
  0xFC, 0xFC, 0xE7, 0xC0, 0xFC, 0xFC, 0xE7, 0xC0, 0xFC, 0xFC, 0xE7, 0xC0,
  0xFC, 0xFC, 0xE7, 0xC0, 0xFC, 0xFC, 0xE7, 0xC0, 0xFC, 0xFC, 0xE7, 0xC0,
  0xFC, 0xFC, 0xE7, 0xC0, 0xFC, 0xFC, 0xE7, 0xC0, 0xFC, 0xFC, 0xE7, 0xC0,
  0xFC, 0xFC, 0xE7, 0xC0, 0xFC, 0xFC, 0xE7, 0xC0, 0xFC, 0xFC, 0xE7, 0xC0,
  0xFC, 0xFC, 0xE7, 0xC0, 0xFC, 0xFC, 0xE7, 0xC0, 0xFC, 0xFC, 0xE7, 0xC0,
  0xFC, 0xFC, 0xE7, 0xC0, 0xFC, 0xFC, 0xE7, 0xC0, 0xFC, 0xFC, 0xE7, 0xC0,
  0xFC, 0xFC, 0xE7, 0xC0, 0xFC, 0xFC, 0xE7, 0xC0, 0xFC, 0xFC, 0xE7, 0xC0,
  0xFC, 0xFC, 0xE7, 0xC0, 0xFC, 0xFC, 0xE7, 0xC0, 0xFC, 0xFC, 0xE7, 0xC0,
  0xFC, 0xFC, 0xE7, 0xC0, 0xFC, 0xFC, 0xE7, 0xC0, 0xFC, 0xFC, 0xE7, 0xC0,
  0xFC, 0xFC, 0xE7, 0xC0, 0xFC, 0xFC, 0xE7, 0xC0, 0xFC, 0xFC, 0xE7, 0xC0,
  0xFC, 0xFC, 0xE7, 0xC0, 0xFC, 0xFC, 0xE7, 0xC0, 0xFC, 0xFC, 0xE7, 0xC0,
  0xFC, 0xFC, 0xE7, 0xC0, 0xFC, 0xFC, 0xE7, 0xC0, 0xFC, 0xFC, 0xE7, 0xC0,
  0xFC, 0xFC, 0xE7, 0xC0, 0xFC, 0xFC, 0xE7, 0xC0, 0xFC, 0xFC, 0xE7, 0xC0,
  0xFC, 0xFC, 0xE7, 0x00, 0x00, 0x00, 0x00, 0x00, 0x00, 0x00, 0x00, 0x00,
  0x00, 0x00, 0x00, 0x00, 0x00, 0x00, 0x00, 0x00, 0x0F, 0xFC, 0x00, 0x00,
  0x0F, 0xFC, 0x00, 0x00, 0x00, 0x0C, 0x00, 0x00, 0x00, 0x18, 0x00, 0x00,
  0x00, 0x38, 0x00, 0x00, 0x00, 0x30, 0x00, 0x00, 0x00, 0x60, 0x00, 0x00,
  0x00, 0x60, 0x00, 0x00, 0x00, 0xC0, 0x00, 0x00, 0x01, 0xC0, 0x00, 0x00,
  0x01, 0x80, 0x00, 0x00, 0x03, 0x00, 0x00, 0x00, 0x07, 0x00, 0x00, 0x00,
  0x06, 0x00, 0x00, 0x00, 0x0C, 0x00, 0x00, 0x00, 0x0C, 0x00, 0x00, 0x00,
  0x1F, 0xFE, 0x00, 0x00, 0x1F, 0xFE, 0x00, 0xFF, 0xFF, 0xFF, 0xFF, 0xFF,
  0xF0, 0x3C, 0x0F, 0x03, 0xC0, 0xF0, 0x3C, 0x0F, 0x03, 0xC0, 0xF0, 0x3C,
  0x0F, 0x03, 0xC0, 0xF0, 0x3C, 0x0F, 0x03, 0xC0, 0xF0, 0x3C, 0x0F, 0x03,
  0xC0, 0xF0, 0x3C, 0x0F, 0x03, 0xC0, 0xF0, 0x3C, 0x0F, 0x03, 0xC0, 0xF0,
  0x3C, 0x0F, 0x03, 0xC0, 0xF0, 0x3C, 0x0F, 0x03, 0xC0, 0xF0, 0x3C, 0x0F,
  0x03, 0xC0, 0xF0, 0x3C, 0x0F, 0x03, 0xC0, 0xF0, 0x3C, 0x0F, 0x03, 0xC0,
  0xF0, 0x3C, 0x0F, 0xFF, 0xFF, 0xFF, 0xC0, 0xC0, 0xFC, 0xE7, 0xE7, 0xC0,
  0xFC, 0xE7, 0xE7, 0xC0, 0xFC, 0xE7, 0xE7, 0xC0, 0xFC, 0xE7, 0xE7, 0xC0,
  0xFC, 0xE7, 0xE7, 0xC0, 0xFC, 0xE7, 0xE7, 0xC0, 0xFC, 0xE7, 0xE7, 0xC0,
  0xFC, 0xE7, 0xE7, 0xC0, 0xFC, 0xE7, 0xE7, 0xC0, 0xFC, 0xE7, 0xE7, 0xC0,
  0xFC, 0xE7, 0xE7, 0xC0, 0xFC, 0xE7, 0xE7, 0xC0, 0xFC, 0xE7, 0xE7, 0xC0,
  0xFC, 0xE7, 0xE7, 0xC0, 0xFC, 0xE7, 0xE7, 0xC0, 0xFC, 0xE7, 0xE7, 0xC0,
  0xFC, 0xE7, 0xE7, 0xC0, 0xFC, 0xE7, 0xE7, 0xC0, 0xFC, 0xE7, 0xE7, 0xC0,
  0xFC, 0xE7, 0xE7, 0xC0, 0xFC, 0xE7, 0xE7, 0xC0, 0xFC, 0xE7, 0xE7, 0xC0,
  0xFC, 0xE7, 0xE7, 0xC0, 0xFC, 0xE7, 0xE7, 0xC0, 0xFC, 0xE7, 0xE7, 0xC0,
  0xFC, 0xE7, 0xE7, 0xC0, 0xFC, 0xE7, 0xE7, 0xC0, 0xFC, 0xE7, 0xE7, 0xC0,
  0xFC, 0xE7, 0xE7, 0xC0, 0xFC, 0xE7, 0xE7, 0xC0, 0xFC, 0xE7, 0xE7, 0xC0,
  0xFC, 0xE7, 0xE7, 0xC0, 0xFC, 0xE7, 0xE7, 0xC0, 0xFC, 0xE7, 0xE7, 0xC0,
  0xFC, 0xE7, 0xE7, 0xC0, 0xFC, 0xE7, 0xE7, 0xC0, 0xFC, 0xE7, 0xE7, 0xC0,
  0xFC, 0xE7, 0xE7, 0xC0, 0xFC, 0xE7, 0xE7, 0xC0, 0xFC, 0xE7, 0xE7, 0xC0,
  0xFC, 0xE7, 0xE7, 0xC0, 0xFC, 0xE7, 0xE7, 0xC0, 0xFC, 0xE7, 0xE7, 0xC0,
  0xFC, 0xE7, 0xE7, 0xC0, 0xFC, 0xE7, 0xE7, 0xC0, 0xFC, 0xE7, 0xE7, 0x00,
  0x00, 0x00, 0x00, 0x00, 0x00, 0x00, 0x00, 0x00, 0x00, 0x00, 0x00, 0x00,
  0x00, 0x00, 0x00, 0x00, 0x00, 0x00, 0x00, 0x00, 0x00, 0x00, 0x00, 0x00,
  0x00, 0x00, 0x00, 0x00, 0x00, 0x00, 0x00, 0x00, 0x00, 0x00, 0x00, 0x00,
  0x00, 0x00, 0x00, 0x00, 0x00, 0x00, 0x00, 0x00, 0x00, 0x00, 0x00, 0x00,
  0x00, 0x00, 0x00, 0x00, 0x1F, 0xFE, 0x00, 0x00, 0x1F, 0xFE, 0x00, 0xFF,
  0xFF, 0xFF, 0xFF, 0xFF, 0x07, 0xC1, 0xF0, 0x7C, 0x1F, 0x07, 0xC1, 0xF0,
  0x7C, 0x1F, 0x07, 0xC1, 0xF0, 0x7C, 0x1F, 0x07, 0xC1, 0xF0, 0x7C, 0x1F,
  0x07, 0xC1, 0xF0, 0x7C, 0x1F, 0x07, 0xC1, 0xF0, 0x7C, 0x1F, 0x07, 0xC1,
  0xF0, 0x7C, 0x1F, 0x07, 0xC1, 0xF0, 0x7C, 0x1F, 0x07, 0xC1, 0xF0, 0x7C,
  0x1F, 0x07, 0xC1, 0xF0, 0x7C, 0x1F, 0x07, 0xC1, 0xF0, 0x7C, 0x1F, 0x07,
  0xC1, 0xF0, 0x7C, 0x1F, 0x07, 0xC1, 0xFF, 0xFF, 0xFF, 0xFF, 0xC0, 0xC0,
  0xFC, 0xE7, 0xE7, 0xC0, 0xFC, 0xE7, 0xE7, 0xC0, 0xFC, 0xE7, 0xE7, 0xC0,
  0xFC, 0xE7, 0xE7, 0xC0, 0xFC, 0xE7, 0xE7, 0xC0, 0xFC, 0xE7, 0xE7, 0xC0,
  0xFC, 0xE7, 0xE7, 0xC0, 0xFC, 0xE7, 0xE7, 0xC0, 0xFC, 0xE7, 0xE7, 0xC0,
  0xFC, 0xE7, 0xE7, 0xC0, 0xFC, 0xE7, 0xE7, 0xC0, 0xFC, 0xE7, 0xE7, 0xC0,
  0xFC, 0xE7, 0xE7, 0xC0, 0xFC, 0xE7, 0xE7, 0xC0, 0xFC, 0xE7, 0xE7, 0xC0,
  0xFC, 0xE7, 0xE7, 0xC0, 0xFC, 0xE7, 0xE7, 0xC0, 0xFC, 0xE7, 0xE7, 0xC0,
  0xFC, 0xE7, 0xE7, 0xC0, 0xFC, 0xE7, 0xE7, 0xC0, 0xFC, 0xE7, 0xE7, 0xC0,
  0xFC, 0xE7, 0xE7, 0xC0, 0xFC, 0xE7, 0xE7, 0xC0, 0xFC, 0xE7, 0xE7, 0xC0,
  0xFC, 0xE7, 0xE7, 0xC0, 0xFC, 0xE7, 0xE7, 0xC0, 0xFC, 0xE7, 0xE7, 0xC0,
  0xFC, 0xE7, 0xE7, 0xC0, 0xFC, 0xE7, 0xE7, 0xC0, 0xFC, 0xE7, 0xE7, 0xC0,
  0xFC, 0xE7, 0xE7, 0xC0, 0xFC, 0xE7, 0xE7, 0xC0, 0xFC, 0xE7, 0xE7, 0xC0,
  0xFC, 0xE7, 0xE7, 0xC0, 0xFC, 0xE7, 0xE7, 0xC0, 0xFC, 0xE7, 0xE7, 0xC0,
  0xFC, 0xE7, 0xE7, 0xC0, 0xFC, 0xE7, 0xE7, 0xC0, 0xFC, 0xE7, 0xE7, 0xC0,
  0xFC, 0xE7, 0xE7, 0xC0, 0xFC, 0xE7, 0xE7, 0xC0, 0xFC, 0xE7, 0xE7, 0xC0,
  0xFC, 0xE7, 0xE7, 0xC0, 0xFC, 0xE7, 0xE7, 0xC0, 0xFC, 0xE7, 0xE7, 0xC0,
  0xFC, 0xE7, 0xE7, 0x00, 0x00, 0x00, 0x00, 0x00, 0x00, 0x00, 0x00, 0x00,
  0x00, 0x00, 0x00, 0x00, 0x00, 0x00, 0x00, 0x00, 0x00, 0x00, 0x00, 0x00,
  0x00, 0x00, 0x00, 0x00, 0x00, 0x00, 0x00, 0x00, 0x00, 0x00, 0x00, 0x00,
  0x00, 0x00, 0x00, 0x00, 0x00, 0x00, 0x00, 0x00, 0x00, 0x00, 0x00, 0x00,
  0x00, 0x00, 0x00, 0x00, 0x00, 0x00, 0x00, 0x00, 0x1F, 0xFE, 0x00, 0x00,
  0x1F, 0xFE, 0x00, 0xC0, 0xFC, 0xE7, 0xE7, 0xC0, 0xFC, 0xE7, 0xE7, 0xC0,
  0xFC, 0xE7, 0xE7, 0xC0, 0xFC, 0xE7, 0xE7, 0xC0, 0xFC, 0xE7, 0xE7, 0xC0,
  0xFC, 0xE7, 0xE7, 0xC0, 0xFC, 0xE7, 0xE7, 0xC0, 0xFC, 0xE7, 0xE7, 0xC0,
  0xFC, 0xE7, 0xE7, 0xC0, 0xFC, 0xE7, 0xE7, 0xC0, 0xFC, 0xE7, 0xE7, 0xC0,
  0xFC, 0xE7, 0xE7, 0xC0, 0xFC, 0xE7, 0xE7, 0xC0, 0xFC, 0xE7, 0xE7, 0xC0,
  0xFC, 0xE7, 0xE7, 0xC0, 0xFC, 0xE7, 0xE7, 0xC0, 0xFC, 0xE7, 0xE7, 0xC0,
  0xFC, 0xE7, 0xE7, 0xC0, 0xFC, 0xE7, 0xE7, 0xC0, 0xFC, 0xE7, 0xE7, 0xC0,
  0xFC, 0xE7, 0xE7, 0xC0, 0xFC, 0xE7, 0xE7, 0xC0, 0xFC, 0xE7, 0xE7, 0xC0,
  0xFC, 0xE7, 0xE7, 0xC0, 0xFC, 0xE7, 0xE7, 0xC0, 0xFC, 0xE7, 0xE7, 0xC0,
  0xFC, 0xE7, 0xE7, 0xC0, 0xFC, 0xE7, 0xE7, 0xC0, 0xFC, 0xE7, 0xE7, 0xC0,
  0xFC, 0xE7, 0xE7, 0xC0, 0xFC, 0xE7, 0xE7, 0xC0, 0xFC, 0xE7, 0xE7, 0xC0,
  0xFC, 0xE7, 0xE7, 0xC0, 0xFC, 0xE7, 0xE7, 0xC0, 0xFC, 0xE7, 0xE7, 0xC0,
  0xFC, 0xE7, 0xE7, 0xC0, 0xFC, 0xE7, 0xE7, 0xC0, 0xFC, 0xE7, 0xE7, 0xC0,
  0xFC, 0xE7, 0xE7, 0xC0, 0xFC, 0xE7, 0xE7, 0xC0, 0xFC, 0xE7, 0xE7, 0xC0,
  0xFC, 0xE7, 0xE7, 0xC0, 0xFC, 0xE7, 0xE7, 0xC0, 0xFC, 0xE7, 0xE7, 0xC0,
  0xFC, 0xE7, 0xE7, 0xC0, 0xFC, 0xE7, 0xE7, 0x00, 0x00, 0x00, 0x00, 0x00,
  0x00, 0x00, 0x00, 0x00, 0x00, 0x00, 0x00, 0x00, 0x00, 0x00, 0x00, 0x00,
  0x00, 0x00, 0x00, 0x00, 0x00, 0x00, 0x00, 0x00, 0x00, 0x00, 0x00, 0x00,
  0x00, 0x00, 0x00, 0x00, 0x00, 0x00, 0x00, 0x00, 0x00, 0x00, 0x00, 0x00,
  0x00, 0x00, 0x00, 0x00, 0x00, 0x00, 0x00, 0x00, 0x00, 0x00, 0x00, 0x00,
  0x1F, 0xFE, 0x00, 0x00, 0x1F, 0xFE, 0x00, 0xC0, 0xFC, 0xE7, 0xE7, 0xC0,
  0xFC, 0xE7, 0xE7, 0xC0, 0xFC, 0xE7, 0xE7, 0xC0, 0xFC, 0xE7, 0xE7, 0xC0,
  0xFC, 0xE7, 0xE7, 0xC0, 0xFC, 0xE7, 0xE7, 0xC0, 0xFC, 0xE7, 0xE7, 0xC0,
  0xFC, 0xE7, 0xE7, 0xC0, 0xFC, 0xE7, 0xE7, 0xC0, 0xFC, 0xE7, 0xE7, 0xC0,
  0xFC, 0xE7, 0xE7, 0xC0, 0xFC, 0xE7, 0xE7, 0xC0, 0xFC, 0xE7, 0xE7, 0xC0,
  0xFC, 0xE7, 0xE7, 0xC0, 0xFC, 0xE7, 0xE7, 0xC0, 0xFC, 0xE7, 0xE7, 0xC0,
  0xFC, 0xE7, 0xE7, 0xC0, 0xFC, 0xE7, 0xE7, 0xC0, 0xFC, 0xE7, 0xE7, 0xC0,
  0xFC, 0xE7, 0xE7, 0xC0, 0xFC, 0xE7, 0xE7, 0xC0, 0xFC, 0xE7, 0xE7, 0xC0,
  0xFC, 0xE7, 0xE7, 0xC0, 0xFC, 0xE7, 0xE7, 0xC0, 0xFC, 0xE7, 0xE7, 0xC0,
  0xFC, 0xE7, 0xE7, 0xC0, 0xFC, 0xE7, 0xE7, 0xC0, 0xFC, 0xE7, 0xE7, 0xC0,
  0xFC, 0xE7, 0xE7, 0xC0, 0xFC, 0xE7, 0xE7, 0xC0, 0xFC, 0xE7, 0xE7, 0xC0,
  0xFC, 0xE7, 0xE7, 0xC0, 0xFC, 0xE7, 0xE7, 0xC0, 0xFC, 0xE7, 0xE7, 0xC0,
  0xFC, 0xE7, 0xE7, 0xC0, 0xFC, 0xE7, 0xE7, 0xC0, 0xFC, 0xE7, 0xE7, 0xC0,
  0xFC, 0xE7, 0xE7, 0xC0, 0xFC, 0xE7, 0xE7, 0xC0, 0xFC, 0xE7, 0xE7, 0xC0,
  0xFC, 0xE7, 0xE7, 0xC0, 0xFC, 0xE7, 0xE7, 0xC0, 0xFC, 0xE7, 0xE7, 0xC0,
  0xFC, 0xE7, 0xE7, 0xC0, 0xFC, 0xE7, 0xE7, 0xC0, 0xFC, 0xE7, 0xE7, 0x00,
  0x00, 0x00, 0x00, 0x00, 0x00, 0x00, 0x00, 0x00, 0x00, 0x00, 0x00, 0x00,
  0x00, 0x00, 0x00, 0x00, 0x00, 0x00, 0x00, 0x00, 0x00, 0x00, 0x00, 0x00,
  0x00, 0x00, 0x00, 0x00, 0x00, 0x00, 0x00, 0x00, 0x00, 0x00, 0x00, 0x00,
  0x00, 0x00, 0x00, 0x00, 0x00, 0x00, 0x00, 0x00, 0x00, 0x00, 0x00, 0x00,
  0x00, 0x00, 0x00, 0x00, 0x1F, 0xFE, 0x00, 0x00, 0x1F, 0xFE, 0x00, 0xFC,
  0xE6, 0x07, 0x3F, 0xFC, 0xE6, 0x07, 0x3F, 0xFC, 0xE6, 0x07, 0x3F, 0xFC,
  0xE6, 0x07, 0x3F, 0xFC, 0xE6, 0x07, 0x3F, 0xFC, 0xE6, 0x07, 0x3F, 0xFC,
  0xE6, 0x07, 0x3F, 0xFC, 0xE6, 0x07, 0x3F, 0xFC, 0xE6, 0x07, 0x3F, 0xFC,
  0xE6, 0x07, 0x3F, 0xFC, 0xE6, 0x07, 0x3F, 0xFC, 0xE6, 0x07, 0x3F, 0xFC,
  0xE6, 0x07, 0x3F, 0xFC, 0xE6, 0x07, 0x3F, 0xFC, 0xE6, 0x07, 0x3F, 0xFC,
  0xE6, 0x07, 0x3F, 0xFC, 0xE6, 0x07, 0x3F, 0xFC, 0xE6, 0x07, 0x3F, 0xFC,
  0xE6, 0x07, 0x3F, 0xFC, 0xE6, 0x07, 0x3F, 0xFC, 0xE6, 0x07, 0x3F, 0xFC,
  0xE6, 0x07, 0x3F, 0xFC, 0xE6, 0x07, 0x3F, 0xFC, 0xE6, 0x07, 0x3F, 0xFC,
  0xE6, 0x07, 0x3F, 0xFC, 0xE6, 0x07, 0x3F, 0xFC, 0xE6, 0x07, 0x3F, 0xFC,
  0xE6, 0x07, 0x3F, 0xFC, 0xE6, 0x07, 0x3F, 0xFC, 0xE6, 0x07, 0x3F, 0xFC,
  0xE6, 0x07, 0x3F, 0xFC, 0xE6, 0x07, 0x3F, 0xFC, 0xE6, 0x07, 0x3F, 0xFC,
  0xE6, 0x07, 0x3F, 0xFC, 0xE6, 0x07, 0x3F, 0xFC, 0xE6, 0x07, 0x3F, 0xFC,
  0xE6, 0x07, 0x3F, 0xFC, 0xE6, 0x07, 0x3F, 0xFC, 0xE6, 0x07, 0x3F, 0xFC,
  0xE6, 0x07, 0x3F, 0xFC, 0xE6, 0x07, 0x3F, 0xFC, 0xE6, 0x07, 0x3F, 0xFC,
  0xE6, 0x07, 0x3F, 0xFC, 0xE6, 0x07, 0x3F, 0xFC, 0xE6, 0x07, 0x3F, 0xFC,
  0xE6, 0x07, 0x3F, 0x00, 0x00, 0x00, 0x00, 0x00, 0x00, 0x00, 0x00, 0x00,
  0x00, 0x00, 0x00, 0x00, 0x00, 0x00, 0x00, 0x00, 0x01, 0xC0, 0x00, 0x00,
  0x01, 0xC0, 0x00, 0x00, 0x01, 0x60, 0x00, 0x00, 0x03, 0x60, 0x00, 0x00,
  0x03, 0x20, 0x00, 0x00, 0x06, 0x30, 0x00, 0x00, 0x06, 0x30, 0x00, 0x00,
  0x04, 0x18, 0x00, 0x00, 0x0C, 0x18, 0x00, 0x00, 0x0C, 0x18, 0x00, 0x00,
  0x08, 0x0C, 0x00, 0x00, 0x1F, 0xFC, 0x00, 0x00, 0x18, 0x04, 0x00, 0x00,
  0x30, 0x06, 0x00, 0x00, 0x30, 0x06, 0x00, 0x00, 0x20, 0x03, 0x00, 0x00,
  0x60, 0x03, 0x00, 0x00, 0x60, 0x01, 0x00, 0xC7, 0xE3, 0x07, 0x3F, 0xC7,
  0xE3, 0x07, 0x3F, 0xC7, 0xE3, 0x07, 0x3F, 0xC7, 0xE3, 0x07, 0x3F, 0xC7,
  0xE3, 0x07, 0x3F, 0xC7, 0xE3, 0x07, 0x3F, 0xC7, 0xE3, 0x07, 0x3F, 0xC7,
  0xE3, 0x07, 0x3F, 0xC7, 0xE3, 0x07, 0x3F, 0xC7, 0xE3, 0x07, 0x3F, 0xC7,
  0xE3, 0x07, 0x3F, 0xC7, 0xE3, 0x07, 0x3F, 0xC7, 0xE3, 0x07, 0x3F, 0xC7,
  0xE3, 0x07, 0x3F, 0xC7, 0xE3, 0x07, 0x3F, 0xC7, 0xE3, 0x07, 0x3F, 0xC7,
  0xE3, 0x07, 0x3F, 0xC7, 0xE3, 0x07, 0x3F, 0xC7, 0xE3, 0x07, 0x3F, 0xC7,
  0xE3, 0x07, 0x3F, 0xC7, 0xE3, 0x07, 0x3F, 0xC7, 0xE3, 0x07, 0x3F, 0xC7,
  0xE3, 0x07, 0x3F, 0xC7, 0xE3, 0x07, 0x3F, 0xC7, 0xE3, 0x07, 0x3F, 0xC7,
  0xE3, 0x07, 0x3F, 0xC7, 0xE3, 0x07, 0x3F, 0xC7, 0xE3, 0x07, 0x3F, 0xC7,
  0xE3, 0x07, 0x3F, 0xC7, 0xE3, 0x07, 0x3F, 0xC7, 0xE3, 0x07, 0x3F, 0xC7,
  0xE3, 0x07, 0x3F, 0xC7, 0xE3, 0x07, 0x3F, 0xC7, 0xE3, 0x07, 0x3F, 0xC7,
  0xE3, 0x07, 0x3F, 0xC7, 0xE3, 0x07, 0x3F, 0xC7, 0xE3, 0x07, 0x3F, 0xC7,
  0xE3, 0x07, 0x3F, 0xC7, 0xE3, 0x07, 0x3F, 0xC7, 0xE3, 0x07, 0x3F, 0xC7,
  0xE3, 0x07, 0x3F, 0xC7, 0xE3, 0x07, 0x3F, 0xC7, 0xE3, 0x07, 0x3F, 0xC7,
  0xE3, 0x07, 0x3F, 0xC7, 0xE3, 0x07, 0x3F, 0xC7, 0xE3, 0x07, 0x3F, 0x00,
  0x00, 0x00, 0x00, 0x00, 0x00, 0x00, 0x00, 0x00, 0x00, 0x00, 0x00, 0x00,
  0x00, 0x00, 0x00, 0x00, 0x1F, 0xF0, 0x00, 0x00, 0x1F, 0xF8, 0x00, 0x00,
  0x18, 0x0C, 0x00, 0x00, 0x18, 0x04, 0x00, 0x00, 0x18, 0x06, 0x00, 0x00,
  0x18, 0x06, 0x00, 0x00, 0x18, 0x0C, 0x00, 0x00, 0x18, 0x1C, 0x00, 0x00,
  0x1F, 0xF8, 0x00, 0x00, 0x1F, 0xFC, 0x00, 0x00, 0x18, 0x06, 0x00, 0x00,
  0x18, 0x02, 0x00, 0x00, 0x18, 0x03, 0x00, 0x00, 0x18, 0x03, 0x00, 0x00,
  0x18, 0x02, 0x00, 0x00, 0x18, 0x06, 0x00, 0x00, 0x1F, 0xFC, 0x00, 0x00,
  0x1F, 0xF8, 0x00, 0xFC, 0xFC, 0xE0, 0xE7, 0xFC, 0xFC, 0xE0, 0xE7, 0xFC,
  0xFC, 0xE0, 0xE7, 0xFC, 0xFC, 0xE0, 0xE7, 0xFC, 0xFC, 0xE0, 0xE7, 0xFC,
  0xFC, 0xE0, 0xE7, 0xFC, 0xFC, 0xE0, 0xE7, 0xFC, 0xFC, 0xE0, 0xE7, 0xFC,
  0xFC, 0xE0, 0xE7, 0xFC, 0xFC, 0xE0, 0xE7, 0xFC, 0xFC, 0xE0, 0xE7, 0xFC,
  0xFC, 0xE0, 0xE7, 0xFC, 0xFC, 0xE0, 0xE7, 0xFC, 0xFC, 0xE0, 0xE7, 0xFC,
  0xFC, 0xE0, 0xE7, 0xFC, 0xFC, 0xE0, 0xE7, 0xFC, 0xFC, 0xE0, 0xE7, 0xFC,
  0xFC, 0xE0, 0xE7, 0xFC, 0xFC, 0xE0, 0xE7, 0xFC, 0xFC, 0xE0, 0xE7, 0xFC,
  0xFC, 0xE0, 0xE7, 0xFC, 0xFC, 0xE0, 0xE7, 0xFC, 0xFC, 0xE0, 0xE7, 0xFC,
  0xFC, 0xE0, 0xE7, 0xFC, 0xFC, 0xE0, 0xE7, 0xFC, 0xFC, 0xE0, 0xE7, 0xFC,
  0xFC, 0xE0, 0xE7, 0xFC, 0xFC, 0xE0, 0xE7, 0xFC, 0xFC, 0xE0, 0xE7, 0xFC,
  0xFC, 0xE0, 0xE7, 0xFC, 0xFC, 0xE0, 0xE7, 0xFC, 0xFC, 0xE0, 0xE7, 0xFC,
  0xFC, 0xE0, 0xE7, 0xFC, 0xFC, 0xE0, 0xE7, 0xFC, 0xFC, 0xE0, 0xE7, 0xFC,
  0xFC, 0xE0, 0xE7, 0xFC, 0xFC, 0xE0, 0xE7, 0xFC, 0xFC, 0xE0, 0xE7, 0xFC,
  0xFC, 0xE0, 0xE7, 0xFC, 0xFC, 0xE0, 0xE7, 0xFC, 0xFC, 0xE0, 0xE7, 0xFC,
  0xFC, 0xE0, 0xE7, 0xFC, 0xFC, 0xE0, 0xE7, 0xFC, 0xFC, 0xE0, 0xE7, 0xFC,
  0xFC, 0xE0, 0xE7, 0xFC, 0xFC, 0xE0, 0xE7, 0x00, 0x00, 0x00, 0x00, 0x00,
  0x00, 0x00, 0x00, 0x00, 0x00, 0x00, 0x00, 0x00, 0x00, 0x00, 0x00, 0x00,
  0x00, 0xF0, 0x00, 0x00, 0x03, 0xFC, 0x00, 0x00, 0x0E, 0x0E, 0x00, 0x00,
  0x0C, 0x03, 0x00, 0x00, 0x18, 0x03, 0x00, 0x00, 0x10, 0x00, 0x00, 0x00,
  0x30, 0x00, 0x00, 0x00, 0x30, 0x00, 0x00, 0x00, 0x30, 0x00, 0x00, 0x00,
  0x30, 0x00, 0x00, 0x00, 0x30, 0x00, 0x00, 0x00, 0x30, 0x00, 0x00, 0x00,
  0x10, 0x00, 0x00, 0x00, 0x18, 0x00, 0x00, 0x00, 0x18, 0x03, 0x00, 0x00,
  0x0C, 0x06, 0x00, 0x00, 0x07, 0xBC, 0x00, 0x00, 0x01, 0xF8, 0x00, 0xC6,
  0x3E, 0x07, 0x3F, 0xC6, 0x3E, 0x07, 0x3F, 0xC6, 0x3E, 0x07, 0x3F, 0xC6,
  0x3E, 0x07, 0x3F, 0xC6, 0x3E, 0x07, 0x3F, 0xC6, 0x3E, 0x07, 0x3F, 0xC6,
  0x3E, 0x07, 0x3F, 0xC6, 0x3E, 0x07, 0x3F, 0xC6, 0x3E, 0x07, 0x3F, 0xC6,
  0x3E, 0x07, 0x3F, 0xC6, 0x3E, 0x07, 0x3F, 0xC6, 0x3E, 0x07, 0x3F, 0xC6,
  0x3E, 0x07, 0x3F, 0xC6, 0x3E, 0x07, 0x3F, 0xC6, 0x3E, 0x07, 0x3F, 0xC6,
  0x3E, 0x07, 0x3F, 0xC6, 0x3E, 0x07, 0x3F, 0xC6, 0x3E, 0x07, 0x3F, 0xC6,
  0x3E, 0x07, 0x3F, 0xC6, 0x3E, 0x07, 0x3F, 0xC6, 0x3E, 0x07, 0x3F, 0xC6,
  0x3E, 0x07, 0x3F, 0xC6, 0x3E, 0x07, 0x3F, 0xC6, 0x3E, 0x07, 0x3F, 0xC6,
  0x3E, 0x07, 0x3F, 0xC6, 0x3E, 0x07, 0x3F, 0xC6, 0x3E, 0x07, 0x3F, 0xC6,
  0x3E, 0x07, 0x3F, 0xC6, 0x3E, 0x07, 0x3F, 0xC6, 0x3E, 0x07, 0x3F, 0xC6,
  0x3E, 0x07, 0x3F, 0xC6, 0x3E, 0x07, 0x3F, 0xC6, 0x3E, 0x07, 0x3F, 0xC6,
  0x3E, 0x07, 0x3F, 0xC6, 0x3E, 0x07, 0x3F, 0xC6, 0x3E, 0x07, 0x3F, 0xC6,
  0x3E, 0x07, 0x3F, 0xC6, 0x3E, 0x07, 0x3F, 0xC6, 0x3E, 0x07, 0x3F, 0xC6,
  0x3E, 0x07, 0x3F, 0xC6, 0x3E, 0x07, 0x3F, 0xC6, 0x3E, 0x07, 0x3F, 0xC6,
  0x3E, 0x07, 0x3F, 0xC6, 0x3E, 0x07, 0x3F, 0xC6, 0x3E, 0x07, 0x3F, 0xC6,
  0x3E, 0x07, 0x3F, 0x00, 0x00, 0x00, 0x00, 0x00, 0x00, 0x00, 0x00, 0x00,
  0x00, 0x00, 0x00, 0x00, 0x00, 0x00, 0x00, 0x00, 0x1F, 0xC0, 0x00, 0x00,
  0x1F, 0xF8, 0x00, 0x00, 0x18, 0x1C, 0x00, 0x00, 0x18, 0x0E, 0x00, 0x00,
  0x18, 0x06, 0x00, 0x00, 0x18, 0x03, 0x00, 0x00, 0x18, 0x03, 0x00, 0x00,
  0x18, 0x03, 0x00, 0x00, 0x18, 0x01, 0x00, 0x00, 0x18, 0x01, 0x00, 0x00,
  0x18, 0x03, 0x00, 0x00, 0x18, 0x03, 0x00, 0x00, 0x18, 0x03, 0x00, 0x00,
  0x18, 0x06, 0x00, 0x00, 0x18, 0x06, 0x00, 0x00, 0x18, 0x1C, 0x00, 0x00,
  0x1F, 0xF8, 0x00, 0x00, 0x1F, 0xE0, 0x00, 0xFC, 0xE7, 0xE0, 0xE7, 0xFC,
  0xE7, 0xE0, 0xE7, 0xFC, 0xE7, 0xE0, 0xE7, 0xFC, 0xE7, 0xE0, 0xE7, 0xFC,
  0xE7, 0xE0, 0xE7, 0xFC, 0xE7, 0xE0, 0xE7, 0xFC, 0xE7, 0xE0, 0xE7, 0xFC,
  0xE7, 0xE0, 0xE7, 0xFC, 0xE7, 0xE0, 0xE7, 0xFC, 0xE7, 0xE0, 0xE7, 0xFC,
  0xE7, 0xE0, 0xE7, 0xFC, 0xE7, 0xE0, 0xE7, 0xFC, 0xE7, 0xE0, 0xE7, 0xFC,
  0xE7, 0xE0, 0xE7, 0xFC, 0xE7, 0xE0, 0xE7, 0xFC, 0xE7, 0xE0, 0xE7, 0xFC,
  0xE7, 0xE0, 0xE7, 0xFC, 0xE7, 0xE0, 0xE7, 0xFC, 0xE7, 0xE0, 0xE7, 0xFC,
  0xE7, 0xE0, 0xE7, 0xFC, 0xE7, 0xE0, 0xE7, 0xFC, 0xE7, 0xE0, 0xE7, 0xFC,
  0xE7, 0xE0, 0xE7, 0xFC, 0xE7, 0xE0, 0xE7, 0xFC, 0xE7, 0xE0, 0xE7, 0xFC,
  0xE7, 0xE0, 0xE7, 0xFC, 0xE7, 0xE0, 0xE7, 0xFC, 0xE7, 0xE0, 0xE7, 0xFC,
  0xE7, 0xE0, 0xE7, 0xFC, 0xE7, 0xE0, 0xE7, 0xFC, 0xE7, 0xE0, 0xE7, 0xFC,
  0xE7, 0xE0, 0xE7, 0xFC, 0xE7, 0xE0, 0xE7, 0xFC, 0xE7, 0xE0, 0xE7, 0xFC,
  0xE7, 0xE0, 0xE7, 0xFC, 0xE7, 0xE0, 0xE7, 0xFC, 0xE7, 0xE0, 0xE7, 0xFC,
  0xE7, 0xE0, 0xE7, 0xFC, 0xE7, 0xE0, 0xE7, 0xFC, 0xE7, 0xE0, 0xE7, 0xFC,
  0xE7, 0xE0, 0xE7, 0xFC, 0xE7, 0xE0, 0xE7, 0xFC, 0xE7, 0xE0, 0xE7, 0xFC,
  0xE7, 0xE0, 0xE7, 0xFC, 0xE7, 0xE0, 0xE7, 0xFC, 0xE7, 0xE0, 0xE7, 0x00,
  0x00, 0x00, 0x00, 0x00, 0x00, 0x00, 0x00, 0x00, 0x00, 0x00, 0x00, 0x00,
  0x00, 0x00, 0x00, 0x00, 0x1F, 0xFE, 0x00, 0x00, 0x1F, 0xFE, 0x00, 0x00,
  0x18, 0x00, 0x00, 0x00, 0x18, 0x00, 0x00, 0x00, 0x18, 0x00, 0x00, 0x00,
  0x18, 0x00, 0x00, 0x00, 0x18, 0x00, 0x00, 0x00, 0x18, 0x00, 0x00, 0x00,
  0x1F, 0xFE, 0x00, 0x00, 0x1F, 0xFE, 0x00, 0x00, 0x18, 0x00, 0x00, 0x00,
  0x18, 0x00, 0x00, 0x00, 0x18, 0x00, 0x00, 0x00, 0x18, 0x00, 0x00, 0x00,
  0x18, 0x00, 0x00, 0x00, 0x18, 0x00, 0x00, 0x00, 0x1F, 0xFE, 0x00, 0x00,
  0x1F, 0xFE, 0x00, 0xC7, 0xE7, 0xE0, 0xE7, 0xC7, 0xE7, 0xE0, 0xE7, 0xC7,
  0xE7, 0xE0, 0xE7, 0xC7, 0xE7, 0xE0, 0xE7, 0xC7, 0xE7, 0xE0, 0xE7, 0xC7,
  0xE7, 0xE0, 0xE7, 0xC7, 0xE7, 0xE0, 0xE7, 0xC7, 0xE7, 0xE0, 0xE7, 0xC7,
  0xE7, 0xE0, 0xE7, 0xC7, 0xE7, 0xE0, 0xE7, 0xC7, 0xE7, 0xE0, 0xE7, 0xC7,
  0xE7, 0xE0, 0xE7, 0xC7, 0xE7, 0xE0, 0xE7, 0xC7, 0xE7, 0xE0, 0xE7, 0xC7,
  0xE7, 0xE0, 0xE7, 0xC7, 0xE7, 0xE0, 0xE7, 0xC7, 0xE7, 0xE0, 0xE7, 0xC7,
  0xE7, 0xE0, 0xE7, 0xC7, 0xE7, 0xE0, 0xE7, 0xC7, 0xE7, 0xE0, 0xE7, 0xC7,
  0xE7, 0xE0, 0xE7, 0xC7, 0xE7, 0xE0, 0xE7, 0xC7, 0xE7, 0xE0, 0xE7, 0xC7,
  0xE7, 0xE0, 0xE7, 0xC7, 0xE7, 0xE0, 0xE7, 0xC7, 0xE7, 0xE0, 0xE7, 0xC7,
  0xE7, 0xE0, 0xE7, 0xC7, 0xE7, 0xE0, 0xE7, 0xC7, 0xE7, 0xE0, 0xE7, 0xC7,
  0xE7, 0xE0, 0xE7, 0xC7, 0xE7, 0xE0, 0xE7, 0xC7, 0xE7, 0xE0, 0xE7, 0xC7,
  0xE7, 0xE0, 0xE7, 0xC7, 0xE7, 0xE0, 0xE7, 0xC7, 0xE7, 0xE0, 0xE7, 0xC7,
  0xE7, 0xE0, 0xE7, 0xC7, 0xE7, 0xE0, 0xE7, 0xC7, 0xE7, 0xE0, 0xE7, 0xC7,
  0xE7, 0xE0, 0xE7, 0xC7, 0xE7, 0xE0, 0xE7, 0xC7, 0xE7, 0xE0, 0xE7, 0xC7,
  0xE7, 0xE0, 0xE7, 0xC7, 0xE7, 0xE0, 0xE7, 0xC7, 0xE7, 0xE0, 0xE7, 0xC7,
  0xE7, 0xE0, 0xE7, 0xC7, 0xE7, 0xE0, 0xE7, 0x00, 0x00, 0x00, 0x00, 0x00,
  0x00, 0x00, 0x00, 0x00, 0x00, 0x00, 0x00, 0x00, 0x00, 0x00, 0x00, 0x00,
  0x1F, 0xFC, 0x00, 0x00, 0x1F, 0xFC, 0x00, 0x00, 0x18, 0x00, 0x00, 0x00,
  0x18, 0x00, 0x00, 0x00, 0x18, 0x00, 0x00, 0x00, 0x18, 0x00, 0x00, 0x00,
  0x18, 0x00, 0x00, 0x00, 0x18, 0x00, 0x00, 0x00, 0x1F, 0xF0, 0x00, 0x00,
  0x1F, 0xF0, 0x00, 0x00, 0x18, 0x00, 0x00, 0x00, 0x18, 0x00, 0x00, 0x00,
  0x18, 0x00, 0x00, 0x00, 0x18, 0x00, 0x00, 0x00, 0x18, 0x00, 0x00, 0x00,
  0x18, 0x00, 0x00, 0x00, 0x18, 0x00, 0x00, 0x00, 0x18, 0x00, 0x00, 0xC6,
  0x30, 0x3F, 0x3F, 0xC6, 0x30, 0x3F, 0x3F, 0xC6, 0x30, 0x3F, 0x3F, 0xC6,
  0x30, 0x3F, 0x3F, 0xC6, 0x30, 0x3F, 0x3F, 0xC6, 0x30, 0x3F, 0x3F, 0xC6,
  0x30, 0x3F, 0x3F, 0xC6, 0x30, 0x3F, 0x3F, 0xC6, 0x30, 0x3F, 0x3F, 0xC6,
  0x30, 0x3F, 0x3F, 0xC6, 0x30, 0x3F, 0x3F, 0xC6, 0x30, 0x3F, 0x3F, 0xC6,
  0x30, 0x3F, 0x3F, 0xC6, 0x30, 0x3F, 0x3F, 0xC6, 0x30, 0x3F, 0x3F, 0xC6,
  0x30, 0x3F, 0x3F, 0xC6, 0x30, 0x3F, 0x3F, 0xC6, 0x30, 0x3F, 0x3F, 0xC6,
  0x30, 0x3F, 0x3F, 0xC6, 0x30, 0x3F, 0x3F, 0xC6, 0x30, 0x3F, 0x3F, 0xC6,
  0x30, 0x3F, 0x3F, 0xC6, 0x30, 0x3F, 0x3F, 0xC6, 0x30, 0x3F, 0x3F, 0xC6,
  0x30, 0x3F, 0x3F, 0xC6, 0x30, 0x3F, 0x3F, 0xC6, 0x30, 0x3F, 0x3F, 0xC6,
  0x30, 0x3F, 0x3F, 0xC6, 0x30, 0x3F, 0x3F, 0xC6, 0x30, 0x3F, 0x3F, 0xC6,
  0x30, 0x3F, 0x3F, 0xC6, 0x30, 0x3F, 0x3F, 0xC6, 0x30, 0x3F, 0x3F, 0xC6,
  0x30, 0x3F, 0x3F, 0xC6, 0x30, 0x3F, 0x3F, 0xC6, 0x30, 0x3F, 0x3F, 0xC6,
  0x30, 0x3F, 0x3F, 0xC6, 0x30, 0x3F, 0x3F, 0xC6, 0x30, 0x3F, 0x3F, 0xC6,
  0x30, 0x3F, 0x3F, 0xC6, 0x30, 0x3F, 0x3F, 0xC6, 0x30, 0x3F, 0x3F, 0xC6,
  0x30, 0x3F, 0x3F, 0xC6, 0x30, 0x3F, 0x3F, 0xC6, 0x30, 0x3F, 0x3F, 0xC6,
  0x30, 0x3F, 0x3F, 0x00, 0x00, 0x00, 0x00, 0x00, 0x00, 0x00, 0x00, 0x00,
  0x00, 0x00, 0x00, 0x00, 0x00, 0x00, 0x00, 0x00, 0x01, 0xF0, 0x00, 0x00,
  0x07, 0xF8, 0x00, 0x00, 0x0C, 0x0E, 0x00, 0x00, 0x18, 0x06, 0x00, 0x00,
  0x30, 0x03, 0x00, 0x00, 0x20, 0x00, 0x00, 0x00, 0x60, 0x00, 0x00, 0x00,
  0x60, 0x00, 0x00, 0x00, 0x60, 0x00, 0x00, 0x00, 0x60, 0x00, 0x00, 0x00,
  0x60, 0x3F, 0x80, 0x00, 0x60, 0x01, 0x80, 0x00, 0x20, 0x01, 0x00, 0x00,
  0x30, 0x03, 0x00, 0x00, 0x38, 0x06, 0x00, 0x00, 0x1C, 0x0E, 0x00, 0x00,
  0x0F, 0xBC, 0x00, 0x00, 0x03, 0xF0, 0x00, 0xFC, 0xE6, 0x07, 0xE7, 0xFC,
  0xE6, 0x07, 0xE7, 0xFC, 0xE6, 0x07, 0xE7, 0xFC, 0xE6, 0x07, 0xE7, 0xFC,
  0xE6, 0x07, 0xE7, 0xFC, 0xE6, 0x07, 0xE7, 0xFC, 0xE6, 0x07, 0xE7, 0xFC,
  0xE6, 0x07, 0xE7, 0xFC, 0xE6, 0x07, 0xE7, 0xFC, 0xE6, 0x07, 0xE7, 0xFC,
  0xE6, 0x07, 0xE7, 0xFC, 0xE6, 0x07, 0xE7, 0xFC, 0xE6, 0x07, 0xE7, 0xFC,
  0xE6, 0x07, 0xE7, 0xFC, 0xE6, 0x07, 0xE7, 0xFC, 0xE6, 0x07, 0xE7, 0xFC,
  0xE6, 0x07, 0xE7, 0xFC, 0xE6, 0x07, 0xE7, 0xFC, 0xE6, 0x07, 0xE7, 0xFC,
  0xE6, 0x07, 0xE7, 0xFC, 0xE6, 0x07, 0xE7, 0xFC, 0xE6, 0x07, 0xE7, 0xFC,
  0xE6, 0x07, 0xE7, 0xFC, 0xE6, 0x07, 0xE7, 0xFC, 0xE6, 0x07, 0xE7, 0xFC,
  0xE6, 0x07, 0xE7, 0xFC, 0xE6, 0x07, 0xE7, 0xFC, 0xE6, 0x07, 0xE7, 0xFC,
  0xE6, 0x07, 0xE7, 0xFC, 0xE6, 0x07, 0xE7, 0xFC, 0xE6, 0x07, 0xE7, 0xFC,
  0xE6, 0x07, 0xE7, 0xFC, 0xE6, 0x07, 0xE7, 0xFC, 0xE6, 0x07, 0xE7, 0xFC,
  0xE6, 0x07, 0xE7, 0xFC, 0xE6, 0x07, 0xE7, 0xFC, 0xE6, 0x07, 0xE7, 0xFC,
  0xE6, 0x07, 0xE7, 0xFC, 0xE6, 0x07, 0xE7, 0xFC, 0xE6, 0x07, 0xE7, 0xFC,
  0xE6, 0x07, 0xE7, 0xFC, 0xE6, 0x07, 0xE7, 0xFC, 0xE6, 0x07, 0xE7, 0xFC,
  0xE6, 0x07, 0xE7, 0xFC, 0xE6, 0x07, 0xE7, 0xFC, 0xE6, 0x07, 0xE7, 0x00,
  0x00, 0x00, 0x00, 0x00, 0x00, 0x00, 0x00, 0x00, 0x00, 0x00, 0x00, 0x00,
  0x00, 0x00, 0x00, 0x00, 0x18, 0x06, 0x00, 0x00, 0x18, 0x06, 0x00, 0x00,
  0x18, 0x06, 0x00, 0x00, 0x18, 0x06, 0x00, 0x00, 0x18, 0x06, 0x00, 0x00,
  0x18, 0x06, 0x00, 0x00, 0x18, 0x06, 0x00, 0x00, 0x18, 0x06, 0x00, 0x00,
  0x1F, 0xFE, 0x00, 0x00, 0x1F, 0xFE, 0x00, 0x00, 0x18, 0x06, 0x00, 0x00,
  0x18, 0x06, 0x00, 0x00, 0x18, 0x06, 0x00, 0x00, 0x18, 0x06, 0x00, 0x00,
  0x18, 0x06, 0x00, 0x00, 0x18, 0x06, 0x00, 0x00, 0x18, 0x06, 0x00, 0x00,
  0x18, 0x06, 0x00, 0xC7, 0xE6, 0x07, 0xE7, 0xC7, 0xE6, 0x07, 0xE7, 0xC7,
  0xE6, 0x07, 0xE7, 0xC7, 0xE6, 0x07, 0xE7, 0xC7, 0xE6, 0x07, 0xE7, 0xC7,
  0xE6, 0x07, 0xE7, 0xC7, 0xE6, 0x07, 0xE7, 0xC7, 0xE6, 0x07, 0xE7, 0xC7,
  0xE6, 0x07, 0xE7, 0xC7, 0xE6, 0x07, 0xE7, 0xC7, 0xE6, 0x07, 0xE7, 0xC7,
  0xE6, 0x07, 0xE7, 0xC7, 0xE6, 0x07, 0xE7, 0xC7, 0xE6, 0x07, 0xE7, 0xC7,
  0xE6, 0x07, 0xE7, 0xC7, 0xE6, 0x07, 0xE7, 0xC7, 0xE6, 0x07, 0xE7, 0xC7,
  0xE6, 0x07, 0xE7, 0xC7, 0xE6, 0x07, 0xE7, 0xC7, 0xE6, 0x07, 0xE7, 0xC7,
  0xE6, 0x07, 0xE7, 0xC7, 0xE6, 0x07, 0xE7, 0xC7, 0xE6, 0x07, 0xE7, 0xC7,
  0xE6, 0x07, 0xE7, 0xC7, 0xE6, 0x07, 0xE7, 0xC7, 0xE6, 0x07, 0xE7, 0xC7,
  0xE6, 0x07, 0xE7, 0xC7, 0xE6, 0x07, 0xE7, 0xC7, 0xE6, 0x07, 0xE7, 0xC7,
  0xE6, 0x07, 0xE7, 0xC7, 0xE6, 0x07, 0xE7, 0xC7, 0xE6, 0x07, 0xE7, 0xC7,
  0xE6, 0x07, 0xE7, 0xC7, 0xE6, 0x07, 0xE7, 0xC7, 0xE6, 0x07, 0xE7, 0xC7,
  0xE6, 0x07, 0xE7, 0xC7, 0xE6, 0x07, 0xE7, 0xC7, 0xE6, 0x07, 0xE7, 0xC7,
  0xE6, 0x07, 0xE7, 0xC7, 0xE6, 0x07, 0xE7, 0xC7, 0xE6, 0x07, 0xE7, 0xC7,
  0xE6, 0x07, 0xE7, 0xC7, 0xE6, 0x07, 0xE7, 0xC7, 0xE6, 0x07, 0xE7, 0xC7,
  0xE6, 0x07, 0xE7, 0xC7, 0xE6, 0x07, 0xE7, 0x00, 0x00, 0x00, 0x00, 0x00,
  0x00, 0x00, 0x00, 0x00, 0x00, 0x00, 0x00, 0x00, 0x00, 0x00, 0x00, 0x00,
  0x00, 0xC0, 0x00, 0x00, 0x00, 0xC0, 0x00, 0x00, 0x00, 0xC0, 0x00, 0x00,
  0x00, 0xC0, 0x00, 0x00, 0x00, 0xC0, 0x00, 0x00, 0x00, 0xC0, 0x00, 0x00,
  0x00, 0xC0, 0x00, 0x00, 0x00, 0xC0, 0x00, 0x00, 0x00, 0xC0, 0x00, 0x00,
  0x00, 0xC0, 0x00, 0x00, 0x00, 0xC0, 0x00, 0x00, 0x00, 0xC0, 0x00, 0x00,
  0x00, 0xC0, 0x00, 0x00, 0x00, 0xC0, 0x00, 0x00, 0x00, 0xC0, 0x00, 0x00,
  0x00, 0xC0, 0x00, 0x00, 0x00, 0xC0, 0x00, 0x00, 0x00, 0xC0, 0x00, 0xC6,
  0x3E, 0x07, 0xE7, 0xC6, 0x3E, 0x07, 0xE7, 0xC6, 0x3E, 0x07, 0xE7, 0xC6,
  0x3E, 0x07, 0xE7, 0xC6, 0x3E, 0x07, 0xE7, 0xC6, 0x3E, 0x07, 0xE7, 0xC6,
  0x3E, 0x07, 0xE7, 0xC6, 0x3E, 0x07, 0xE7, 0xC6, 0x3E, 0x07, 0xE7, 0xC6,
  0x3E, 0x07, 0xE7, 0xC6, 0x3E, 0x07, 0xE7, 0xC6, 0x3E, 0x07, 0xE7, 0xC6,
  0x3E, 0x07, 0xE7, 0xC6, 0x3E, 0x07, 0xE7, 0xC6, 0x3E, 0x07, 0xE7, 0xC6,
  0x3E, 0x07, 0xE7, 0xC6, 0x3E, 0x07, 0xE7, 0xC6, 0x3E, 0x07, 0xE7, 0xC6,
  0x3E, 0x07, 0xE7, 0xC6, 0x3E, 0x07, 0xE7, 0xC6, 0x3E, 0x07, 0xE7, 0xC6,
  0x3E, 0x07, 0xE7, 0xC6, 0x3E, 0x07, 0xE7, 0xC6, 0x3E, 0x07, 0xE7, 0xC6,
  0x3E, 0x07, 0xE7, 0xC6, 0x3E, 0x07, 0xE7, 0xC6, 0x3E, 0x07, 0xE7, 0xC6,
  0x3E, 0x07, 0xE7, 0xC6, 0x3E, 0x07, 0xE7, 0xC6, 0x3E, 0x07, 0xE7, 0xC6,
  0x3E, 0x07, 0xE7, 0xC6, 0x3E, 0x07, 0xE7, 0xC6, 0x3E, 0x07, 0xE7, 0xC6,
  0x3E, 0x07, 0xE7, 0xC6, 0x3E, 0x07, 0xE7, 0xC6, 0x3E, 0x07, 0xE7, 0xC6,
  0x3E, 0x07, 0xE7, 0xC6, 0x3E, 0x07, 0xE7, 0xC6, 0x3E, 0x07, 0xE7, 0xC6,
  0x3E, 0x07, 0xE7, 0xC6, 0x3E, 0x07, 0xE7, 0xC6, 0x3E, 0x07, 0xE7, 0xC6,
  0x3E, 0x07, 0xE7, 0xC6, 0x3E, 0x07, 0xE7, 0xC6, 0x3E, 0x07, 0xE7, 0xC6,
  0x3E, 0x07, 0xE7, 0x00, 0x00, 0x00, 0x00, 0x00, 0x00, 0x00, 0x00, 0x00,
  0x00, 0x00, 0x00, 0x00, 0x00, 0x00, 0x00, 0x00, 0x00, 0x06, 0x00, 0x00,
  0x00, 0x06, 0x00, 0x00, 0x00, 0x06, 0x00, 0x00, 0x00, 0x06, 0x00, 0x00,
  0x00, 0x06, 0x00, 0x00, 0x00, 0x06, 0x00, 0x00, 0x00, 0x06, 0x00, 0x00,
  0x00, 0x06, 0x00, 0x00, 0x00, 0x06, 0x00, 0x00, 0x00, 0x06, 0x00, 0x00,
  0x00, 0x06, 0x00, 0x00, 0x00, 0x06, 0x00, 0x00, 0x00, 0x06, 0x00, 0x00,
  0x00, 0x06, 0x00, 0x00, 0x18, 0x0C, 0x00, 0x00, 0x18, 0x0C, 0x00, 0x00,
  0x0F, 0xFC, 0x00, 0x00, 0x07, 0xF0, 0x00, 0xFC, 0xE6, 0x30, 0x3F, 0xFC,
  0xE6, 0x30, 0x3F, 0xFC, 0xE6, 0x30, 0x3F, 0xFC, 0xE6, 0x30, 0x3F, 0xFC,
  0xE6, 0x30, 0x3F, 0xFC, 0xE6, 0x30, 0x3F, 0xFC, 0xE6, 0x30, 0x3F, 0xFC,
  0xE6, 0x30, 0x3F, 0xFC, 0xE6, 0x30, 0x3F, 0xFC, 0xE6, 0x30, 0x3F, 0xFC,
  0xE6, 0x30, 0x3F, 0xFC, 0xE6, 0x30, 0x3F, 0xFC, 0xE6, 0x30, 0x3F, 0xFC,
  0xE6, 0x30, 0x3F, 0xFC, 0xE6, 0x30, 0x3F, 0xFC, 0xE6, 0x30, 0x3F, 0xFC,
  0xE6, 0x30, 0x3F, 0xFC, 0xE6, 0x30, 0x3F, 0xFC, 0xE6, 0x30, 0x3F, 0xFC,
  0xE6, 0x30, 0x3F, 0xFC, 0xE6, 0x30, 0x3F, 0xFC, 0xE6, 0x30, 0x3F, 0xFC,
  0xE6, 0x30, 0x3F, 0xFC, 0xE6, 0x30, 0x3F, 0xFC, 0xE6, 0x30, 0x3F, 0xFC,
  0xE6, 0x30, 0x3F, 0xFC, 0xE6, 0x30, 0x3F, 0xFC, 0xE6, 0x30, 0x3F, 0xFC,
  0xE6, 0x30, 0x3F, 0xFC, 0xE6, 0x30, 0x3F, 0xFC, 0xE6, 0x30, 0x3F, 0xFC,
  0xE6, 0x30, 0x3F, 0xFC, 0xE6, 0x30, 0x3F, 0xFC, 0xE6, 0x30, 0x3F, 0xFC,
  0xE6, 0x30, 0x3F, 0xFC, 0xE6, 0x30, 0x3F, 0xFC, 0xE6, 0x30, 0x3F, 0xFC,
  0xE6, 0x30, 0x3F, 0xFC, 0xE6, 0x30, 0x3F, 0xFC, 0xE6, 0x30, 0x3F, 0xFC,
  0xE6, 0x30, 0x3F, 0xFC, 0xE6, 0x30, 0x3F, 0xFC, 0xE6, 0x30, 0x3F, 0xFC,
  0xE6, 0x30, 0x3F, 0xFC, 0xE6, 0x30, 0x3F, 0xFC, 0xE6, 0x30, 0x3F, 0x00,
  0x00, 0x00, 0x00, 0x00, 0x00, 0x00, 0x00, 0x00, 0x00, 0x00, 0x00, 0x00,
  0x00, 0x00, 0x00, 0x00, 0x18, 0x06, 0x00, 0x00, 0x18, 0x0C, 0x00, 0x00,
  0x18, 0x18, 0x00, 0x00, 0x18, 0x30, 0x00, 0x00, 0x18, 0x60, 0x00, 0x00,
  0x18, 0x60, 0x00, 0x00, 0x18, 0xC0, 0x00, 0x00, 0x19, 0x80, 0x00, 0x00,
  0x1B, 0x00, 0x00, 0x00, 0x1F, 0x00, 0x00, 0x00, 0x1D, 0x80, 0x00, 0x00,
  0x1C, 0xC0, 0x00, 0x00, 0x18, 0x60, 0x00, 0x00, 0x18, 0x70, 0x00, 0x00,
  0x18, 0x30, 0x00, 0x00, 0x18, 0x18, 0x00, 0x00, 0x18, 0x0C, 0x00, 0x00,
  0x18, 0x0E, 0x00, 0xC7, 0xE6, 0x30, 0x3F, 0xC7, 0xE6, 0x30, 0x3F, 0xC7,
  0xE6, 0x30, 0x3F, 0xC7, 0xE6, 0x30, 0x3F, 0xC7, 0xE6, 0x30, 0x3F, 0xC7,
  0xE6, 0x30, 0x3F, 0xC7, 0xE6, 0x30, 0x3F, 0xC7, 0xE6, 0x30, 0x3F, 0xC7,
  0xE6, 0x30, 0x3F, 0xC7, 0xE6, 0x30, 0x3F, 0xC7, 0xE6, 0x30, 0x3F, 0xC7,
  0xE6, 0x30, 0x3F, 0xC7, 0xE6, 0x30, 0x3F, 0xC7, 0xE6, 0x30, 0x3F, 0xC7,
  0xE6, 0x30, 0x3F, 0xC7, 0xE6, 0x30, 0x3F, 0xC7, 0xE6, 0x30, 0x3F, 0xC7,
  0xE6, 0x30, 0x3F, 0xC7, 0xE6, 0x30, 0x3F, 0xC7, 0xE6, 0x30, 0x3F, 0xC7,
  0xE6, 0x30, 0x3F, 0xC7, 0xE6, 0x30, 0x3F, 0xC7, 0xE6, 0x30, 0x3F, 0xC7,
  0xE6, 0x30, 0x3F, 0xC7, 0xE6, 0x30, 0x3F, 0xC7, 0xE6, 0x30, 0x3F, 0xC7,
  0xE6, 0x30, 0x3F, 0xC7, 0xE6, 0x30, 0x3F, 0xC7, 0xE6, 0x30, 0x3F, 0xC7,
  0xE6, 0x30, 0x3F, 0xC7, 0xE6, 0x30, 0x3F, 0xC7, 0xE6, 0x30, 0x3F, 0xC7,
  0xE6, 0x30, 0x3F, 0xC7, 0xE6, 0x30, 0x3F, 0xC7, 0xE6, 0x30, 0x3F, 0xC7,
  0xE6, 0x30, 0x3F, 0xC7, 0xE6, 0x30, 0x3F, 0xC7, 0xE6, 0x30, 0x3F, 0xC7,
  0xE6, 0x30, 0x3F, 0xC7, 0xE6, 0x30, 0x3F, 0xC7, 0xE6, 0x30, 0x3F, 0xC7,
  0xE6, 0x30, 0x3F, 0xC7, 0xE6, 0x30, 0x3F, 0xC7, 0xE6, 0x30, 0x3F, 0xC7,
  0xE6, 0x30, 0x3F, 0xC7, 0xE6, 0x30, 0x3F, 0x00, 0x00, 0x00, 0x00, 0x00,
  0x00, 0x00, 0x00, 0x00, 0x00, 0x00, 0x00, 0x00, 0x00, 0x00, 0x00, 0x00,
  0x18, 0x00, 0x00, 0x00, 0x18, 0x00, 0x00, 0x00, 0x18, 0x00, 0x00, 0x00,
  0x18, 0x00, 0x00, 0x00, 0x18, 0x00, 0x00, 0x00, 0x18, 0x00, 0x00, 0x00,
  0x18, 0x00, 0x00, 0x00, 0x18, 0x00, 0x00, 0x00, 0x18, 0x00, 0x00, 0x00,
  0x18, 0x00, 0x00, 0x00, 0x18, 0x00, 0x00, 0x00, 0x18, 0x00, 0x00, 0x00,
  0x18, 0x00, 0x00, 0x00, 0x18, 0x00, 0x00, 0x00, 0x18, 0x00, 0x00, 0x00,
  0x18, 0x00, 0x00, 0x00, 0x1F, 0xFE, 0x00, 0x00, 0x1F, 0xFE, 0x00, 0xFC,
  0xFC, 0xE7, 0x07, 0xFC, 0xFC, 0xE7, 0x07, 0xFC, 0xFC, 0xE7, 0x07, 0xFC,
  0xFC, 0xE7, 0x07, 0xFC, 0xFC, 0xE7, 0x07, 0xFC, 0xFC, 0xE7, 0x07, 0xFC,
  0xFC, 0xE7, 0x07, 0xFC, 0xFC, 0xE7, 0x07, 0xFC, 0xFC, 0xE7, 0x07, 0xFC,
  0xFC, 0xE7, 0x07, 0xFC, 0xFC, 0xE7, 0x07, 0xFC, 0xFC, 0xE7, 0x07, 0xFC,
  0xFC, 0xE7, 0x07, 0xFC, 0xFC, 0xE7, 0x07, 0xFC, 0xFC, 0xE7, 0x07, 0xFC,
  0xFC, 0xE7, 0x07, 0xFC, 0xFC, 0xE7, 0x07, 0xFC, 0xFC, 0xE7, 0x07, 0xFC,
  0xFC, 0xE7, 0x07, 0xFC, 0xFC, 0xE7, 0x07, 0xFC, 0xFC, 0xE7, 0x07, 0xFC,
  0xFC, 0xE7, 0x07, 0xFC, 0xFC, 0xE7, 0x07, 0xFC, 0xFC, 0xE7, 0x07, 0xFC,
  0xFC, 0xE7, 0x07, 0xFC, 0xFC, 0xE7, 0x07, 0xFC, 0xFC, 0xE7, 0x07, 0xFC,
  0xFC, 0xE7, 0x07, 0xFC, 0xFC, 0xE7, 0x07, 0xFC, 0xFC, 0xE7, 0x07, 0xFC,
  0xFC, 0xE7, 0x07, 0xFC, 0xFC, 0xE7, 0x07, 0xFC, 0xFC, 0xE7, 0x07, 0xFC,
  0xFC, 0xE7, 0x07, 0xFC, 0xFC, 0xE7, 0x07, 0xFC, 0xFC, 0xE7, 0x07, 0xFC,
  0xFC, 0xE7, 0x07, 0xFC, 0xFC, 0xE7, 0x07, 0xFC, 0xFC, 0xE7, 0x07, 0xFC,
  0xFC, 0xE7, 0x07, 0xFC, 0xFC, 0xE7, 0x07, 0xFC, 0xFC, 0xE7, 0x07, 0xFC,
  0xFC, 0xE7, 0x07, 0xFC, 0xFC, 0xE7, 0x07, 0xFC, 0xFC, 0xE7, 0x07, 0xFC,
  0xFC, 0xE7, 0x07, 0x00, 0x00, 0x00, 0x00, 0x00, 0x00, 0x00, 0x00, 0x00,
  0x00, 0x00, 0x00, 0x00, 0x00, 0x00, 0x00, 0x00, 0x1C, 0x1E, 0x00, 0x00,
  0x1C, 0x1E, 0x00, 0x00, 0x1E, 0x1E, 0x00, 0x00, 0x1E, 0x16, 0x00, 0x00,
  0x1E, 0x36, 0x00, 0x00, 0x1A, 0x36, 0x00, 0x00, 0x1B, 0x36, 0x00, 0x00,
  0x1B, 0x26, 0x00, 0x00, 0x19, 0x66, 0x00, 0x00, 0x19, 0xE6, 0x00, 0x00,
  0x19, 0xC6, 0x00, 0x00, 0x19, 0xC6, 0x00, 0x00, 0x18, 0xC6, 0x00, 0x00,
  0x18, 0x06, 0x00, 0x00, 0x18, 0x06, 0x00, 0x00, 0x18, 0x06, 0x00, 0x00,
  0x18, 0x06, 0x00, 0x00, 0x18, 0x06, 0x00, 0xC6, 0x3E, 0x30, 0x3F, 0xC6,
  0x3E, 0x30, 0x3F, 0xC6, 0x3E, 0x30, 0x3F, 0xC6, 0x3E, 0x30, 0x3F, 0xC6,
  0x3E, 0x30, 0x3F, 0xC6, 0x3E, 0x30, 0x3F, 0xC6, 0x3E, 0x30, 0x3F, 0xC6,
  0x3E, 0x30, 0x3F, 0xC6, 0x3E, 0x30, 0x3F, 0xC6, 0x3E, 0x30, 0x3F, 0xC6,
  0x3E, 0x30, 0x3F, 0xC6, 0x3E, 0x30, 0x3F, 0xC6, 0x3E, 0x30, 0x3F, 0xC6,
  0x3E, 0x30, 0x3F, 0xC6, 0x3E, 0x30, 0x3F, 0xC6, 0x3E, 0x30, 0x3F, 0xC6,
  0x3E, 0x30, 0x3F, 0xC6, 0x3E, 0x30, 0x3F, 0xC6, 0x3E, 0x30, 0x3F, 0xC6,
  0x3E, 0x30, 0x3F, 0xC6, 0x3E, 0x30, 0x3F, 0xC6, 0x3E, 0x30, 0x3F, 0xC6,
  0x3E, 0x30, 0x3F, 0xC6, 0x3E, 0x30, 0x3F, 0xC6, 0x3E, 0x30, 0x3F, 0xC6,
  0x3E, 0x30, 0x3F, 0xC6, 0x3E, 0x30, 0x3F, 0xC6, 0x3E, 0x30, 0x3F, 0xC6,
  0x3E, 0x30, 0x3F, 0xC6, 0x3E, 0x30, 0x3F, 0xC6, 0x3E, 0x30, 0x3F, 0xC6,
  0x3E, 0x30, 0x3F, 0xC6, 0x3E, 0x30, 0x3F, 0xC6, 0x3E, 0x30, 0x3F, 0xC6,
  0x3E, 0x30, 0x3F, 0xC6, 0x3E, 0x30, 0x3F, 0xC6, 0x3E, 0x30, 0x3F, 0xC6,
  0x3E, 0x30, 0x3F, 0xC6, 0x3E, 0x30, 0x3F, 0xC6, 0x3E, 0x30, 0x3F, 0xC6,
  0x3E, 0x30, 0x3F, 0xC6, 0x3E, 0x30, 0x3F, 0xC6, 0x3E, 0x30, 0x3F, 0xC6,
  0x3E, 0x30, 0x3F, 0xC6, 0x3E, 0x30, 0x3F, 0xC6, 0x3E, 0x30, 0x3F, 0x00,
  0x00, 0x00, 0x00, 0x00, 0x00, 0x00, 0x00, 0x00, 0x00, 0x00, 0x00, 0x00,
  0x00, 0x00, 0x00, 0x00, 0x18, 0x06, 0x00, 0x00, 0x1C, 0x06, 0x00, 0x00,
  0x1C, 0x06, 0x00, 0x00, 0x1E, 0x06, 0x00, 0x00, 0x1A, 0x06, 0x00, 0x00,
  0x1B, 0x06, 0x00, 0x00, 0x19, 0x06, 0x00, 0x00, 0x19, 0x86, 0x00, 0x00,
  0x18, 0x86, 0x00, 0x00, 0x18, 0xC6, 0x00, 0x00, 0x18, 0x46, 0x00, 0x00,
  0x18, 0x66, 0x00, 0x00, 0x18, 0x26, 0x00, 0x00, 0x18, 0x36, 0x00, 0x00,
  0x18, 0x16, 0x00, 0x00, 0x18, 0x1E, 0x00, 0x00, 0x18, 0x0E, 0x00, 0x00,
  0x18, 0x0E, 0x00, 0xFC, 0xE7, 0xE7, 0x07, 0xFC, 0xE7, 0xE7, 0x07, 0xFC,
  0xE7, 0xE7, 0x07, 0xFC, 0xE7, 0xE7, 0x07, 0xFC, 0xE7, 0xE7, 0x07, 0xFC,
  0xE7, 0xE7, 0x07, 0xFC, 0xE7, 0xE7, 0x07, 0xFC, 0xE7, 0xE7, 0x07, 0xFC,
  0xE7, 0xE7, 0x07, 0xFC, 0xE7, 0xE7, 0x07, 0xFC, 0xE7, 0xE7, 0x07, 0xFC,
  0xE7, 0xE7, 0x07, 0xFC, 0xE7, 0xE7, 0x07, 0xFC, 0xE7, 0xE7, 0x07, 0xFC,
  0xE7, 0xE7, 0x07, 0xFC, 0xE7, 0xE7, 0x07, 0xFC, 0xE7, 0xE7, 0x07, 0xFC,
  0xE7, 0xE7, 0x07, 0xFC, 0xE7, 0xE7, 0x07, 0xFC, 0xE7, 0xE7, 0x07, 0xFC,
  0xE7, 0xE7, 0x07, 0xFC, 0xE7, 0xE7, 0x07, 0xFC, 0xE7, 0xE7, 0x07, 0xFC,
  0xE7, 0xE7, 0x07, 0xFC, 0xE7, 0xE7, 0x07, 0xFC, 0xE7, 0xE7, 0x07, 0xFC,
  0xE7, 0xE7, 0x07, 0xFC, 0xE7, 0xE7, 0x07, 0xFC, 0xE7, 0xE7, 0x07, 0xFC,
  0xE7, 0xE7, 0x07, 0xFC, 0xE7, 0xE7, 0x07, 0xFC, 0xE7, 0xE7, 0x07, 0xFC,
  0xE7, 0xE7, 0x07, 0xFC, 0xE7, 0xE7, 0x07, 0xFC, 0xE7, 0xE7, 0x07, 0xFC,
  0xE7, 0xE7, 0x07, 0xFC, 0xE7, 0xE7, 0x07, 0xFC, 0xE7, 0xE7, 0x07, 0xFC,
  0xE7, 0xE7, 0x07, 0xFC, 0xE7, 0xE7, 0x07, 0xFC, 0xE7, 0xE7, 0x07, 0xFC,
  0xE7, 0xE7, 0x07, 0xFC, 0xE7, 0xE7, 0x07, 0xFC, 0xE7, 0xE7, 0x07, 0xFC,
  0xE7, 0xE7, 0x07, 0xFC, 0xE7, 0xE7, 0x07, 0x00, 0x00, 0x00, 0x00, 0x00,
  0x00, 0x00, 0x00, 0x00, 0x00, 0x00, 0x00, 0x00, 0x00, 0x00, 0x00, 0x00,
  0x01, 0xE0, 0x00, 0x00, 0x07, 0xF0, 0x00, 0x00, 0x0C, 0x18, 0x00, 0x00,
  0x18, 0x0C, 0x00, 0x00, 0x18, 0x06, 0x00, 0x00, 0x30, 0x06, 0x00, 0x00,
  0x30, 0x02, 0x00, 0x00, 0x30, 0x02, 0x00, 0x00, 0x20, 0x03, 0x00, 0x00,
  0x20, 0x03, 0x00, 0x00, 0x30, 0x02, 0x00, 0x00, 0x30, 0x02, 0x00, 0x00,
  0x30, 0x06, 0x00, 0x00, 0x10, 0x06, 0x00, 0x00, 0x18, 0x0C, 0x00, 0x00,
  0x0C, 0x18, 0x00, 0x00, 0x07, 0xF0, 0x00, 0x00, 0x03, 0xE0, 0x00, 0xC7,
  0xE7, 0xE7, 0x07, 0xC7, 0xE7, 0xE7, 0x07, 0xC7, 0xE7, 0xE7, 0x07, 0xC7,
  0xE7, 0xE7, 0x07, 0xC7, 0xE7, 0xE7, 0x07, 0xC7, 0xE7, 0xE7, 0x07, 0xC7,
  0xE7, 0xE7, 0x07, 0xC7, 0xE7, 0xE7, 0x07, 0xC7, 0xE7, 0xE7, 0x07, 0xC7,
  0xE7, 0xE7, 0x07, 0xC7, 0xE7, 0xE7, 0x07, 0xC7, 0xE7, 0xE7, 0x07, 0xC7,
  0xE7, 0xE7, 0x07, 0xC7, 0xE7, 0xE7, 0x07, 0xC7, 0xE7, 0xE7, 0x07, 0xC7,
  0xE7, 0xE7, 0x07, 0xC7, 0xE7, 0xE7, 0x07, 0xC7, 0xE7, 0xE7, 0x07, 0xC7,
  0xE7, 0xE7, 0x07, 0xC7, 0xE7, 0xE7, 0x07, 0xC7, 0xE7, 0xE7, 0x07, 0xC7,
  0xE7, 0xE7, 0x07, 0xC7, 0xE7, 0xE7, 0x07, 0xC7, 0xE7, 0xE7, 0x07, 0xC7,
  0xE7, 0xE7, 0x07, 0xC7, 0xE7, 0xE7, 0x07, 0xC7, 0xE7, 0xE7, 0x07, 0xC7,
  0xE7, 0xE7, 0x07, 0xC7, 0xE7, 0xE7, 0x07, 0xC7, 0xE7, 0xE7, 0x07, 0xC7,
  0xE7, 0xE7, 0x07, 0xC7, 0xE7, 0xE7, 0x07, 0xC7, 0xE7, 0xE7, 0x07, 0xC7,
  0xE7, 0xE7, 0x07, 0xC7, 0xE7, 0xE7, 0x07, 0xC7, 0xE7, 0xE7, 0x07, 0xC7,
  0xE7, 0xE7, 0x07, 0xC7, 0xE7, 0xE7, 0x07, 0xC7, 0xE7, 0xE7, 0x07, 0xC7,
  0xE7, 0xE7, 0x07, 0xC7, 0xE7, 0xE7, 0x07, 0xC7, 0xE7, 0xE7, 0x07, 0xC7,
  0xE7, 0xE7, 0x07, 0xC7, 0xE7, 0xE7, 0x07, 0xC7, 0xE7, 0xE7, 0x07, 0xC7,
  0xE7, 0xE7, 0x07, 0x00, 0x00, 0x00, 0x00, 0x00, 0x00, 0x00, 0x00, 0x00,
  0x00, 0x00, 0x00, 0x00, 0x00, 0x00, 0x00, 0x00, 0x1F, 0xE0, 0x00, 0x00,
  0x1F, 0xF8, 0x00, 0x00, 0x18, 0x1C, 0x00, 0x00, 0x18, 0x0C, 0x00, 0x00,
  0x18, 0x06, 0x00, 0x00, 0x18, 0x06, 0x00, 0x00, 0x18, 0x0C, 0x00, 0x00,
  0x18, 0x0C, 0x00, 0x00, 0x18, 0x38, 0x00, 0x00, 0x1F, 0xF0, 0x00, 0x00,
  0x18, 0x00, 0x00, 0x00, 0x18, 0x00, 0x00, 0x00, 0x18, 0x00, 0x00, 0x00,
  0x18, 0x00, 0x00, 0x00, 0x18, 0x00, 0x00, 0x00, 0x18, 0x00, 0x00, 0x00,
  0x18, 0x00, 0x00, 0x00, 0x18, 0x00, 0x00, 0xC6, 0x31, 0xF0, 0x3F, 0xC6,
  0x31, 0xF0, 0x3F, 0xC6, 0x31, 0xF0, 0x3F, 0xC6, 0x31, 0xF0, 0x3F, 0xC6,
  0x31, 0xF0, 0x3F, 0xC6, 0x31, 0xF0, 0x3F, 0xC6, 0x31, 0xF0, 0x3F, 0xC6,
  0x31, 0xF0, 0x3F, 0xC6, 0x31, 0xF0, 0x3F, 0xC6, 0x31, 0xF0, 0x3F, 0xC6,
  0x31, 0xF0, 0x3F, 0xC6, 0x31, 0xF0, 0x3F, 0xC6, 0x31, 0xF0, 0x3F, 0xC6,
  0x31, 0xF0, 0x3F, 0xC6, 0x31, 0xF0, 0x3F, 0xC6, 0x31, 0xF0, 0x3F, 0xC6,
  0x31, 0xF0, 0x3F, 0xC6, 0x31, 0xF0, 0x3F, 0xC6, 0x31, 0xF0, 0x3F, 0xC6,
  0x31, 0xF0, 0x3F, 0xC6, 0x31, 0xF0, 0x3F, 0xC6, 0x31, 0xF0, 0x3F, 0xC6,
  0x31, 0xF0, 0x3F, 0xC6, 0x31, 0xF0, 0x3F, 0xC6, 0x31, 0xF0, 0x3F, 0xC6,
  0x31, 0xF0, 0x3F, 0xC6, 0x31, 0xF0, 0x3F, 0xC6, 0x31, 0xF0, 0x3F, 0xC6,
  0x31, 0xF0, 0x3F, 0xC6, 0x31, 0xF0, 0x3F, 0xC6, 0x31, 0xF0, 0x3F, 0xC6,
  0x31, 0xF0, 0x3F, 0xC6, 0x31, 0xF0, 0x3F, 0xC6, 0x31, 0xF0, 0x3F, 0xC6,
  0x31, 0xF0, 0x3F, 0xC6, 0x31, 0xF0, 0x3F, 0xC6, 0x31, 0xF0, 0x3F, 0xC6,
  0x31, 0xF0, 0x3F, 0xC6, 0x31, 0xF0, 0x3F, 0xC6, 0x31, 0xF0, 0x3F, 0xC6,
  0x31, 0xF0, 0x3F, 0xC6, 0x31, 0xF0, 0x3F, 0xC6, 0x31, 0xF0, 0x3F, 0xC6,
  0x31, 0xF0, 0x3F, 0xC6, 0x31, 0xF0, 0x3F, 0xC6, 0x31, 0xF0, 0x3F, 0x00,
  0x00, 0x00, 0x00, 0x00, 0x00, 0x00, 0x00, 0x00, 0x00, 0x00, 0x00, 0x00,
  0x00, 0x00, 0x00, 0x00, 0x01, 0xE0, 0x00, 0x00, 0x07, 0xF8, 0x00, 0x00,
  0x0C, 0x1C, 0x00, 0x00, 0x18, 0x06, 0x00, 0x00, 0x30, 0x06, 0x00, 0x00,
  0x30, 0x03, 0x00, 0x00, 0x20, 0x03, 0x00, 0x00, 0x60, 0x01, 0x00, 0x00,
  0x60, 0x01, 0x00, 0x00, 0x60, 0x01, 0x00, 0x00, 0x60, 0x01, 0x00, 0x00,
  0x20, 0x43, 0x00, 0x00, 0x20, 0x63, 0x00, 0x00, 0x30, 0x72, 0x00, 0x00,
  0x18, 0x3E, 0x00, 0x00, 0x1C, 0x1C, 0x00, 0x00, 0x0F, 0x3F, 0x00, 0x00,
  0x03, 0xF3, 0x00, 0xFC, 0xE6, 0x3F, 0x07, 0xFC, 0xE6, 0x3F, 0x07, 0xFC,
  0xE6, 0x3F, 0x07, 0xFC, 0xE6, 0x3F, 0x07, 0xFC, 0xE6, 0x3F, 0x07, 0xFC,
  0xE6, 0x3F, 0x07, 0xFC, 0xE6, 0x3F, 0x07, 0xFC, 0xE6, 0x3F, 0x07, 0xFC,
  0xE6, 0x3F, 0x07, 0xFC, 0xE6, 0x3F, 0x07, 0xFC, 0xE6, 0x3F, 0x07, 0xFC,
  0xE6, 0x3F, 0x07, 0xFC, 0xE6, 0x3F, 0x07, 0xFC, 0xE6, 0x3F, 0x07, 0xFC,
  0xE6, 0x3F, 0x07, 0xFC, 0xE6, 0x3F, 0x07, 0xFC, 0xE6, 0x3F, 0x07, 0xFC,
  0xE6, 0x3F, 0x07, 0xFC, 0xE6, 0x3F, 0x07, 0xFC, 0xE6, 0x3F, 0x07, 0xFC,
  0xE6, 0x3F, 0x07, 0xFC, 0xE6, 0x3F, 0x07, 0xFC, 0xE6, 0x3F, 0x07, 0xFC,
  0xE6, 0x3F, 0x07, 0xFC, 0xE6, 0x3F, 0x07, 0xFC, 0xE6, 0x3F, 0x07, 0xFC,
  0xE6, 0x3F, 0x07, 0xFC, 0xE6, 0x3F, 0x07, 0xFC, 0xE6, 0x3F, 0x07, 0xFC,
  0xE6, 0x3F, 0x07, 0xFC, 0xE6, 0x3F, 0x07, 0xFC, 0xE6, 0x3F, 0x07, 0xFC,
  0xE6, 0x3F, 0x07, 0xFC, 0xE6, 0x3F, 0x07, 0xFC, 0xE6, 0x3F, 0x07, 0xFC,
  0xE6, 0x3F, 0x07, 0xFC, 0xE6, 0x3F, 0x07, 0xFC, 0xE6, 0x3F, 0x07, 0xFC,
  0xE6, 0x3F, 0x07, 0xFC, 0xE6, 0x3F, 0x07, 0xFC, 0xE6, 0x3F, 0x07, 0xFC,
  0xE6, 0x3F, 0x07, 0xFC, 0xE6, 0x3F, 0x07, 0xFC, 0xE6, 0x3F, 0x07, 0xFC,
  0xE6, 0x3F, 0x07, 0xFC, 0xE6, 0x3F, 0x07, 0x00, 0x00, 0x00, 0x00, 0x00,
  0x00, 0x00, 0x00, 0x00, 0x00, 0x00, 0x00, 0x00, 0x00, 0x00, 0x00, 0x00,
  0x1F, 0xE0, 0x00, 0x00, 0x1F, 0xF8, 0x00, 0x00, 0x18, 0x1C, 0x00, 0x00,
  0x18, 0x0C, 0x00, 0x00, 0x18, 0x0C, 0x00, 0x00, 0x18, 0x06, 0x00, 0x00,
  0x18, 0x06, 0x00, 0x00, 0x18, 0x0C, 0x00, 0x00, 0x18, 0x1C, 0x00, 0x00,
  0x1F, 0xF8, 0x00, 0x00, 0x1F, 0xF0, 0x00, 0x00, 0x18, 0x60, 0x00, 0x00,
  0x18, 0x60, 0x00, 0x00, 0x18, 0x30, 0x00, 0x00, 0x18, 0x18, 0x00, 0x00,
  0x18, 0x18, 0x00, 0x00, 0x18, 0x0C, 0x00, 0x00, 0x18, 0x0C, 0x00, 0xC7,
  0xE6, 0x3F, 0x07, 0xC7, 0xE6, 0x3F, 0x07, 0xC7, 0xE6, 0x3F, 0x07, 0xC7,
  0xE6, 0x3F, 0x07, 0xC7, 0xE6, 0x3F, 0x07, 0xC7, 0xE6, 0x3F, 0x07, 0xC7,
  0xE6, 0x3F, 0x07, 0xC7, 0xE6, 0x3F, 0x07, 0xC7, 0xE6, 0x3F, 0x07, 0xC7,
  0xE6, 0x3F, 0x07, 0xC7, 0xE6, 0x3F, 0x07, 0xC7, 0xE6, 0x3F, 0x07, 0xC7,
  0xE6, 0x3F, 0x07, 0xC7, 0xE6, 0x3F, 0x07, 0xC7, 0xE6, 0x3F, 0x07, 0xC7,
  0xE6, 0x3F, 0x07, 0xC7, 0xE6, 0x3F, 0x07, 0xC7, 0xE6, 0x3F, 0x07, 0xC7,
  0xE6, 0x3F, 0x07, 0xC7, 0xE6, 0x3F, 0x07, 0xC7, 0xE6, 0x3F, 0x07, 0xC7,
  0xE6, 0x3F, 0x07, 0xC7, 0xE6, 0x3F, 0x07, 0xC7, 0xE6, 0x3F, 0x07, 0xC7,
  0xE6, 0x3F, 0x07, 0xC7, 0xE6, 0x3F, 0x07, 0xC7, 0xE6, 0x3F, 0x07, 0xC7,
  0xE6, 0x3F, 0x07, 0xC7, 0xE6, 0x3F, 0x07, 0xC7, 0xE6, 0x3F, 0x07, 0xC7,
  0xE6, 0x3F, 0x07, 0xC7, 0xE6, 0x3F, 0x07, 0xC7, 0xE6, 0x3F, 0x07, 0xC7,
  0xE6, 0x3F, 0x07, 0xC7, 0xE6, 0x3F, 0x07, 0xC7, 0xE6, 0x3F, 0x07, 0xC7,
  0xE6, 0x3F, 0x07, 0xC7, 0xE6, 0x3F, 0x07, 0xC7, 0xE6, 0x3F, 0x07, 0xC7,
  0xE6, 0x3F, 0x07, 0xC7, 0xE6, 0x3F, 0x07, 0xC7, 0xE6, 0x3F, 0x07, 0xC7,
  0xE6, 0x3F, 0x07, 0xC7, 0xE6, 0x3F, 0x07, 0xC7, 0xE6, 0x3F, 0x07, 0xC7,
  0xE6, 0x3F, 0x07, 0x00, 0x00, 0x00, 0x00, 0x00, 0x00, 0x00, 0x00, 0x00,
  0x00, 0x00, 0x00, 0x00, 0x00, 0x00, 0x00, 0x00, 0x03, 0xE0, 0x00, 0x00,
  0x0F, 0xF8, 0x00, 0x00, 0x0C, 0x1C, 0x00, 0x00, 0x18, 0x0C, 0x00, 0x00,
  0x18, 0x0C, 0x00, 0x00, 0x18, 0x00, 0x00, 0x00, 0x1C, 0x00, 0x00, 0x00,
  0x0F, 0x00, 0x00, 0x00, 0x07, 0xE0, 0x00, 0x00, 0x00, 0x78, 0x00, 0x00,
  0x00, 0x1C, 0x00, 0x00, 0x00, 0x0E, 0x00, 0x00, 0x00, 0x0E, 0x00, 0x00,
  0x30, 0x0E, 0x00, 0x00, 0x18, 0x0C, 0x00, 0x00, 0x1C, 0x1C, 0x00, 0x00,
  0x0F, 0xF8, 0x00, 0x00, 0x07, 0xF0, 0x00, 0xC6, 0x3E, 0x3F, 0x07, 0xC6,
  0x3E, 0x3F, 0x07, 0xC6, 0x3E, 0x3F, 0x07, 0xC6, 0x3E, 0x3F, 0x07, 0xC6,
  0x3E, 0x3F, 0x07, 0xC6, 0x3E, 0x3F, 0x07, 0xC6, 0x3E, 0x3F, 0x07, 0xC6,
  0x3E, 0x3F, 0x07, 0xC6, 0x3E, 0x3F, 0x07, 0xC6, 0x3E, 0x3F, 0x07, 0xC6,
  0x3E, 0x3F, 0x07, 0xC6, 0x3E, 0x3F, 0x07, 0xC6, 0x3E, 0x3F, 0x07, 0xC6,
  0x3E, 0x3F, 0x07, 0xC6, 0x3E, 0x3F, 0x07, 0xC6, 0x3E, 0x3F, 0x07, 0xC6,
  0x3E, 0x3F, 0x07, 0xC6, 0x3E, 0x3F, 0x07, 0xC6, 0x3E, 0x3F, 0x07, 0xC6,
  0x3E, 0x3F, 0x07, 0xC6, 0x3E, 0x3F, 0x07, 0xC6, 0x3E, 0x3F, 0x07, 0xC6,
  0x3E, 0x3F, 0x07, 0xC6, 0x3E, 0x3F, 0x07, 0xC6, 0x3E, 0x3F, 0x07, 0xC6,
  0x3E, 0x3F, 0x07, 0xC6, 0x3E, 0x3F, 0x07, 0xC6, 0x3E, 0x3F, 0x07, 0xC6,
  0x3E, 0x3F, 0x07, 0xC6, 0x3E, 0x3F, 0x07, 0xC6, 0x3E, 0x3F, 0x07, 0xC6,
  0x3E, 0x3F, 0x07, 0xC6, 0x3E, 0x3F, 0x07, 0xC6, 0x3E, 0x3F, 0x07, 0xC6,
  0x3E, 0x3F, 0x07, 0xC6, 0x3E, 0x3F, 0x07, 0xC6, 0x3E, 0x3F, 0x07, 0xC6,
  0x3E, 0x3F, 0x07, 0xC6, 0x3E, 0x3F, 0x07, 0xC6, 0x3E, 0x3F, 0x07, 0xC6,
  0x3E, 0x3F, 0x07, 0xC6, 0x3E, 0x3F, 0x07, 0xC6, 0x3E, 0x3F, 0x07, 0xC6,
  0x3E, 0x3F, 0x07, 0xC6, 0x3E, 0x3F, 0x07, 0xC6, 0x3E, 0x3F, 0x07, 0x00,
  0x00, 0x00, 0x00, 0x00, 0x00, 0x00, 0x00, 0x00, 0x00, 0x00, 0x00, 0x00,
  0x00, 0x00, 0x00, 0x00, 0x1F, 0xFE, 0x00, 0x00, 0x1F, 0xFE, 0x00, 0x00,
  0x00, 0xC0, 0x00, 0x00, 0x00, 0xC0, 0x00, 0x00, 0x00, 0xC0, 0x00, 0x00,
  0x00, 0xC0, 0x00, 0x00, 0x00, 0xC0, 0x00, 0x00, 0x00, 0xC0, 0x00, 0x00,
  0x00, 0xC0, 0x00, 0x00, 0x00, 0xC0, 0x00, 0x00, 0x00, 0xC0, 0x00, 0x00,
  0x00, 0xC0, 0x00, 0x00, 0x00, 0xC0, 0x00, 0x00, 0x00, 0xC0, 0x00, 0x00,
  0x00, 0xC0, 0x00, 0x00, 0x00, 0xC0, 0x00, 0x00, 0x00, 0xC0, 0x00, 0x00,
  0x00, 0xC0, 0x00, 0xFC, 0x1C, 0xE7, 0x3F, 0xFC, 0x1C, 0xE7, 0x3F, 0xFC,
  0x1C, 0xE7, 0x3F, 0xFC, 0x1C, 0xE7, 0x3F, 0xFC, 0x1C, 0xE7, 0x3F, 0xFC,
  0x1C, 0xE7, 0x3F, 0xFC, 0x1C, 0xE7, 0x3F, 0xFC, 0x1C, 0xE7, 0x3F, 0xFC,
  0x1C, 0xE7, 0x3F, 0xFC, 0x1C, 0xE7, 0x3F, 0xFC, 0x1C, 0xE7, 0x3F, 0xFC,
  0x1C, 0xE7, 0x3F, 0xFC, 0x1C, 0xE7, 0x3F, 0xFC, 0x1C, 0xE7, 0x3F, 0xFC,
  0x1C, 0xE7, 0x3F, 0xFC, 0x1C, 0xE7, 0x3F, 0xFC, 0x1C, 0xE7, 0x3F, 0xFC,
  0x1C, 0xE7, 0x3F, 0xFC, 0x1C, 0xE7, 0x3F, 0xFC, 0x1C, 0xE7, 0x3F, 0xFC,
  0x1C, 0xE7, 0x3F, 0xFC, 0x1C, 0xE7, 0x3F, 0xFC, 0x1C, 0xE7, 0x3F, 0xFC,
  0x1C, 0xE7, 0x3F, 0xFC, 0x1C, 0xE7, 0x3F, 0xFC, 0x1C, 0xE7, 0x3F, 0xFC,
  0x1C, 0xE7, 0x3F, 0xFC, 0x1C, 0xE7, 0x3F, 0xFC, 0x1C, 0xE7, 0x3F, 0xFC,
  0x1C, 0xE7, 0x3F, 0xFC, 0x1C, 0xE7, 0x3F, 0xFC, 0x1C, 0xE7, 0x3F, 0xFC,
  0x1C, 0xE7, 0x3F, 0xFC, 0x1C, 0xE7, 0x3F, 0xFC, 0x1C, 0xE7, 0x3F, 0xFC,
  0x1C, 0xE7, 0x3F, 0xFC, 0x1C, 0xE7, 0x3F, 0xFC, 0x1C, 0xE7, 0x3F, 0xFC,
  0x1C, 0xE7, 0x3F, 0xFC, 0x1C, 0xE7, 0x3F, 0xFC, 0x1C, 0xE7, 0x3F, 0xFC,
  0x1C, 0xE7, 0x3F, 0xFC, 0x1C, 0xE7, 0x3F, 0xFC, 0x1C, 0xE7, 0x3F, 0xFC,
  0x1C, 0xE7, 0x3F, 0xFC, 0x1C, 0xE7, 0x3F, 0x00, 0x00, 0x00, 0x00, 0x00,
  0x00, 0x00, 0x00, 0x00, 0x00, 0x00, 0x00, 0x00, 0x00, 0x00, 0x00, 0x00,
  0x18, 0x06, 0x00, 0x00, 0x18, 0x06, 0x00, 0x00, 0x18, 0x06, 0x00, 0x00,
  0x18, 0x06, 0x00, 0x00, 0x18, 0x06, 0x00, 0x00, 0x18, 0x06, 0x00, 0x00,
  0x18, 0x06, 0x00, 0x00, 0x18, 0x06, 0x00, 0x00, 0x18, 0x06, 0x00, 0x00,
  0x18, 0x06, 0x00, 0x00, 0x18, 0x06, 0x00, 0x00, 0x18, 0x06, 0x00, 0x00,
  0x18, 0x06, 0x00, 0x00, 0x18, 0x06, 0x00, 0x00, 0x18, 0x0C, 0x00, 0x00,
  0x0C, 0x1C, 0x00, 0x00, 0x0F, 0xF8, 0x00, 0x00, 0x03, 0xF0, 0x00, 0xC0,
  0xFC, 0xE7, 0x3F, 0xC0, 0xFC, 0xE7, 0x3F, 0xC0, 0xFC, 0xE7, 0x3F, 0xC0,
  0xFC, 0xE7, 0x3F, 0xC0, 0xFC, 0xE7, 0x3F, 0xC0, 0xFC, 0xE7, 0x3F, 0xC0,
  0xFC, 0xE7, 0x3F, 0xC0, 0xFC, 0xE7, 0x3F, 0xC0, 0xFC, 0xE7, 0x3F, 0xC0,
  0xFC, 0xE7, 0x3F, 0xC0, 0xFC, 0xE7, 0x3F, 0xC0, 0xFC, 0xE7, 0x3F, 0xC0,
  0xFC, 0xE7, 0x3F, 0xC0, 0xFC, 0xE7, 0x3F, 0xC0, 0xFC, 0xE7, 0x3F, 0xC0,
  0xFC, 0xE7, 0x3F, 0xC0, 0xFC, 0xE7, 0x3F, 0xC0, 0xFC, 0xE7, 0x3F, 0xC0,
  0xFC, 0xE7, 0x3F, 0xC0, 0xFC, 0xE7, 0x3F, 0xC0, 0xFC, 0xE7, 0x3F, 0xC0,
  0xFC, 0xE7, 0x3F, 0xC0, 0xFC, 0xE7, 0x3F, 0xC0, 0xFC, 0xE7, 0x3F, 0xC0,
  0xFC, 0xE7, 0x3F, 0xC0, 0xFC, 0xE7, 0x3F, 0xC0, 0xFC, 0xE7, 0x3F, 0xC0,
  0xFC, 0xE7, 0x3F, 0xC0, 0xFC, 0xE7, 0x3F, 0xC0, 0xFC, 0xE7, 0x3F, 0xC0,
  0xFC, 0xE7, 0x3F, 0xC0, 0xFC, 0xE7, 0x3F, 0xC0, 0xFC, 0xE7, 0x3F, 0xC0,
  0xFC, 0xE7, 0x3F, 0xC0, 0xFC, 0xE7, 0x3F, 0xC0, 0xFC, 0xE7, 0x3F, 0xC0,
  0xFC, 0xE7, 0x3F, 0xC0, 0xFC, 0xE7, 0x3F, 0xC0, 0xFC, 0xE7, 0x3F, 0xC0,
  0xFC, 0xE7, 0x3F, 0xC0, 0xFC, 0xE7, 0x3F, 0xC0, 0xFC, 0xE7, 0x3F, 0xC0,
  0xFC, 0xE7, 0x3F, 0xC0, 0xFC, 0xE7, 0x3F, 0xC0, 0xFC, 0xE7, 0x3F, 0xC0,
  0xFC, 0xE7, 0x3F, 0x00, 0x00, 0x00, 0x00, 0x00, 0x00, 0x00, 0x00, 0x00,
  0x00, 0x00, 0x00, 0x00, 0x00, 0x00, 0x00, 0x00, 0x60, 0x01, 0x80, 0x00,
  0x60, 0x03, 0x00, 0x00, 0x20, 0x03, 0x00, 0x00, 0x30, 0x06, 0x00, 0x00,
  0x30, 0x06, 0x00, 0x00, 0x18, 0x06, 0x00, 0x00, 0x18, 0x0C, 0x00, 0x00,
  0x08, 0x0C, 0x00, 0x00, 0x0C, 0x18, 0x00, 0x00, 0x0C, 0x18, 0x00, 0x00,
  0x06, 0x18, 0x00, 0x00, 0x06, 0x30, 0x00, 0x00, 0x02, 0x30, 0x00, 0x00,
  0x03, 0x60, 0x00, 0x00, 0x03, 0x60, 0x00, 0x00, 0x01, 0xC0, 0x00, 0x00,
  0x01, 0xC0, 0x00, 0x00, 0x00, 0xC0, 0x00, 0xFC, 0x1F, 0x8C, 0xE7, 0xFC,
  0x1F, 0x8C, 0xE7, 0xFC, 0x1F, 0x8C, 0xE7, 0xFC, 0x1F, 0x8C, 0xE7, 0xFC,
  0x1F, 0x8C, 0xE7, 0xFC, 0x1F, 0x8C, 0xE7, 0xFC, 0x1F, 0x8C, 0xE7, 0xFC,
  0x1F, 0x8C, 0xE7, 0xFC, 0x1F, 0x8C, 0xE7, 0xFC, 0x1F, 0x8C, 0xE7, 0xFC,
  0x1F, 0x8C, 0xE7, 0xFC, 0x1F, 0x8C, 0xE7, 0xFC, 0x1F, 0x8C, 0xE7, 0xFC,
  0x1F, 0x8C, 0xE7, 0xFC, 0x1F, 0x8C, 0xE7, 0xFC, 0x1F, 0x8C, 0xE7, 0xFC,
  0x1F, 0x8C, 0xE7, 0xFC, 0x1F, 0x8C, 0xE7, 0xFC, 0x1F, 0x8C, 0xE7, 0xFC,
  0x1F, 0x8C, 0xE7, 0xFC, 0x1F, 0x8C, 0xE7, 0xFC, 0x1F, 0x8C, 0xE7, 0xFC,
  0x1F, 0x8C, 0xE7, 0xFC, 0x1F, 0x8C, 0xE7, 0xFC, 0x1F, 0x8C, 0xE7, 0xFC,
  0x1F, 0x8C, 0xE7, 0xFC, 0x1F, 0x8C, 0xE7, 0xFC, 0x1F, 0x8C, 0xE7, 0xFC,
  0x1F, 0x8C, 0xE7, 0xFC, 0x1F, 0x8C, 0xE7, 0xFC, 0x1F, 0x8C, 0xE7, 0xFC,
  0x1F, 0x8C, 0xE7, 0xFC, 0x1F, 0x8C, 0xE7, 0xFC, 0x1F, 0x8C, 0xE7, 0xFC,
  0x1F, 0x8C, 0xE7, 0xFC, 0x1F, 0x8C, 0xE7, 0xFC, 0x1F, 0x8C, 0xE7, 0xFC,
  0x1F, 0x8C, 0xE7, 0xFC, 0x1F, 0x8C, 0xE7, 0xFC, 0x1F, 0x8C, 0xE7, 0xFC,
  0x1F, 0x8C, 0xE7, 0xFC, 0x1F, 0x8C, 0xE7, 0xFC, 0x1F, 0x8C, 0xE7, 0xFC,
  0x1F, 0x8C, 0xE7, 0xFC, 0x1F, 0x8C, 0xE7, 0xFC, 0x1F, 0x8C, 0xE7, 0x00,
  0x00, 0x00, 0x00, 0x00, 0x00, 0x00, 0x00, 0x00, 0x00, 0x00, 0x00, 0x00,
  0x00, 0x00, 0x00, 0x00, 0x40, 0x01, 0x80, 0x00, 0x60, 0x01, 0x00, 0x00,
  0x60, 0x01, 0x00, 0x00, 0x60, 0x03, 0x00, 0x00, 0x20, 0x03, 0x00, 0x00,
  0x30, 0x03, 0x00, 0x00, 0x30, 0x02, 0x00, 0x00, 0x30, 0x06, 0x00, 0x00,
  0x10, 0xC6, 0x00, 0x00, 0x19, 0xC6, 0x00, 0x00, 0x19, 0xC4, 0x00, 0x00,
  0x19, 0xEC, 0x00, 0x00, 0x0B, 0x6C, 0x00, 0x00, 0x0B, 0x2C, 0x00, 0x00,
  0x0F, 0x38, 0x00, 0x00, 0x0E, 0x38, 0x00, 0x00, 0x06, 0x18, 0x00, 0x00,
  0x06, 0x18, 0x00, 0xC0, 0xE7, 0xE7, 0x3F, 0xC0, 0xE7, 0xE7, 0x3F, 0xC0,
  0xE7, 0xE7, 0x3F, 0xC0, 0xE7, 0xE7, 0x3F, 0xC0, 0xE7, 0xE7, 0x3F, 0xC0,
  0xE7, 0xE7, 0x3F, 0xC0, 0xE7, 0xE7, 0x3F, 0xC0, 0xE7, 0xE7, 0x3F, 0xC0,
  0xE7, 0xE7, 0x3F, 0xC0, 0xE7, 0xE7, 0x3F, 0xC0, 0xE7, 0xE7, 0x3F, 0xC0,
  0xE7, 0xE7, 0x3F, 0xC0, 0xE7, 0xE7, 0x3F, 0xC0, 0xE7, 0xE7, 0x3F, 0xC0,
  0xE7, 0xE7, 0x3F, 0xC0, 0xE7, 0xE7, 0x3F, 0xC0, 0xE7, 0xE7, 0x3F, 0xC0,
  0xE7, 0xE7, 0x3F, 0xC0, 0xE7, 0xE7, 0x3F, 0xC0, 0xE7, 0xE7, 0x3F, 0xC0,
  0xE7, 0xE7, 0x3F, 0xC0, 0xE7, 0xE7, 0x3F, 0xC0, 0xE7, 0xE7, 0x3F, 0xC0,
  0xE7, 0xE7, 0x3F, 0xC0, 0xE7, 0xE7, 0x3F, 0xC0, 0xE7, 0xE7, 0x3F, 0xC0,
  0xE7, 0xE7, 0x3F, 0xC0, 0xE7, 0xE7, 0x3F, 0xC0, 0xE7, 0xE7, 0x3F, 0xC0,
  0xE7, 0xE7, 0x3F, 0xC0, 0xE7, 0xE7, 0x3F, 0xC0, 0xE7, 0xE7, 0x3F, 0xC0,
  0xE7, 0xE7, 0x3F, 0xC0, 0xE7, 0xE7, 0x3F, 0xC0, 0xE7, 0xE7, 0x3F, 0xC0,
  0xE7, 0xE7, 0x3F, 0xC0, 0xE7, 0xE7, 0x3F, 0xC0, 0xE7, 0xE7, 0x3F, 0xC0,
  0xE7, 0xE7, 0x3F, 0xC0, 0xE7, 0xE7, 0x3F, 0xC0, 0xE7, 0xE7, 0x3F, 0xC0,
  0xE7, 0xE7, 0x3F, 0xC0, 0xE7, 0xE7, 0x3F, 0xC0, 0xE7, 0xE7, 0x3F, 0xC0,
  0xE7, 0xE7, 0x3F, 0xC0, 0xE7, 0xE7, 0x3F, 0x00, 0x00, 0x00, 0x00, 0x00,
  0x00, 0x00, 0x00, 0x00, 0x00, 0x00, 0x00, 0x00, 0x00, 0x00, 0x00, 0x00,
  0x30, 0x06, 0x00, 0x00, 0x18, 0x06, 0x00, 0x00, 0x0C, 0x0C, 0x00, 0x00,
  0x0C, 0x18, 0x00, 0x00, 0x06, 0x18, 0x00, 0x00, 0x06, 0x30, 0x00, 0x00,
  0x03, 0x60, 0x00, 0x00, 0x01, 0xE0, 0x00, 0x00, 0x01, 0xC0, 0x00, 0x00,
  0x01, 0xC0, 0x00, 0x00, 0x01, 0xE0, 0x00, 0x00, 0x03, 0x60, 0x00, 0x00,
  0x06, 0x30, 0x00, 0x00, 0x06, 0x18, 0x00, 0x00, 0x0C, 0x18, 0x00, 0x00,
  0x1C, 0x0C, 0x00, 0x00, 0x18, 0x06, 0x00, 0x00, 0x30, 0x06, 0x00, 0xFC,
  0x1C, 0xFC, 0xE7, 0xFC, 0x1C, 0xFC, 0xE7, 0xFC, 0x1C, 0xFC, 0xE7, 0xFC,
  0x1C, 0xFC, 0xE7, 0xFC, 0x1C, 0xFC, 0xE7, 0xFC, 0x1C, 0xFC, 0xE7, 0xFC,
  0x1C, 0xFC, 0xE7, 0xFC, 0x1C, 0xFC, 0xE7, 0xFC, 0x1C, 0xFC, 0xE7, 0xFC,
  0x1C, 0xFC, 0xE7, 0xFC, 0x1C, 0xFC, 0xE7, 0xFC, 0x1C, 0xFC, 0xE7, 0xFC,
  0x1C, 0xFC, 0xE7, 0xFC, 0x1C, 0xFC, 0xE7, 0xFC, 0x1C, 0xFC, 0xE7, 0xFC,
  0x1C, 0xFC, 0xE7, 0xFC, 0x1C, 0xFC, 0xE7, 0xFC, 0x1C, 0xFC, 0xE7, 0xFC,
  0x1C, 0xFC, 0xE7, 0xFC, 0x1C, 0xFC, 0xE7, 0xFC, 0x1C, 0xFC, 0xE7, 0xFC,
  0x1C, 0xFC, 0xE7, 0xFC, 0x1C, 0xFC, 0xE7, 0xFC, 0x1C, 0xFC, 0xE7, 0xFC,
  0x1C, 0xFC, 0xE7, 0xFC, 0x1C, 0xFC, 0xE7, 0xFC, 0x1C, 0xFC, 0xE7, 0xFC,
  0x1C, 0xFC, 0xE7, 0xFC, 0x1C, 0xFC, 0xE7, 0xFC, 0x1C, 0xFC, 0xE7, 0xFC,
  0x1C, 0xFC, 0xE7, 0xFC, 0x1C, 0xFC, 0xE7, 0xFC, 0x1C, 0xFC, 0xE7, 0xFC,
  0x1C, 0xFC, 0xE7, 0xFC, 0x1C, 0xFC, 0xE7, 0xFC, 0x1C, 0xFC, 0xE7, 0xFC,
  0x1C, 0xFC, 0xE7, 0xFC, 0x1C, 0xFC, 0xE7, 0xFC, 0x1C, 0xFC, 0xE7, 0xFC,
  0x1C, 0xFC, 0xE7, 0xFC, 0x1C, 0xFC, 0xE7, 0xFC, 0x1C, 0xFC, 0xE7, 0xFC,
  0x1C, 0xFC, 0xE7, 0xFC, 0x1C, 0xFC, 0xE7, 0xFC, 0x1C, 0xFC, 0xE7, 0xFC,
  0x1C, 0xFC, 0xE7, 0x00, 0x00, 0x00, 0x00, 0x00, 0x00, 0x00, 0x00, 0x00,
  0x00, 0x00, 0x00, 0x00, 0x00, 0x00, 0x00, 0x00, 0x30, 0x07, 0x00, 0x00,
  0x18, 0x06, 0x00, 0x00, 0x18, 0x0C, 0x00, 0x00, 0x0C, 0x0C, 0x00, 0x00,
  0x0C, 0x18, 0x00, 0x00, 0x06, 0x18, 0x00, 0x00, 0x06, 0x30, 0x00, 0x00,
  0x03, 0x30, 0x00, 0x00, 0x03, 0x60, 0x00, 0x00, 0x01, 0xE0, 0x00, 0x00,
  0x01, 0xC0, 0x00, 0x00, 0x00, 0xC0, 0x00, 0x00, 0x00, 0xC0, 0x00, 0x00,
  0x00, 0xC0, 0x00, 0x00, 0x00, 0xC0, 0x00, 0x00, 0x00, 0xC0, 0x00, 0x00,
  0x00, 0xC0, 0x00, 0x00, 0x00, 0xC0, 0x00, 0xC0, 0xFC, 0xFC, 0xE7, 0xC0,
  0xFC, 0xFC, 0xE7, 0xC0, 0xFC, 0xFC, 0xE7, 0xC0, 0xFC, 0xFC, 0xE7, 0xC0,
  0xFC, 0xFC, 0xE7, 0xC0, 0xFC, 0xFC, 0xE7, 0xC0, 0xFC, 0xFC, 0xE7, 0xC0,
  0xFC, 0xFC, 0xE7, 0xC0, 0xFC, 0xFC, 0xE7, 0xC0, 0xFC, 0xFC, 0xE7, 0xC0,
  0xFC, 0xFC, 0xE7, 0xC0, 0xFC, 0xFC, 0xE7, 0xC0, 0xFC, 0xFC, 0xE7, 0xC0,
  0xFC, 0xFC, 0xE7, 0xC0, 0xFC, 0xFC, 0xE7, 0xC0, 0xFC, 0xFC, 0xE7, 0xC0,
  0xFC, 0xFC, 0xE7, 0xC0, 0xFC, 0xFC, 0xE7, 0xC0, 0xFC, 0xFC, 0xE7, 0xC0,
  0xFC, 0xFC, 0xE7, 0xC0, 0xFC, 0xFC, 0xE7, 0xC0, 0xFC, 0xFC, 0xE7, 0xC0,
  0xFC, 0xFC, 0xE7, 0xC0, 0xFC, 0xFC, 0xE7, 0xC0, 0xFC, 0xFC, 0xE7, 0xC0,
  0xFC, 0xFC, 0xE7, 0xC0, 0xFC, 0xFC, 0xE7, 0xC0, 0xFC, 0xFC, 0xE7, 0xC0,
  0xFC, 0xFC, 0xE7, 0xC0, 0xFC, 0xFC, 0xE7, 0xC0, 0xFC, 0xFC, 0xE7, 0xC0,
  0xFC, 0xFC, 0xE7, 0xC0, 0xFC, 0xFC, 0xE7, 0xC0, 0xFC, 0xFC, 0xE7, 0xC0,
  0xFC, 0xFC, 0xE7, 0xC0, 0xFC, 0xFC, 0xE7, 0xC0, 0xFC, 0xFC, 0xE7, 0xC0,
  0xFC, 0xFC, 0xE7, 0xC0, 0xFC, 0xFC, 0xE7, 0xC0, 0xFC, 0xFC, 0xE7, 0xC0,
  0xFC, 0xFC, 0xE7, 0xC0, 0xFC, 0xFC, 0xE7, 0xC0, 0xFC, 0xFC, 0xE7, 0xC0,
  0xFC, 0xFC, 0xE7, 0xC0, 0xFC, 0xFC, 0xE7, 0xC0, 0xFC, 0xFC, 0xE7, 0x00,
  0x00, 0x00, 0x00, 0x00, 0x00, 0x00, 0x00, 0x00, 0x00, 0x00, 0x00, 0x00,
  0x00, 0x00, 0x00, 0x00, 0x0F, 0xFC, 0x00, 0x00, 0x0F, 0xFC, 0x00, 0x00,
  0x00, 0x0C, 0x00, 0x00, 0x00, 0x18, 0x00, 0x00, 0x00, 0x38, 0x00, 0x00,
  0x00, 0x30, 0x00, 0x00, 0x00, 0x60, 0x00, 0x00, 0x00, 0x60, 0x00, 0x00,
  0x00, 0xC0, 0x00, 0x00, 0x01, 0xC0, 0x00, 0x00, 0x01, 0x80, 0x00, 0x00,
  0x03, 0x00, 0x00, 0x00, 0x07, 0x00, 0x00, 0x00, 0x06, 0x00, 0x00, 0x00,
  0x0C, 0x00, 0x00, 0x00, 0x0C, 0x00, 0x00, 0x00, 0x1F, 0xFE, 0x00, 0x00,
  0x1F, 0xFE, 0x00, 0x00, 0x00, 0x70, 0x00, 0x7F, 0x00, 0x1F, 0xF0, 0x03,
  0xFF, 0x00, 0x3E, 0x00, 0x07, 0xC0, 0x00, 0x78, 0x00, 0x07, 0x80, 0x00,
  0x78, 0x00, 0x07, 0x80, 0x00, 0x78, 0x00, 0x07, 0x80, 0x00, 0x78, 0x00,
  0x07, 0x80, 0x00, 0x78, 0x00, 0x07, 0x80, 0x00, 0x78, 0x00, 0x07, 0x80,
  0x00, 0x78, 0x00, 0x07, 0x80, 0x00, 0x70, 0x00, 0x07, 0x00, 0x00, 0xF0,
  0x00, 0x0F, 0x00, 0x00, 0xF0, 0x00, 0x1F, 0x00, 0x03, 0xE0, 0x00, 0xFC,
  0x00, 0xFF, 0x80, 0x0F, 0xE0, 0x00, 0xFF, 0x80, 0x00, 0x7C, 0x00, 0x01,
  0xE0, 0x00, 0x1F, 0x00, 0x00, 0xF0, 0x00, 0x0F, 0x00, 0x00, 0xF0, 0x00,
  0x07, 0x00, 0x00, 0x70, 0x00, 0x07, 0x80, 0x00, 0x78, 0x00, 0x07, 0x80,
  0x00, 0x78, 0x00, 0x07, 0x80, 0x00, 0x78, 0x00, 0x07, 0x80, 0x00, 0x78,
  0x00, 0x07, 0x80, 0x00, 0x78, 0x00, 0x07, 0x80, 0x00, 0x78, 0x00, 0x07,
  0x80, 0x00, 0x78, 0x00, 0x07, 0xC0, 0x00, 0x3E, 0x00, 0x03, 0xFF, 0x00,
  0x1F, 0xF0, 0x00, 0x7F, 0xC0, 0xFC, 0xE7, 0xE7, 0xC0, 0xFC, 0xE7, 0xE7,
  0xC0, 0xFC, 0xE7, 0xE7, 0xC0, 0xFC, 0xE7, 0xE7, 0xC0, 0xFC, 0xE7, 0xE7,
  0xC0, 0xFC, 0xE7, 0xE7, 0xC0, 0xFC, 0xE7, 0xE7, 0xC0, 0xFC, 0xE7, 0xE7,
  0xC0, 0xFC, 0xE7, 0xE7, 0xC0, 0xFC, 0xE7, 0xE7, 0xC0, 0xFC, 0xE7, 0xE7,
  0xC0, 0xFC, 0xE7, 0xE7, 0xC0, 0xFC, 0xE7, 0xE7, 0xC0, 0xFC, 0xE7, 0xE7,
  0xC0, 0xFC, 0xE7, 0xE7, 0xC0, 0xFC, 0xE7, 0xE7, 0xC0, 0xFC, 0xE7, 0xE7,
  0xC0, 0xFC, 0xE7, 0xE7, 0xC0, 0xFC, 0xE7, 0xE7, 0xC0, 0xFC, 0xE7, 0xE7,
  0xC0, 0xFC, 0xE7, 0xE7, 0xC0, 0xFC, 0xE7, 0xE7, 0xC0, 0xFC, 0xE7, 0xE7,
  0xC0, 0xFC, 0xE7, 0xE7, 0xC0, 0xFC, 0xE7, 0xE7, 0xC0, 0xFC, 0xE7, 0xE7,
  0xC0, 0xFC, 0xE7, 0xE7, 0xC0, 0xFC, 0xE7, 0xE7, 0xC0, 0xFC, 0xE7, 0xE7,
  0xC0, 0xFC, 0xE7, 0xE7, 0xC0, 0xFC, 0xE7, 0xE7, 0xC0, 0xFC, 0xE7, 0xE7,
  0xC0, 0xFC, 0xE7, 0xE7, 0xC0, 0xFC, 0xE7, 0xE7, 0xC0, 0xFC, 0xE7, 0xE7,
  0xC0, 0xFC, 0xE7, 0xE7, 0xC0, 0xFC, 0xE7, 0xE7, 0xC0, 0xFC, 0xE7, 0xE7,
  0xC0, 0xFC, 0xE7, 0xE7, 0xC0, 0xFC, 0xE7, 0xE7, 0xC0, 0xFC, 0xE7, 0xE7,
  0xC0, 0xFC, 0xE7, 0xE7, 0xC0, 0xFC, 0xE7, 0xE7, 0xC0, 0xFC, 0xE7, 0xE7,
  0xC0, 0xFC, 0xE7, 0xE7, 0xC0, 0xFC, 0xE7, 0xE7, 0x00, 0x00, 0x00, 0x00,
  0x00, 0x00, 0x00, 0x00, 0x00, 0x00, 0x00, 0x00, 0x00, 0x00, 0x00, 0x00,
  0x00, 0x00, 0x00, 0x00, 0x00, 0x00, 0x00, 0x00, 0x00, 0x00, 0x00, 0x00,
  0x00, 0x00, 0x00, 0x00, 0x00, 0x00, 0x00, 0x00, 0x00, 0x00, 0x00, 0x00,
  0x00, 0x00, 0x00, 0x00, 0x00, 0x00, 0x00, 0x00, 0x00, 0x00, 0x00, 0x00,
  0x00, 0x1F, 0xFE, 0x00, 0x00, 0x1F, 0xFE, 0x00, 0xF0, 0x00, 0x07, 0xF8,
  0x00, 0x3F, 0xF0, 0x01, 0xFF, 0x80, 0x00, 0x3E, 0x00, 0x00, 0xF0, 0x00,
  0x07, 0x80, 0x00, 0x1E, 0x00, 0x00, 0xF0, 0x00, 0x07, 0x80, 0x00, 0x3C,
  0x00, 0x01, 0xE0, 0x00, 0x0F, 0x00, 0x00, 0x78, 0x00, 0x03, 0xC0, 0x00,
  0x1E, 0x00, 0x00, 0xF0, 0x00, 0x07, 0x80, 0x00, 0x3C, 0x00, 0x01, 0xE0,
  0x00, 0x0F, 0x00, 0x00, 0x78, 0x00, 0x03, 0xC0, 0x00, 0x1E, 0x00, 0x00,
  0x78, 0x00, 0x03, 0xC0, 0x00, 0x0F, 0x00, 0x00, 0x3F, 0x00, 0x00, 0xFF,
  0x80, 0x01, 0xFC, 0x00, 0x7F, 0xE0, 0x07, 0xE0, 0x00, 0x7C, 0x00, 0x03,
  0xC0, 0x00, 0x1E, 0x00, 0x01, 0xE0, 0x00, 0x0F, 0x00, 0x00, 0x78, 0x00,
  0x03, 0xC0, 0x00, 0x1E, 0x00, 0x00, 0xF0, 0x00, 0x07, 0x80, 0x00, 0x3C,
  0x00, 0x01, 0xE0, 0x00, 0x0F, 0x00, 0x00, 0x78, 0x00, 0x03, 0xC0, 0x00,
  0x1E, 0x00, 0x00, 0xF0, 0x00, 0x07, 0x80, 0x00, 0x3C, 0x00, 0x01, 0xE0,
  0x00, 0x1E, 0x00, 0x00, 0xF0, 0x00, 0x1F, 0x80, 0x1F, 0xF8, 0x00, 0xFF,
  0x80, 0x07, 0xF0, 0x00, 0x00, 0xC0, 0xFC, 0xE7, 0xE7, 0xC0, 0xFC, 0xE7,
  0xE7, 0xC0, 0xFC, 0xE7, 0xE7, 0xC0, 0xFC, 0xE7, 0xE7, 0xC0, 0xFC, 0xE7,
  0xE7, 0xC0, 0xFC, 0xE7, 0xE7, 0xC0, 0xFC, 0xE7, 0xE7, 0xC0, 0xFC, 0xE7,
  0xE7, 0xC0, 0xFC, 0xE7, 0xE7, 0xC0, 0xFC, 0xE7, 0xE7, 0xC0, 0xFC, 0xE7,
  0xE7, 0xC0, 0xFC, 0xE7, 0xE7, 0xC0, 0xFC, 0xE7, 0xE7, 0xC0, 0xFC, 0xE7,
  0xE7, 0xC0, 0xFC, 0xE7, 0xE7, 0xC0, 0xFC, 0xE7, 0xE7, 0xC0, 0xFC, 0xE7,
  0xE7, 0xC0, 0xFC, 0xE7, 0xE7, 0xC0, 0xFC, 0xE7, 0xE7, 0xC0, 0xFC, 0xE7,
  0xE7, 0xC0, 0xFC, 0xE7, 0xE7, 0xC0, 0xFC, 0xE7, 0xE7, 0xC0, 0xFC, 0xE7,
  0xE7, 0xC0, 0xFC, 0xE7, 0xE7, 0xC0, 0xFC, 0xE7, 0xE7, 0xC0, 0xFC, 0xE7,
  0xE7, 0xC0, 0xFC, 0xE7, 0xE7, 0xC0, 0xFC, 0xE7, 0xE7, 0xC0, 0xFC, 0xE7,
  0xE7, 0xC0, 0xFC, 0xE7, 0xE7, 0xC0, 0xFC, 0xE7, 0xE7, 0xC0, 0xFC, 0xE7,
  0xE7, 0xC0, 0xFC, 0xE7, 0xE7, 0xC0, 0xFC, 0xE7, 0xE7, 0xC0, 0xFC, 0xE7,
  0xE7, 0xC0, 0xFC, 0xE7, 0xE7, 0xC0, 0xFC, 0xE7, 0xE7, 0xC0, 0xFC, 0xE7,
  0xE7, 0xC0, 0xFC, 0xE7, 0xE7, 0xC0, 0xFC, 0xE7, 0xE7, 0xC0, 0xFC, 0xE7,
  0xE7, 0xC0, 0xFC, 0xE7, 0xE7, 0xC0, 0xFC, 0xE7, 0xE7, 0xC0, 0xFC, 0xE7,
  0xE7, 0xC0, 0xFC, 0xE7, 0xE7, 0xC0, 0xFC, 0xE7, 0xE7, 0x00, 0x00, 0x00,
  0x00, 0x00, 0x00, 0x00, 0x00, 0x00, 0x00, 0x00, 0x00, 0x00, 0x00, 0x00,
  0x00, 0x00, 0x00, 0x00, 0x00, 0x00, 0x00, 0x00, 0x00, 0x00, 0x00, 0x00,
  0x00, 0x00, 0x00, 0x00, 0x00, 0x00, 0x00, 0x00, 0x00, 0x00, 0x00, 0x00,
  0x00, 0x00, 0x00, 0x00, 0x00, 0x00, 0x00, 0x00, 0x00, 0x00, 0x00, 0x00,
  0x00, 0x00, 0x1F, 0xFE, 0x00, 0x00, 0x1F, 0xFE, 0x00 };

const GFXglyph BarCode39Lesbar_3yDM30pt7bGlyphs[] PROGMEM = {
  {     0,   1,   1,   0,    0,    0 },   // 0x20 ' '
  {     1,  32,  61,  34,    0,  -67 },   // 0x21 '!'
  {   245,  32,  68,  34,    0,  -67 },   // 0x22 '"'
  {   517,  32,  61,  34,    0,  -67 },   // 0x23 '#'
  {   761,  32,  70,  34,    0,  -67 },   // 0x24 '$'
  {  1041,  32,  67,  34,    0,  -66 },   // 0x25 '%'
  {  1309,  32,  61,  34,    0,  -67 },   // 0x26 '&'
  {  1553,  32,  68,  34,    0,  -67 },   // 0x27 '''
  {  1825,   9,  59,  34,   13,  -59 },   // 0x28 '('
  {  1892,   9,  59,  34,   12,  -59 },   // 0x29 ')'
  {  1959,  32,  68,  34,    0,  -67 },   // 0x2A '*'
  {  2231,  32,  66,  34,    0,  -67 },   // 0x2B '+'
  {  2495,  32,  68,  34,    0,  -67 },   // 0x2C ','
  {  2767,  32,  61,  34,    0,  -67 },   // 0x2D '-'
  {  3011,  32,  68,  34,    0,  -67 },   // 0x2E '.'
  {  3283,  32,  69,  34,    0,  -67 },   // 0x2F '/'
  {  3559,  32,  68,  34,    0,  -67 },   // 0x30 '0'
  {  3831,  32,  68,  34,    0,  -67 },   // 0x31 '1'
  {  4103,  32,  68,  34,    0,  -67 },   // 0x32 '2'
  {  4375,  32,  68,  34,    0,  -67 },   // 0x33 '3'
  {  4647,  32,  68,  34,    0,  -67 },   // 0x34 '4'
  {  4919,  32,  68,  34,    0,  -67 },   // 0x35 '5'
  {  5191,  32,  68,  34,    0,  -67 },   // 0x36 '6'
  {  5463,  32,  68,  34,    0,  -67 },   // 0x37 '7'
  {  5735,  32,  68,  34,    0,  -67 },   // 0x38 '8'
  {  6007,  32,  68,  34,    0,  -67 },   // 0x39 '9'
  {  6279,  32,  68,  34,    0,  -67 },   // 0x3A ':'
  {  6551,  32,  68,  34,    0,  -67 },   // 0x3B ';'
  {  6823,  32,  61,  34,    0,  -67 },   // 0x3C '<'
  {  7067,  32,  61,  34,    0,  -67 },   // 0x3D '='
  {  7311,  32,  61,  34,    0,  -67 },   // 0x3E '>'
  {  7555,  32,  61,  34,    0,  -67 },   // 0x3F '?'
  {  7799,  32,  61,  34,    0,  -67 },   // 0x40 '@'
  {  8043,  32,  68,  34,    0,  -67 },   // 0x41 'A'
  {  8315,  32,  68,  34,    0,  -67 },   // 0x42 'B'
  {  8587,  32,  68,  34,    0,  -67 },   // 0x43 'C'
  {  8859,  32,  68,  34,    0,  -67 },   // 0x44 'D'
  {  9131,  32,  68,  34,    0,  -67 },   // 0x45 'E'
  {  9403,  32,  68,  34,    0,  -67 },   // 0x46 'F'
  {  9675,  32,  68,  34,    0,  -67 },   // 0x47 'G'
  {  9947,  32,  68,  34,    0,  -67 },   // 0x48 'H'
  { 10219,  32,  68,  34,    0,  -67 },   // 0x49 'I'
  { 10491,  32,  68,  34,    0,  -67 },   // 0x4A 'J'
  { 10763,  32,  68,  34,    0,  -67 },   // 0x4B 'K'
  { 11035,  32,  68,  34,    0,  -67 },   // 0x4C 'L'
  { 11307,  32,  68,  34,    0,  -67 },   // 0x4D 'M'
  { 11579,  32,  68,  34,    0,  -67 },   // 0x4E 'N'
  { 11851,  32,  68,  34,    0,  -67 },   // 0x4F 'O'
  { 12123,  32,  68,  34,    0,  -67 },   // 0x50 'P'
  { 12395,  32,  68,  34,    0,  -67 },   // 0x51 'Q'
  { 12667,  32,  68,  34,    0,  -67 },   // 0x52 'R'
  { 12939,  32,  68,  34,    0,  -67 },   // 0x53 'S'
  { 13211,  32,  68,  34,    0,  -67 },   // 0x54 'T'
  { 13483,  32,  68,  34,    0,  -67 },   // 0x55 'U'
  { 13755,  32,  68,  34,    0,  -67 },   // 0x56 'V'
  { 14027,  32,  68,  34,    0,  -67 },   // 0x57 'W'
  { 14299,  32,  68,  34,    0,  -67 },   // 0x58 'X'
  { 14571,  32,  68,  34,    0,  -67 },   // 0x59 'Y'
  { 14843,  32,  68,  34,    0,  -67 },   // 0x5A 'Z'
  { 15115,  10,  57,  34,   13,  -58 },   // 0x5B '['
  { 15187,  32,  61,  34,    0,  -67 },   // 0x5C '\'
  { 15431,  10,  57,  34,   13,  -58 },   // 0x5D ']'
  { 15503,  32,  61,  34,    0,  -67 },   // 0x5E '^'
  { 15747,  32,  61,  34,    0,  -67 },   // 0x5F '_'
  { 15991,  32,  61,  34,    0,  -67 },   // 0x60 '`'
  { 16235,  32,  68,  34,    0,  -67 },   // 0x61 'a'
  { 16507,  32,  68,  34,    0,  -67 },   // 0x62 'b'
  { 16779,  32,  68,  34,    0,  -67 },   // 0x63 'c'
  { 17051,  32,  68,  34,    0,  -67 },   // 0x64 'd'
  { 17323,  32,  68,  34,    0,  -67 },   // 0x65 'e'
  { 17595,  32,  68,  34,    0,  -67 },   // 0x66 'f'
  { 17867,  32,  68,  34,    0,  -67 },   // 0x67 'g'
  { 18139,  32,  68,  34,    0,  -67 },   // 0x68 'h'
  { 18411,  32,  68,  34,    0,  -67 },   // 0x69 'i'
  { 18683,  32,  68,  34,    0,  -67 },   // 0x6A 'j'
  { 18955,  32,  68,  34,    0,  -67 },   // 0x6B 'k'
  { 19227,  32,  68,  34,    0,  -67 },   // 0x6C 'l'
  { 19499,  32,  68,  34,    0,  -67 },   // 0x6D 'm'
  { 19771,  32,  68,  34,    0,  -67 },   // 0x6E 'n'
  { 20043,  32,  68,  34,    0,  -67 },   // 0x6F 'o'
  { 20315,  32,  68,  34,    0,  -67 },   // 0x70 'p'
  { 20587,  32,  68,  34,    0,  -67 },   // 0x71 'q'
  { 20859,  32,  68,  34,    0,  -67 },   // 0x72 'r'
  { 21131,  32,  68,  34,    0,  -67 },   // 0x73 's'
  { 21403,  32,  68,  34,    0,  -67 },   // 0x74 't'
  { 21675,  32,  68,  34,    0,  -67 },   // 0x75 'u'
  { 21947,  32,  68,  34,    0,  -67 },   // 0x76 'v'
  { 22219,  32,  68,  34,    0,  -67 },   // 0x77 'w'
  { 22491,  32,  68,  34,    0,  -67 },   // 0x78 'x'
  { 22763,  32,  68,  34,    0,  -67 },   // 0x79 'y'
  { 23035,  32,  68,  34,    0,  -67 },   // 0x7A 'z'
  { 23307,  20,  58,  34,    6,  -59 },   // 0x7B '{'
  { 23452,  32,  61,  34,    0,  -67 },   // 0x7C '|'
  { 23696,  21,  58,  34,    6,  -59 },   // 0x7D '}'
  { 23849,  32,  61,  34,    0,  -67 } }; // 0x7E '~'

const GFXfont BarCode39Lesbar_3yDM30pt7b PROGMEM = {
  (uint8_t  *)BarCode39Lesbar_3yDM30pt7bBitmaps,
  (GFXglyph *)BarCode39Lesbar_3yDM30pt7bGlyphs,
  0x20, 0x7E, 70 };

// Approx. 24765 bytes
