const uint8_t Code3xR_D2345pt7bBitmaps[] PROGMEM = {
  0x00, 0xFF, 0x03, 0xCF, 0x1F, 0xFC, 0x0F, 0x3C, 0xFF, 0xF0, 0x3C, 0xF3,
  0xFF, 0xC0, 0xF3, 0xCF, 0xFF, 0x03, 0xCF, 0x3F, 0xFC, 0x0F, 0x3C, 0xFF,
  0xF0, 0x3C, 0xF3, 0xFF, 0xC0, 0xF3, 0xCF, 0xFF, 0x03, 0xCF, 0x3F, 0xFC,
  0x0F, 0x3C, 0xFF, 0xF0, 0x3C, 0xF3, 0xFF, 0xC0, 0xF3, 0xCF, 0xFF, 0x03,
  0xCF, 0x3F, 0xFC, 0x0F, 0x3C, 0xFF, 0xF0, 0x3C, 0xF3, 0xFF, 0xC0, 0xF3,
  0xCF, 0xFF, 0x03, 0xCF, 0x3F, 0xFC, 0x0F, 0x3C, 0xFF, 0xF0, 0x3C, 0xF3,
  0xFF, 0xC0, 0xF3, 0xCF, 0xFF, 0x03, 0xCF, 0x3F, 0xFC, 0x0F, 0x3C, 0xFF,
  0xF0, 0x3C, 0xF3, 0xFF, 0xC0, 0xF3, 0xCF, 0xFF, 0x03, 0xCF, 0x3F, 0xFC,
  0x0F, 0x3C, 0xFF, 0xF0, 0x3C, 0xF3, 0xFF, 0xC0, 0xF3, 0xCF, 0xFF, 0x03,
  0xCF, 0x3F, 0xFC, 0x0F, 0x3C, 0xFF, 0xF0, 0x3C, 0xF3, 0xFF, 0xC0, 0xF3,
  0xCF, 0xFF, 0x03, 0xCF, 0x3F, 0xFC, 0x0F, 0x3C, 0xFF, 0xF0, 0x3C, 0xF3,
  0xFF, 0xC0, 0xF3, 0xCF, 0xFF, 0x03, 0xCF, 0x3F, 0xFC, 0x0F, 0x3C, 0xFF,
  0xF0, 0x3C, 0xF3, 0xFF, 0xC0, 0xF3, 0xCF, 0xFF, 0x03, 0xCF, 0x3F, 0xFC,
  0x0F, 0x3C, 0xFF, 0xF0, 0x3C, 0xF3, 0xFF, 0xC0, 0xF3, 0xCF, 0xFF, 0x03,
  0xCF, 0x3F, 0xFC, 0x0F, 0x3C, 0xFF, 0xF0, 0x3C, 0xF3, 0xFF, 0xC0, 0xF3,
  0xCF, 0xFF, 0x03, 0xCF, 0x3F, 0xFC, 0x0F, 0x3C, 0xFF, 0xF0, 0x3C, 0xF3,
  0xFF, 0xC0, 0xF3, 0xCF, 0xFF, 0x03, 0xCF, 0x3C, 0x00, 0x00, 0x00, 0x00,
  0x00, 0x00, 0x00, 0x00, 0x00, 0x00, 0x00, 0x00, 0x00, 0x00, 0x00, 0x00,
  0x00, 0x00, 0x00, 0x00, 0x00, 0x00, 0x00, 0x00, 0x00, 0x00, 0x00, 0x07,
  0x00, 0x00, 0x00, 0x1C, 0x00, 0x00, 0x00, 0x78, 0x00, 0x00, 0x01, 0xE0,
  0x00, 0x00, 0x07, 0x80, 0x00, 0x00, 0x1E, 0x00, 0x00, 0x00, 0x78, 0x00,
  0x00, 0x01, 0xE0, 0x00, 0x00, 0x07, 0x80, 0x00, 0x00, 0x1E, 0x00, 0x00,
  0x00, 0x78, 0x00, 0x00, 0x01, 0xE0, 0x00, 0x00, 0x03, 0x00, 0x00, 0x00,
  0x00, 0x00, 0x00, 0x00, 0x00, 0x00, 0x00, 0x00, 0x00, 0x00, 0x00, 0x0F,
  0x00, 0x00, 0x00, 0x3C, 0x00, 0x00, 0x00, 0xF0, 0x00, 0x00, 0x03, 0xC0,
  0x00, 0xF3, 0xCF, 0x03, 0xFF, 0xCF, 0x3C, 0x0F, 0xFF, 0x3C, 0xF0, 0x3F,
  0xFC, 0xF3, 0xC0, 0xFF, 0xF3, 0xCF, 0x03, 0xFF, 0xCF, 0x3C, 0x0F, 0xFF,
  0x3C, 0xF0, 0x3F, 0xFC, 0xF3, 0xC0, 0xFF, 0xF3, 0xCF, 0x03, 0xFF, 0xCF,
  0x3C, 0x0F, 0xFF, 0x3C, 0xF0, 0x3F, 0xFC, 0xF3, 0xC0, 0xFF, 0xF3, 0xCF,
  0x03, 0xFF, 0xCF, 0x3C, 0x0F, 0xFF, 0x3C, 0xF0, 0x3F, 0xFC, 0xF3, 0xC0,
  0xFF, 0xF3, 0xCF, 0x03, 0xFF, 0xCF, 0x3C, 0x0F, 0xFF, 0x3C, 0xF0, 0x3F,
  0xFC, 0xF3, 0xC0, 0xFF, 0xF3, 0xCF, 0x03, 0xFF, 0xCF, 0x3C, 0x0F, 0xFF,
  0x3C, 0xF0, 0x3F, 0xFC, 0xF3, 0xC0, 0xFF, 0xF3, 0xCF, 0x03, 0xFF, 0xCF,
  0x3C, 0x0F, 0xFF, 0x3C, 0xF0, 0x3F, 0xFC, 0xF3, 0xC0, 0xFF, 0xF3, 0xCF,
  0x03, 0xFF, 0xCF, 0x3C, 0x0F, 0xFF, 0x3C, 0xF0, 0x3F, 0xFC, 0xF3, 0xC0,
  0xFF, 0xF3, 0xCF, 0x03, 0xFF, 0xCF, 0x3C, 0x0F, 0xFF, 0x3C, 0xF0, 0x3F,
  0xFC, 0xF3, 0xC0, 0xFF, 0xF3, 0xCF, 0x03, 0xFF, 0xCF, 0x3C, 0x0F, 0xFF,
  0x3C, 0xF0, 0x3F, 0xFC, 0xF3, 0xC0, 0xFF, 0xF3, 0xCF, 0x03, 0xFF, 0xCF,
  0x3C, 0x0F, 0xFF, 0x3C, 0xF0, 0x3F, 0xFC, 0xF3, 0xC0, 0xFF, 0xF3, 0xCF,
  0x03, 0xFF, 0xCF, 0x3C, 0x0F, 0xFF, 0x3C, 0xF0, 0x3F, 0xFC, 0xF3, 0xC0,
  0xFF, 0xF3, 0xCF, 0x03, 0xFF, 0xCF, 0x3C, 0x0F, 0xFF, 0x3C, 0xF0, 0x3F,
  0xFC, 0xF3, 0xC0, 0xFF, 0xF3, 0xCF, 0x03, 0xFC, 0x00, 0x00, 0x00, 0x00,
  0x00, 0x00, 0x00, 0x00, 0x00, 0x00, 0x00, 0x00, 0x00, 0x00, 0x00, 0x00,
  0x00, 0x00, 0x00, 0x00, 0x00, 0x00, 0x00, 0x07, 0x1C, 0x00, 0x00, 0x3C,
  0x78, 0x00, 0x00, 0xF1, 0xE0, 0x00, 0x03, 0xC7, 0x80, 0x00, 0x0F, 0x1E,
  0x00, 0x00, 0x3C, 0x70, 0x00, 0x00, 0xF1, 0xC0, 0x00, 0x03, 0x87, 0x00,
  0x00, 0x0E, 0x0C, 0x00, 0xF3, 0xC0, 0xF3, 0xFB, 0xCF, 0x03, 0xCF, 0xFF,
  0x3C, 0x0F, 0x3F, 0xFC, 0xF0, 0x3C, 0xFF, 0xF3, 0xC0, 0xF3, 0xFF, 0xCF,
  0x03, 0xCF, 0xFF, 0x3C, 0x0F, 0x3F, 0xFC, 0xF0, 0x3C, 0xFF, 0xF3, 0xC0,
  0xF3, 0xFF, 0xCF, 0x03, 0xCF, 0xFF, 0x3C, 0x0F, 0x3F, 0xFC, 0xF0, 0x3C,
  0xFF, 0xF3, 0xC0, 0xF3, 0xFF, 0xCF, 0x03, 0xCF, 0xFF, 0x3C, 0x0F, 0x3F,
  0xFC, 0xF0, 0x3C, 0xFF, 0xF3, 0xC0, 0xF3, 0xFF, 0xCF, 0x03, 0xCF, 0xFF,
  0x3C, 0x0F, 0x3F, 0xFC, 0xF0, 0x3C, 0xFF, 0xF3, 0xC0, 0xF3, 0xFF, 0xCF,
  0x03, 0xCF, 0xFF, 0x3C, 0x0F, 0x3F, 0xFC, 0xF0, 0x3C, 0xFF, 0xF3, 0xC0,
  0xF3, 0xFF, 0xCF, 0x03, 0xCF, 0xFF, 0x3C, 0x0F, 0x3F, 0xFC, 0xF0, 0x3C,
  0xFF, 0xF3, 0xC0, 0xF3, 0xFF, 0xCF, 0x03, 0xCF, 0xFF, 0x3C, 0x0F, 0x3F,
  0xFC, 0xF0, 0x3C, 0xFF, 0xF3, 0xC0, 0xF3, 0xFF, 0xCF, 0x03, 0xCF, 0xFF,
  0x3C, 0x0F, 0x3F, 0xFC, 0xF0, 0x3C, 0xFF, 0xF3, 0xC0, 0xF3, 0xFF, 0xCF,
  0x03, 0xCF, 0xFF, 0x3C, 0x0F, 0x3F, 0xFC, 0xF0, 0x3C, 0xFF, 0xF3, 0xC0,
  0xF3, 0xFF, 0xCF, 0x03, 0xCF, 0xFF, 0x3C, 0x0F, 0x3F, 0xFC, 0xF0, 0x3C,
  0xFF, 0xF3, 0xC0, 0xF3, 0xFF, 0xCF, 0x03, 0xCF, 0xFF, 0x3C, 0x0F, 0x3F,
  0xFC, 0xF0, 0x3C, 0xFF, 0xF3, 0xC0, 0xF3, 0xFF, 0xCF, 0x03, 0xCF, 0xFF,
  0x3C, 0x0F, 0x3F, 0xFC, 0xF0, 0x3C, 0xFF, 0xF3, 0xC0, 0xF3, 0xFC, 0x00,
  0x00, 0x00, 0x00, 0x00, 0x00, 0x00, 0x00, 0x00, 0x00, 0x00, 0x00, 0x00,
  0x00, 0x00, 0x00, 0x00, 0x00, 0x00, 0x00, 0x00, 0x00, 0x00, 0x00, 0x00,
  0x00, 0x00, 0x07, 0x18, 0x00, 0x00, 0x1C, 0xF0, 0x00, 0x00, 0xF3, 0x80,
  0x00, 0x03, 0xDE, 0x00, 0x00, 0x3E, 0x78, 0x00, 0x00, 0xFF, 0xF0, 0x00,
  0x03, 0xFF, 0xC0, 0x00, 0x0F, 0xBE, 0x00, 0x00, 0x1E, 0x70, 0x00, 0x00,
  0x73, 0xC0, 0x00, 0x01, 0xCF, 0x80, 0x00, 0x1F, 0xFE, 0x00, 0x00, 0x7F,
  0xF8, 0x00, 0x01, 0xFF, 0xE0, 0x00, 0x03, 0x9E, 0x00, 0x00, 0x0E, 0x78,
  0x00, 0x00, 0x79, 0xC0, 0x00, 0x01, 0xEF, 0x00, 0x00, 0x07, 0xBC, 0x00,
  0x00, 0x1C, 0x60, 0x00, 0xF3, 0xFC, 0x0E, 0x01, 0xFC, 0xFF, 0x03, 0xC0,
  0xFF, 0x3F, 0xC0, 0xF0, 0x3F, 0xCF, 0xF0, 0x3C, 0x0F, 0xF3, 0xFC, 0x0F,
  0x03, 0xFC, 0xFF, 0x03, 0xC0, 0xFF, 0x3F, 0xC0, 0xF0, 0x3F, 0xCF, 0xF0,
  0x3C, 0x0F, 0xF3, 0xFC, 0x0F, 0x03, 0xFC, 0xFF, 0x03, 0xC0, 0xFF, 0x3F,
  0xC0, 0xF0, 0x3F, 0xCF, 0xF0, 0x3C, 0x0F, 0xF3, 0xFC, 0x0F, 0x03, 0xFC,
  0xFF, 0x03, 0xC0, 0xFF, 0x3F, 0xC0, 0xF0, 0x3F, 0xCF, 0xF0, 0x3C, 0x0F,
  0xF3, 0xFC, 0x0F, 0x03, 0xFC, 0xFF, 0x03, 0xC0, 0xFF, 0x3F, 0xC0, 0xF0,
  0x3F, 0xCF, 0xF0, 0x3C, 0x0F, 0xF3, 0xFC, 0x0F, 0x03, 0xFC, 0xFF, 0x03,
  0xC0, 0xFF, 0x3F, 0xC0, 0xF0, 0x3F, 0xCF, 0xF0, 0x3C, 0x0F, 0xF3, 0xFC,
  0x0F, 0x03, 0xFC, 0xFF, 0x03, 0xC0, 0xFF, 0x3F, 0xC0, 0xF0, 0x3F, 0xCF,
  0xF0, 0x3C, 0x0F, 0xF3, 0xFC, 0x0F, 0x03, 0xFC, 0xFF, 0x03, 0xC0, 0xFF,
  0x3F, 0xC0, 0xF0, 0x3F, 0xCF, 0xF0, 0x3C, 0x0F, 0xF3, 0xFC, 0x0F, 0x03,
  0xFC, 0xFF, 0x03, 0xC0, 0xFF, 0x3F, 0xC0, 0xF0, 0x3F, 0xCF, 0xF0, 0x3C,
  0x0F, 0xF3, 0xFC, 0x0F, 0x03, 0xFC, 0xFF, 0x03, 0xC0, 0xFF, 0x3F, 0xC0,
  0xF0, 0x3F, 0xCF, 0xF0, 0x3C, 0x0F, 0xF3, 0xFC, 0x0F, 0x03, 0xFC, 0xFF,
  0x03, 0xC0, 0xFF, 0x3F, 0xC0, 0xF0, 0x3F, 0xCF, 0xF0, 0x3C, 0x0F, 0xF3,
  0xFC, 0x0F, 0x03, 0xFC, 0xFF, 0x03, 0xC0, 0xFF, 0x3F, 0xC0, 0xF0, 0x3F,
  0xCF, 0xF0, 0x3C, 0x0F, 0xF3, 0xFC, 0x0F, 0x03, 0xFC, 0xFF, 0x03, 0xC0,
  0xFF, 0x3F, 0xC0, 0xF0, 0x3F, 0xCF, 0xF0, 0x3C, 0x0F, 0xF3, 0xFC, 0x0F,
  0x01, 0xC0, 0x00, 0x00, 0x00, 0x00, 0x00, 0x00, 0x00, 0x00, 0x00, 0x00,
  0x00, 0x00, 0x00, 0x00, 0x00, 0x00, 0x00, 0x00, 0x00, 0x00, 0x00, 0x00,
  0x00, 0x00, 0x00, 0x00, 0x00, 0x00, 0x00, 0x00, 0x00, 0xE0, 0x00, 0x00,
  0x00, 0x7C, 0x00, 0x00, 0x00, 0x7F, 0xC0, 0x00, 0x00, 0x3F, 0xFC, 0x00,
  0x00, 0x1F, 0xFF, 0x00, 0x00, 0x07, 0x7B, 0xC0, 0x00, 0x01, 0xFE, 0x60,
  0x00, 0x00, 0x7F, 0x80, 0x00, 0x00, 0x0F, 0xF8, 0x00, 0x00, 0x01, 0xFF,
  0x00, 0x00, 0x00, 0x3F, 0xE0, 0x00, 0x00, 0x07, 0xFC, 0x00, 0x00, 0x01,
  0xEF, 0x00, 0x00, 0x07, 0x7B, 0xC0, 0x00, 0x01, 0xFF, 0xF0, 0x00, 0x00,
  0x7F, 0xFC, 0x00, 0x00, 0x0F, 0xFE, 0x00, 0x00, 0x01, 0xFF, 0x00, 0x00,
  0x00, 0x0F, 0x00, 0x00, 0x00, 0x03, 0x80, 0x00, 0xF0, 0x3C, 0x0F, 0x3F,
  0xFC, 0x0F, 0x03, 0xCF, 0xFF, 0x03, 0xC0, 0xF3, 0xFF, 0xC0, 0xF0, 0x3C,
  0xFF, 0xF0, 0x3C, 0x0F, 0x3F, 0xFC, 0x0F, 0x03, 0xCF, 0xFF, 0x03, 0xC0,
  0xF3, 0xFF, 0xC0, 0xF0, 0x3C, 0xFF, 0xF0, 0x3C, 0x0F, 0x3F, 0xFC, 0x0F,
  0x03, 0xCF, 0xFF, 0x03, 0xC0, 0xF3, 0xFF, 0xC0, 0xF0, 0x3C, 0xFF, 0xF0,
  0x3C, 0x0F, 0x3F, 0xFC, 0x0F, 0x03, 0xCF, 0xFF, 0x03, 0xC0, 0xF3, 0xFF,
  0xC0, 0xF0, 0x3C, 0xFF, 0xF0, 0x3C, 0x0F, 0x3F, 0xFC, 0x0F, 0x03, 0xCF,
  0xFF, 0x03, 0xC0, 0xF3, 0xFF, 0xC0, 0xF0, 0x3C, 0xFF, 0xF0, 0x3C, 0x0F,
  0x3F, 0xFC, 0x0F, 0x03, 0xCF, 0xFF, 0x03, 0xC0, 0xF3, 0xFF, 0xC0, 0xF0,
  0x3C, 0xFF, 0xF0, 0x3C, 0x0F, 0x3F, 0xFC, 0x0F, 0x03, 0xCF, 0xFF, 0x03,
  0xC0, 0xF3, 0xFF, 0xC0, 0xF0, 0x3C, 0xFF, 0xF0, 0x3C, 0x0F, 0x3F, 0xFC,
  0x0F, 0x03, 0xCF, 0xFF, 0x03, 0xC0, 0xF3, 0xFF, 0xC0, 0xF0, 0x3C, 0xFF,
  0xF0, 0x3C, 0x0F, 0x3F, 0xFC, 0x0F, 0x03, 0xCF, 0xFF, 0x03, 0xC0, 0xF3,
  0xFF, 0xC0, 0xF0, 0x3C, 0xFF, 0xF0, 0x3C, 0x0F, 0x3F, 0xFC, 0x0F, 0x03,
  0xCF, 0xFF, 0x03, 0xC0, 0xF3, 0xFF, 0xC0, 0xF0, 0x3C, 0xFF, 0xF0, 0x3C,
  0x0F, 0x3F, 0xFC, 0x0F, 0x03, 0xCF, 0xFF, 0x03, 0xC0, 0xF3, 0xFF, 0xC0,
  0xF0, 0x3C, 0xFF, 0xF0, 0x3C, 0x0F, 0x3F, 0xFC, 0x0F, 0x03, 0xCF, 0xFF,
  0x03, 0xC0, 0xF3, 0xFF, 0xC0, 0xF0, 0x3C, 0xFF, 0xF0, 0x3C, 0x0F, 0x3F,
  0xFC, 0x0F, 0x03, 0xCF, 0xFF, 0x03, 0xC0, 0xF3, 0xFF, 0xC0, 0xF0, 0x3C,
  0xFF, 0xF0, 0x3C, 0x0F, 0x3F, 0xC0, 0x00, 0x00, 0x00, 0x00, 0x00, 0x00,
  0x00, 0x00, 0x00, 0x00, 0x00, 0x00, 0x00, 0x00, 0x00, 0x00, 0x00, 0x00,
  0x00, 0x00, 0x00, 0x00, 0x00, 0x00, 0x00, 0x00, 0x00, 0x00, 0x00, 0x00,
  0x07, 0x83, 0x00, 0x00, 0x03, 0xF1, 0xC0, 0x00, 0x01, 0xFE, 0xF0, 0x00,
  0x00, 0x7F, 0xB8, 0x00, 0x00, 0x1F, 0xFE, 0x00, 0x00, 0x07, 0xFF, 0x00,
  0x00, 0x01, 0xFF, 0x80, 0x00, 0x00, 0x3F, 0xE0, 0x00, 0x00, 0x01, 0xF0,
  0x00, 0x00, 0x00, 0x78, 0x00, 0x00, 0x00, 0x3E, 0x00, 0x00, 0x00, 0x0F,
  0x00, 0x00, 0x00, 0x07, 0xFC, 0x00, 0x00, 0x01, 0xFF, 0x80, 0x00, 0x00,
  0xFF, 0xF0, 0x00, 0x00, 0x3B, 0xFC, 0x00, 0x00, 0x0E, 0xFF, 0x00, 0x00,
  0x07, 0x3F, 0xC0, 0x00, 0x01, 0xC7, 0xE0, 0x00, 0x00, 0x60, 0xF0, 0x00,
  0xF0, 0x3C, 0xF3, 0xFB, 0xC0, 0xF3, 0xCF, 0xFF, 0x03, 0xCF, 0x3F, 0xFC,
  0x0F, 0x3C, 0xFF, 0xF0, 0x3C, 0xF3, 0xFF, 0xC0, 0xF3, 0xCF, 0xFF, 0x03,
  0xCF, 0x3F, 0xFC, 0x0F, 0x3C, 0xFF, 0xF0, 0x3C, 0xF3, 0xFF, 0xC0, 0xF3,
  0xCF, 0xFF, 0x03, 0xCF, 0x3F, 0xFC, 0x0F, 0x3C, 0xFF, 0xF0, 0x3C, 0xF3,
  0xFF, 0xC0, 0xF3, 0xCF, 0xFF, 0x03, 0xCF, 0x3F, 0xFC, 0x0F, 0x3C, 0xFF,
  0xF0, 0x3C, 0xF3, 0xFF, 0xC0, 0xF3, 0xCF, 0xFF, 0x03, 0xCF, 0x3F, 0xFC,
  0x0F, 0x3C, 0xFF, 0xF0, 0x3C, 0xF3, 0xFF, 0xC0, 0xF3, 0xCF, 0xFF, 0x03,
  0xCF, 0x3F, 0xFC, 0x0F, 0x3C, 0xFF, 0xF0, 0x3C, 0xF3, 0xFF, 0xC0, 0xF3,
  0xCF, 0xFF, 0x03, 0xCF, 0x3F, 0xFC, 0x0F, 0x3C, 0xFF, 0xF0, 0x3C, 0xF3,
  0xFF, 0xC0, 0xF3, 0xCF, 0xFF, 0x03, 0xCF, 0x3F, 0xFC, 0x0F, 0x3C, 0xFF,
  0xF0, 0x3C, 0xF3, 0xFF, 0xC0, 0xF3, 0xCF, 0xFF, 0x03, 0xCF, 0x3F, 0xFC,
  0x0F, 0x3C, 0xFF, 0xF0, 0x3C, 0xF3, 0xFF, 0xC0, 0xF3, 0xCF, 0xFF, 0x03,
  0xCF, 0x3F, 0xFC, 0x0F, 0x3C, 0xFF, 0xF0, 0x3C, 0xF3, 0xFF, 0xC0, 0xF3,
  0xCF, 0xFF, 0x03, 0xCF, 0x3F, 0xFC, 0x0F, 0x3C, 0xFF, 0xF0, 0x3C, 0xF3,
  0xFF, 0xC0, 0xF3, 0xCF, 0xFF, 0x03, 0xCF, 0x3F, 0xFC, 0x0F, 0x3C, 0xFF,
  0xF0, 0x3C, 0xF3, 0xFF, 0xC0, 0xF3, 0xCF, 0xFF, 0x03, 0xCF, 0x3F, 0xFC,
  0x0F, 0x3C, 0xFF, 0xF0, 0x3C, 0xF3, 0xFC, 0x00, 0x00, 0x00, 0x00, 0x00,
  0x00, 0x00, 0x00, 0x00, 0x00, 0x00, 0x00, 0x00, 0x00, 0x00, 0x00, 0x00,
  0x00, 0x00, 0x00, 0x00, 0x00, 0x00, 0x00, 0x00, 0x00, 0x00, 0x0F, 0x80,
  0x00, 0x00, 0xFF, 0x80, 0x00, 0x03, 0xFF, 0x00, 0x00, 0x1F, 0x7C, 0x00,
  0x00, 0x79, 0xF0, 0x00, 0x01, 0xE7, 0xC0, 0x00, 0x07, 0xBE, 0x00, 0x00,
  0x1F, 0xF0, 0x00, 0x00, 0x3F, 0x80, 0x00, 0x00, 0xFC, 0x00, 0x00, 0x07,
  0xF3, 0x80, 0x00, 0x1F, 0xEE, 0x00, 0x00, 0xF7, 0xF8, 0x00, 0x03, 0xCF,
  0xE0, 0x00, 0x0F, 0x3F, 0x80, 0x00, 0x3E, 0x7E, 0x00, 0x00, 0xFF, 0xF0,
  0x00, 0x01, 0xFF, 0xE0, 0x00, 0x03, 0xFF, 0x80, 0x00, 0x07, 0xCE, 0x00,
  0xFF, 0x03, 0xCF, 0x3F, 0xFC, 0x0F, 0x3C, 0xFF, 0xF0, 0x3C, 0xF3, 0xFF,
  0xC0, 0xF3, 0xCF, 0xFF, 0x03, 0xCF, 0x3F, 0xFC, 0x0F, 0x3C, 0xFF, 0xF0,
  0x3C, 0xF3, 0xFF, 0xC0, 0xF3, 0xCF, 0xFF, 0x03, 0xCF, 0x3F, 0xFC, 0x0F,
  0x3C, 0xFF, 0xF0, 0x3C, 0xF3, 0xFF, 0xC0, 0xF3, 0xCF, 0xFF, 0x03, 0xCF,
  0x3F, 0xFC, 0x0F, 0x3C, 0xFF, 0xF0, 0x3C, 0xF3, 0xFF, 0xC0, 0xF3, 0xCF,
  0xFF, 0x03, 0xCF, 0x3F, 0xFC, 0x0F, 0x3C, 0xFF, 0xF0, 0x3C, 0xF3, 0xFF,
  0xC0, 0xF3, 0xCF, 0xFF, 0x03, 0xCF, 0x3F, 0xFC, 0x0F, 0x3C, 0xFF, 0xF0,
  0x3C, 0xF3, 0xFF, 0xC0, 0xF3, 0xCF, 0xFF, 0x03, 0xCF, 0x3F, 0xFC, 0x0F,
  0x3C, 0xFF, 0xF0, 0x3C, 0xF3, 0xFF, 0xC0, 0xF3, 0xCF, 0xFF, 0x03, 0xCF,
  0x3F, 0xFC, 0x0F, 0x3C, 0xFF, 0xF0, 0x3C, 0xF3, 0xFF, 0xC0, 0xF3, 0xCF,
  0xFF, 0x03, 0xCF, 0x3F, 0xFC, 0x0F, 0x3C, 0xFF, 0xF0, 0x3C, 0xF3, 0xFF,
  0xC0, 0xF3, 0xCF, 0xFF, 0x03, 0xCF, 0x3F, 0xFC, 0x0F, 0x3C, 0xFF, 0xF0,
  0x3C, 0xF3, 0xFF, 0xC0, 0xF3, 0xCF, 0xFF, 0x03, 0xCF, 0x3F, 0xFC, 0x0F,
  0x3C, 0xFF, 0xF0, 0x3C, 0xF3, 0xFF, 0xC0, 0xF3, 0xCF, 0xFF, 0x03, 0xCF,
  0x3F, 0xFC, 0x0F, 0x3C, 0xFF, 0xF0, 0x3C, 0xF3, 0xFF, 0xC0, 0xF3, 0xCF,
  0xFF, 0x03, 0xCF, 0x3F, 0xFC, 0x0F, 0x3C, 0xFF, 0xF0, 0x3C, 0xF3, 0xFF,
  0xC0, 0xF3, 0xCF, 0xFF, 0x03, 0xCF, 0x3C, 0x00, 0x00, 0x00, 0x00, 0x00,
  0x00, 0x00, 0x00, 0x00, 0x00, 0x00, 0x00, 0x00, 0x00, 0x00, 0x00, 0x00,
  0x00, 0x00, 0x00, 0x00, 0x00, 0x00, 0x01, 0xE0, 0x00, 0x00, 0x0F, 0xC0,
  0x00, 0x00, 0x3F, 0x00, 0x00, 0x00, 0xFC, 0x00, 0x00, 0x03, 0xF0, 0x00,
  0x00, 0x0F, 0x80, 0x00, 0x00, 0x1E, 0x00, 0x00, 0x00, 0x78, 0x00, 0x00,
  0x01, 0xE0, 0x00, 0x00, 0x07, 0x80, 0x00, 0x00, 0x0C, 0x00, 0x00, 0xFF,
  0x39, 0xE3, 0xFF, 0xFC, 0xE7, 0x8F, 0xFF, 0xF3, 0x9E, 0x3F, 0xFF, 0xCE,
  0x78, 0xFF, 0xFF, 0x39, 0xE3, 0xFF, 0xFC, 0xE7, 0x8F, 0xFF, 0xF3, 0x9E,
  0x3F, 0xFF, 0xCE, 0x78, 0xFF, 0xFF, 0x39, 0xE3, 0xFF, 0xFC, 0xE7, 0x8F,
  0xFF, 0xF3, 0x9E, 0x3F, 0xFF, 0xCE, 0x78, 0xFF, 0xFF, 0x39, 0xE3, 0xFF,
  0xFC, 0xE7, 0x8F, 0xFF, 0xF3, 0x9E, 0x3F, 0xFF, 0xCE, 0x78, 0xFF, 0xFF,
  0x39, 0xE3, 0xFF, 0xFC, 0xE7, 0x8F, 0xFF, 0xF3, 0x9E, 0x3F, 0xFF, 0xCE,
  0x78, 0xFF, 0xFF, 0x39, 0xE3, 0xFF, 0xFC, 0xE7, 0x8F, 0xFF, 0xF3, 0x9E,
  0x3F, 0xFF, 0xCE, 0x78, 0xFF, 0xFF, 0x39, 0xE3, 0xFF, 0xFC, 0xE7, 0x8F,
  0xFF, 0xF3, 0x9E, 0x3F, 0xFF, 0xCE, 0x78, 0xFF, 0xFF, 0x39, 0xE3, 0xFF,
  0xFC, 0xE7, 0x8F, 0xFF, 0xF3, 0x9E, 0x3F, 0xFF, 0xCE, 0x78, 0xFF, 0xFF,
  0x39, 0xE3, 0xFF, 0xFC, 0xE7, 0x8F, 0xFF, 0xF3, 0x9E, 0x3F, 0xFF, 0xCE,
  0x78, 0xFF, 0xFF, 0x39, 0xE3, 0xFF, 0xFC, 0xE7, 0x8F, 0xFF, 0xF3, 0x9E,
  0x3F, 0xFF, 0xCE, 0x78, 0xFF, 0xFF, 0x39, 0xE3, 0xFF, 0xFC, 0xE7, 0x8F,
  0xFF, 0xF3, 0x9E, 0x3F, 0xFF, 0xCE, 0x78, 0xFF, 0xFF, 0x39, 0xE3, 0xFF,
  0xFC, 0xE7, 0x8F, 0xFF, 0xF3, 0x9E, 0x3F, 0xFF, 0xCE, 0x78, 0xFF, 0xFF,
  0x39, 0xE3, 0xFF, 0xFC, 0xE7, 0x8F, 0xFF, 0xF3, 0x9E, 0x3F, 0xFF, 0xCE,
  0x78, 0xFF, 0xFF, 0x39, 0xE3, 0xFC, 0x00, 0x00, 0x00, 0x00, 0x00, 0x00,
  0x00, 0x00, 0x00, 0x00, 0x00, 0x00, 0x00, 0x00, 0x00, 0x00, 0x00, 0x00,
  0x00, 0x00, 0x00, 0x00, 0x00, 0x00, 0x00, 0x00, 0x00, 0x00, 0x70, 0x00,
  0x00, 0x03, 0xC0, 0x00, 0x00, 0x1F, 0x00, 0x00, 0x00, 0xF8, 0x00, 0x00,
  0x07, 0xC0, 0x00, 0x00, 0x1E, 0x00, 0x00, 0x00, 0x78, 0x00, 0x00, 0x03,
  0xC0, 0x00, 0x00, 0x0F, 0x00, 0x00, 0x00, 0x3C, 0x00, 0x00, 0x00, 0xF0,
  0x00, 0x00, 0x03, 0xC0, 0x00, 0x00, 0x0F, 0x00, 0x00, 0x00, 0x3E, 0x00,
  0x00, 0x00, 0x78, 0x00, 0x00, 0x01, 0xF0, 0x00, 0x00, 0x03, 0xE0, 0x00,
  0x00, 0x07, 0xC0, 0x00, 0x00, 0x0F, 0x00, 0x00, 0x00, 0x1C, 0x00, 0xF3,
  0xCF, 0xF3, 0xFF, 0xCF, 0x3F, 0xCF, 0xFF, 0x3C, 0xFF, 0x3F, 0xFC, 0xF3,
  0xFC, 0xFF, 0xF3, 0xCF, 0xF3, 0xFF, 0xCF, 0x3F, 0xCF, 0xFF, 0x3C, 0xFF,
  0x3F, 0xFC, 0xF3, 0xFC, 0xFF, 0xF3, 0xCF, 0xF3, 0xFF, 0xCF, 0x3F, 0xCF,
  0xFF, 0x3C, 0xFF, 0x3F, 0xFC, 0xF3, 0xFC, 0xFF, 0xF3, 0xCF, 0xF3, 0xFF,
  0xCF, 0x3F, 0xCF, 0xFF, 0x3C, 0xFF, 0x3F, 0xFC, 0xF3, 0xFC, 0xFF, 0xF3,
  0xCF, 0xF3, 0xFF, 0xCF, 0x3F, 0xCF, 0xFF, 0x3C, 0xFF, 0x3F, 0xFC, 0xF3,
  0xFC, 0xFF, 0xF3, 0xCF, 0xF3, 0xFF, 0xCF, 0x3F, 0xCF, 0xFF, 0x3C, 0xFF,
  0x3F, 0xFC, 0xF3, 0xFC, 0xFF, 0xF3, 0xCF, 0xF3, 0xFF, 0xCF, 0x3F, 0xCF,
  0xFF, 0x3C, 0xFF, 0x3F, 0xFC, 0xF3, 0xFC, 0xFF, 0xF3, 0xCF, 0xF3, 0xFF,
  0xCF, 0x3F, 0xCF, 0xFF, 0x3C, 0xFF, 0x3F, 0xFC, 0xF3, 0xFC, 0xFF, 0xF3,
  0xCF, 0xF3, 0xFF, 0xCF, 0x3F, 0xCF, 0xFF, 0x3C, 0xFF, 0x3F, 0xFC, 0xF3,
  0xFC, 0xFF, 0xF3, 0xCF, 0xF3, 0xFF, 0xCF, 0x3F, 0xCF, 0xFF, 0x3C, 0xFF,
  0x3F, 0xFC, 0xF3, 0xFC, 0xFF, 0xF3, 0xCF, 0xF3, 0xFF, 0xCF, 0x3F, 0xCF,
  0xFF, 0x3C, 0xFF, 0x3F, 0xFC, 0xF3, 0xFC, 0xFF, 0xF3, 0xCF, 0xF3, 0xFF,
  0xCF, 0x3F, 0xCF, 0xFF, 0x3C, 0xFF, 0x3F, 0xFC, 0xF3, 0xFC, 0xFF, 0xF3,
  0xCF, 0xF3, 0xFF, 0xCF, 0x3F, 0xCF, 0xFF, 0x3C, 0xFF, 0x3F, 0xFC, 0xF3,
  0xFC, 0xFF, 0xF3, 0xCF, 0xF3, 0xFC, 0x00, 0x00, 0x00, 0x00, 0x00, 0x00,
  0x00, 0x00, 0x00, 0x00, 0x00, 0x00, 0x00, 0x00, 0x00, 0x00, 0x00, 0x00,
  0x00, 0x00, 0x00, 0x00, 0x00, 0x00, 0x00, 0x00, 0x00, 0x38, 0x00, 0x00,
  0x00, 0xF0, 0x00, 0x00, 0x03, 0xE0, 0x00, 0x00, 0x0F, 0xC0, 0x00, 0x00,
  0x1F, 0x80, 0x00, 0x00, 0x3E, 0x00, 0x00, 0x00, 0x78, 0x00, 0x00, 0x00,
  0xF0, 0x00, 0x00, 0x03, 0xC0, 0x00, 0x00, 0x0F, 0x00, 0x00, 0x00, 0x3C,
  0x00, 0x00, 0x00, 0xF0, 0x00, 0x00, 0x03, 0xC0, 0x00, 0x00, 0x1E, 0x00,
  0x00, 0x00, 0xF8, 0x00, 0x00, 0x03, 0xC0, 0x00, 0x00, 0x1F, 0x00, 0x00,
  0x00, 0xF8, 0x00, 0x00, 0x03, 0xC0, 0x00, 0x00, 0x0E, 0x00, 0x00, 0xF3,
  0xC0, 0xF0, 0x3F, 0xFC, 0xF0, 0x3C, 0x0F, 0xFF, 0x3C, 0x0F, 0x03, 0xFF,
  0xCF, 0x03, 0xC0, 0xFF, 0xF3, 0xC0, 0xF0, 0x3F, 0xFC, 0xF0, 0x3C, 0x0F,
  0xFF, 0x3C, 0x0F, 0x03, 0xFF, 0xCF, 0x03, 0xC0, 0xFF, 0xF3, 0xC0, 0xF0,
  0x3F, 0xFC, 0xF0, 0x3C, 0x0F, 0xFF, 0x3C, 0x0F, 0x03, 0xFF, 0xCF, 0x03,
  0xC0, 0xFF, 0xF3, 0xC0, 0xF0, 0x3F, 0xFC, 0xF0, 0x3C, 0x0F, 0xFF, 0x3C,
  0x0F, 0x03, 0xFF, 0xCF, 0x03, 0xC0, 0xFF, 0xF3, 0xC0, 0xF0, 0x3F, 0xFC,
  0xF0, 0x3C, 0x0F, 0xFF, 0x3C, 0x0F, 0x03, 0xFF, 0xCF, 0x03, 0xC0, 0xFF,
  0xF3, 0xC0, 0xF0, 0x3F, 0xFC, 0xF0, 0x3C, 0x0F, 0xFF, 0x3C, 0x0F, 0x03,
  0xFF, 0xCF, 0x03, 0xC0, 0xFF, 0xF3, 0xC0, 0xF0, 0x3F, 0xFC, 0xF0, 0x3C,
  0x0F, 0xFF, 0x3C, 0x0F, 0x03, 0xFF, 0xCF, 0x03, 0xC0, 0xFF, 0xF3, 0xC0,
  0xF0, 0x3F, 0xFC, 0xF0, 0x3C, 0x0F, 0xFF, 0x3C, 0x0F, 0x03, 0xFF, 0xCF,
  0x03, 0xC0, 0xFF, 0xF3, 0xC0, 0xF0, 0x3F, 0xFC, 0xF0, 0x3C, 0x0F, 0xFF,
  0x3C, 0x0F, 0x03, 0xFF, 0xCF, 0x03, 0xC0, 0xFF, 0xF3, 0xC0, 0xF0, 0x3F,
  0xFC, 0xF0, 0x3C, 0x0F, 0xFF, 0x3C, 0x0F, 0x03, 0xFF, 0xCF, 0x03, 0xC0,
  0xFF, 0xF3, 0xC0, 0xF0, 0x3F, 0xFC, 0xF0, 0x3C, 0x0F, 0xFF, 0x3C, 0x0F,
  0x03, 0xFF, 0xCF, 0x03, 0xC0, 0xFF, 0xF3, 0xC0, 0xF0, 0x3F, 0xFC, 0xF0,
  0x3C, 0x0F, 0xFF, 0x3C, 0x0F, 0x03, 0xFF, 0xCF, 0x03, 0xC0, 0xFF, 0xF3,
  0xC0, 0xF0, 0x3F, 0xFC, 0xF0, 0x3C, 0x0F, 0xFF, 0x3C, 0x0F, 0x03, 0xFF,
  0xCF, 0x03, 0xC0, 0xFF, 0xF3, 0xC0, 0xF0, 0x3F, 0xC0, 0x00, 0x00, 0x00,
  0x00, 0x00, 0x00, 0x00, 0x00, 0x00, 0x00, 0x00, 0x00, 0x00, 0x00, 0x00,
  0x00, 0x00, 0x00, 0x00, 0x00, 0x00, 0x00, 0x00, 0x00, 0x00, 0x00, 0x00,
  0x00, 0x00, 0x00, 0x00, 0x00, 0x00, 0x00, 0x00, 0x00, 0x00, 0x00, 0x00,
  0x0C, 0x00, 0x00, 0x00, 0x07, 0x80, 0x00, 0x00, 0x01, 0xE0, 0x00, 0x00,
  0x00, 0x78, 0x00, 0x00, 0x03, 0xDE, 0x70, 0x00, 0x00, 0xFF, 0xFC, 0x00,
  0x00, 0x3F, 0xFF, 0x00, 0x00, 0x07, 0xFF, 0x80, 0x00, 0x00, 0x3F, 0x00,
  0x00, 0x00, 0x1F, 0xE0, 0x00, 0x00, 0x0F, 0xB8, 0x00, 0x00, 0x03, 0xCF,
  0x00, 0x00, 0x00, 0xF3, 0xC0, 0x00, 0x00, 0x18, 0x70, 0x00, 0xF3, 0xC0,
  0xFF, 0x03, 0xFC, 0xF0, 0x3F, 0xC0, 0xFF, 0x3C, 0x0F, 0xF0, 0x3F, 0xCF,
  0x03, 0xFC, 0x0F, 0xF3, 0xC0, 0xFF, 0x03, 0xFC, 0xF0, 0x3F, 0xC0, 0xFF,
  0x3C, 0x0F, 0xF0, 0x3F, 0xCF, 0x03, 0xFC, 0x0F, 0xF3, 0xC0, 0xFF, 0x03,
  0xFC, 0xF0, 0x3F, 0xC0, 0xFF, 0x3C, 0x0F, 0xF0, 0x3F, 0xCF, 0x03, 0xFC,
  0x0F, 0xF3, 0xC0, 0xFF, 0x03, 0xFC, 0xF0, 0x3F, 0xC0, 0xFF, 0x3C, 0x0F,
  0xF0, 0x3F, 0xCF, 0x03, 0xFC, 0x0F, 0xF3, 0xC0, 0xFF, 0x03, 0xFC, 0xF0,
  0x3F, 0xC0, 0xFF, 0x3C, 0x0F, 0xF0, 0x3F, 0xCF, 0x03, 0xFC, 0x0F, 0xF3,
  0xC0, 0xFF, 0x03, 0xFC, 0xF0, 0x3F, 0xC0, 0xFF, 0x3C, 0x0F, 0xF0, 0x3F,
  0xCF, 0x03, 0xFC, 0x0F, 0xF3, 0xC0, 0xFF, 0x03, 0xFC, 0xF0, 0x3F, 0xC0,
  0xFF, 0x3C, 0x0F, 0xF0, 0x3F, 0xCF, 0x03, 0xFC, 0x0F, 0xF3, 0xC0, 0xFF,
  0x03, 0xFC, 0xF0, 0x3F, 0xC0, 0xFF, 0x3C, 0x0F, 0xF0, 0x3F, 0xCF, 0x03,
  0xFC, 0x0F, 0xF3, 0xC0, 0xFF, 0x03, 0xFC, 0xF0, 0x3F, 0xC0, 0xFF, 0x3C,
  0x0F, 0xF0, 0x3F, 0xCF, 0x03, 0xFC, 0x0F, 0xF3, 0xC0, 0xFF, 0x03, 0xFC,
  0xF0, 0x3F, 0xC0, 0xFF, 0x3C, 0x0F, 0xF0, 0x3F, 0xCF, 0x03, 0xFC, 0x0F,
  0xF3, 0xC0, 0xFF, 0x03, 0xFC, 0xF0, 0x3F, 0xC0, 0xFF, 0x3C, 0x0F, 0xF0,
  0x3F, 0xCF, 0x03, 0xFC, 0x0F, 0xF3, 0xC0, 0xFF, 0x03, 0xFC, 0xF0, 0x3F,
  0xC0, 0xFF, 0x3C, 0x0F, 0xF0, 0x3F, 0xCF, 0x03, 0xFC, 0x0F, 0xF3, 0xC0,
  0xFF, 0x03, 0xFC, 0xF0, 0x3F, 0xC0, 0xFF, 0x3C, 0x0F, 0xF0, 0x3F, 0xCF,
  0x03, 0xFC, 0x0F, 0xF3, 0xC0, 0xFF, 0x03, 0xC0, 0x00, 0x00, 0x00, 0x00,
  0x00, 0x00, 0x00, 0x00, 0x00, 0x00, 0x00, 0x00, 0x00, 0x00, 0x00, 0x00,
  0x00, 0x00, 0x00, 0x00, 0x00, 0x00, 0x00, 0x00, 0x00, 0x00, 0x00, 0x00,
  0x00, 0x00, 0x00, 0x00, 0x00, 0x00, 0x00, 0x00, 0x00, 0x00, 0x00, 0x0C,
  0x00, 0x00, 0x00, 0x07, 0x80, 0x00, 0x00, 0x01, 0xE0, 0x00, 0x00, 0x00,
  0x78, 0x00, 0x00, 0x00, 0x0E, 0x00, 0x00, 0x00, 0x3F, 0x9C, 0x00, 0x00,
  0x1F, 0xFF, 0x00, 0x00, 0x07, 0xFF, 0xC0, 0x00, 0x01, 0xFF, 0xF0, 0x00,
  0x00, 0x07, 0x80, 0x00, 0x00, 0x01, 0xE0, 0x00, 0x00, 0x00, 0x78, 0x00,
  0x00, 0x00, 0x1E, 0x00, 0x00, 0x00, 0x07, 0x80, 0x00, 0x00, 0x00, 0xE0,
  0x00, 0x00, 0xF0, 0x3F, 0xC7, 0x3F, 0xC0, 0xFF, 0x3C, 0xFF, 0x03, 0xFC,
  0xF3, 0xFC, 0x0F, 0xF3, 0xCF, 0xF0, 0x3F, 0xCF, 0x3F, 0xC0, 0xFF, 0x3C,
  0xFF, 0x03, 0xFC, 0xF3, 0xFC, 0x0F, 0xF3, 0xCF, 0xF0, 0x3F, 0xCF, 0x3F,
  0xC0, 0xFF, 0x3C, 0xFF, 0x03, 0xFC, 0xF3, 0xFC, 0x0F, 0xF3, 0xCF, 0xF0,
  0x3F, 0xCF, 0x3F, 0xC0, 0xFF, 0x3C, 0xFF, 0x03, 0xFC, 0xF3, 0xFC, 0x0F,
  0xF3, 0xCF, 0xF0, 0x3F, 0xCF, 0x3F, 0xC0, 0xFF, 0x3C, 0xFF, 0x03, 0xFC,
  0xF3, 0xFC, 0x0F, 0xF3, 0xCF, 0xF0, 0x3F, 0xCF, 0x3F, 0xC0, 0xFF, 0x3C,
  0xFF, 0x03, 0xFC, 0xF3, 0xFC, 0x0F, 0xF3, 0xCF, 0xF0, 0x3F, 0xCF, 0x3F,
  0xC0, 0xFF, 0x3C, 0xFF, 0x03, 0xFC, 0xF3, 0xFC, 0x0F, 0xF3, 0xCF, 0xF0,
  0x3F, 0xCF, 0x3F, 0xC0, 0xFF, 0x3C, 0xFF, 0x03, 0xFC, 0xF3, 0xFC, 0x0F,
  0xF3, 0xCF, 0xF0, 0x3F, 0xCF, 0x3F, 0xC0, 0xFF, 0x3C, 0xFF, 0x03, 0xFC,
  0xF3, 0xFC, 0x0F, 0xF3, 0xCF, 0xF0, 0x3F, 0xCF, 0x3F, 0xC0, 0xFF, 0x3C,
  0xFF, 0x03, 0xFC, 0xF3, 0xFC, 0x0F, 0xF3, 0xCF, 0xF0, 0x3F, 0xCF, 0x3F,
  0xC0, 0xFF, 0x3C, 0xFF, 0x03, 0xFC, 0xF3, 0xFC, 0x0F, 0xF3, 0xCF, 0xF0,
  0x3F, 0xCF, 0x3F, 0xC0, 0xFF, 0x3C, 0xFF, 0x03, 0xFC, 0xF3, 0xFC, 0x0F,
  0xF3, 0xCF, 0xF0, 0x3F, 0xCF, 0x3F, 0xC0, 0xFF, 0x3C, 0xFF, 0x03, 0xFC,
  0xF3, 0xFC, 0x0F, 0xF3, 0xCF, 0xF0, 0x3F, 0xCF, 0x3C, 0x00, 0x00, 0x00,
  0x00, 0x00, 0x00, 0x00, 0x00, 0x00, 0x00, 0x00, 0x00, 0x00, 0x00, 0x00,
  0x00, 0x00, 0x00, 0x00, 0x00, 0x00, 0x00, 0x00, 0x00, 0x00, 0x00, 0x00,
  0x00, 0x00, 0x00, 0x00, 0x00, 0x00, 0x00, 0x00, 0x00, 0x00, 0x00, 0x00,
  0x00, 0x00, 0x00, 0x00, 0x00, 0x00, 0x00, 0x00, 0x00, 0x00, 0x00, 0x00,
  0x00, 0x00, 0x00, 0x00, 0x00, 0x00, 0x00, 0x00, 0x00, 0x00, 0x00, 0x00,
  0x00, 0x00, 0x00, 0x00, 0x00, 0x00, 0x00, 0x00, 0x00, 0x00, 0x00, 0x00,
  0x00, 0x00, 0x00, 0x00, 0x00, 0x7C, 0x00, 0x00, 0x03, 0xF8, 0x00, 0x00,
  0x0F, 0xE0, 0x00, 0x00, 0x7F, 0x00, 0x00, 0x01, 0xF8, 0x00, 0x00, 0x07,
  0xE0, 0x00, 0x00, 0x3F, 0x00, 0x00, 0x00, 0xF8, 0x00, 0x00, 0x07, 0xC0,
  0x00, 0x00, 0x0E, 0x00, 0x00, 0xF3, 0xC0, 0xFE, 0x01, 0xFC, 0xF0, 0x3F,
  0xC0, 0xFF, 0x3C, 0x0F, 0xF0, 0x3F, 0xCF, 0x03, 0xFC, 0x0F, 0xF3, 0xC0,
  0xFF, 0x03, 0xFC, 0xF0, 0x3F, 0xC0, 0xFF, 0x3C, 0x0F, 0xF0, 0x3F, 0xCF,
  0x03, 0xFC, 0x0F, 0xF3, 0xC0, 0xFF, 0x03, 0xFC, 0xF0, 0x3F, 0xC0, 0xFF,
  0x3C, 0x0F, 0xF0, 0x3F, 0xCF, 0x03, 0xFC, 0x0F, 0xF3, 0xC0, 0xFF, 0x03,
  0xFC, 0xF0, 0x3F, 0xC0, 0xFF, 0x3C, 0x0F, 0xF0, 0x3F, 0xCF, 0x03, 0xFC,
  0x0F, 0xF3, 0xC0, 0xFF, 0x03, 0xFC, 0xF0, 0x3F, 0xC0, 0xFF, 0x3C, 0x0F,
  0xF0, 0x3F, 0xCF, 0x03, 0xFC, 0x0F, 0xF3, 0xC0, 0xFF, 0x03, 0xFC, 0xF0,
  0x3F, 0xC0, 0xFF, 0x3C, 0x0F, 0xF0, 0x3F, 0xCF, 0x03, 0xFC, 0x0F, 0xF3,
  0xC0, 0xFF, 0x03, 0xFC, 0xF0, 0x3F, 0xC0, 0xFF, 0x3C, 0x0F, 0xF0, 0x3F,
  0xCF, 0x03, 0xFC, 0x0F, 0xF3, 0xC0, 0xFF, 0x03, 0xFC, 0xF0, 0x3F, 0xC0,
  0xFF, 0x3C, 0x0F, 0xF0, 0x3F, 0xCF, 0x03, 0xFC, 0x0F, 0xF3, 0xC0, 0xFF,
  0x03, 0xFC, 0xF0, 0x3F, 0xC0, 0xFF, 0x3C, 0x0F, 0xF0, 0x3F, 0xCF, 0x03,
  0xFC, 0x0F, 0xF3, 0xC0, 0xFF, 0x03, 0xFC, 0xF0, 0x3F, 0xC0, 0xFF, 0x3C,
  0x0F, 0xF0, 0x3F, 0xCF, 0x03, 0xFC, 0x0F, 0xF3, 0xC0, 0xFF, 0x03, 0xFC,
  0xF0, 0x3F, 0xC0, 0xFF, 0x3C, 0x0F, 0xF0, 0x3F, 0xCF, 0x03, 0xFC, 0x0F,
  0xF3, 0xC0, 0xFF, 0x03, 0xFC, 0xF0, 0x3F, 0xC0, 0xFF, 0x3C, 0x0F, 0xF0,
  0x3F, 0xCF, 0x03, 0xFC, 0x0F, 0xF3, 0xC0, 0xFF, 0x03, 0xFC, 0xF0, 0x3F,
  0xC0, 0xFF, 0x3C, 0x0F, 0xF0, 0x3F, 0xCF, 0x03, 0xFC, 0x0F, 0xF3, 0xC0,
  0xFF, 0x03, 0xC0, 0x00, 0x00, 0x00, 0x00, 0x00, 0x00, 0x00, 0x00, 0x00,
  0x00, 0x00, 0x00, 0x00, 0x00, 0x00, 0x00, 0x00, 0x00, 0x00, 0x00, 0x00,
  0x00, 0x00, 0x00, 0x00, 0x00, 0x00, 0x00, 0x00, 0x00, 0x00, 0x00, 0x00,
  0x00, 0x00, 0x00, 0x00, 0x00, 0x00, 0x00, 0x00, 0x00, 0x00, 0x00, 0x00,
  0x00, 0x00, 0x00, 0x00, 0x00, 0x00, 0x00, 0x00, 0x00, 0x00, 0x00, 0x00,
  0x00, 0x00, 0x00, 0x00, 0x00, 0x00, 0x00, 0x3F, 0xFE, 0x00, 0x00, 0x0F,
  0xFF, 0x80, 0x00, 0x03, 0xFF, 0xE0, 0x00, 0x00, 0x7F, 0xF0, 0x00, 0xF3,
  0xC0, 0xF3, 0xFF, 0xCF, 0x03, 0xCF, 0xFF, 0x3C, 0x0F, 0x3F, 0xFC, 0xF0,
  0x3C, 0xFF, 0xF3, 0xC0, 0xF3, 0xFF, 0xCF, 0x03, 0xCF, 0xFF, 0x3C, 0x0F,
  0x3F, 0xFC, 0xF0, 0x3C, 0xFF, 0xF3, 0xC0, 0xF3, 0xFF, 0xCF, 0x03, 0xCF,
  0xFF, 0x3C, 0x0F, 0x3F, 0xFC, 0xF0, 0x3C, 0xFF, 0xF3, 0xC0, 0xF3, 0xFF,
  0xCF, 0x03, 0xCF, 0xFF, 0x3C, 0x0F, 0x3F, 0xFC, 0xF0, 0x3C, 0xFF, 0xF3,
  0xC0, 0xF3, 0xFF, 0xCF, 0x03, 0xCF, 0xFF, 0x3C, 0x0F, 0x3F, 0xFC, 0xF0,
  0x3C, 0xFF, 0xF3, 0xC0, 0xF3, 0xFF, 0xCF, 0x03, 0xCF, 0xFF, 0x3C, 0x0F,
  0x3F, 0xFC, 0xF0, 0x3C, 0xFF, 0xF3, 0xC0, 0xF3, 0xFF, 0xCF, 0x03, 0xCF,
  0xFF, 0x3C, 0x0F, 0x3F, 0xFC, 0xF0, 0x3C, 0xFF, 0xF3, 0xC0, 0xF3, 0xFF,
  0xCF, 0x03, 0xCF, 0xFF, 0x3C, 0x0F, 0x3F, 0xFC, 0xF0, 0x3C, 0xFF, 0xF3,
  0xC0, 0xF3, 0xFF, 0xCF, 0x03, 0xCF, 0xFF, 0x3C, 0x0F, 0x3F, 0xFC, 0xF0,
  0x3C, 0xFF, 0xF3, 0xC0, 0xF3, 0xFF, 0xCF, 0x03, 0xCF, 0xFF, 0x3C, 0x0F,
  0x3F, 0xFC, 0xF0, 0x3C, 0xFF, 0xF3, 0xC0, 0xF3, 0xFF, 0xCF, 0x03, 0xCF,
  0xFF, 0x3C, 0x0F, 0x3F, 0xFC, 0xF0, 0x3C, 0xFF, 0xF3, 0xC0, 0xF3, 0xFF,
  0xCF, 0x03, 0xCF, 0xFF, 0x3C, 0x0F, 0x3F, 0xFC, 0xF0, 0x3C, 0xFF, 0xF3,
  0xC0, 0xF3, 0xFF, 0xCF, 0x03, 0xCF, 0xFF, 0x3C, 0x0F, 0x3F, 0xFC, 0xF0,
  0x3C, 0xFF, 0x73, 0xC0, 0xF3, 0xFC, 0x00, 0x00, 0x00, 0x00, 0x00, 0x00,
  0x00, 0x00, 0x00, 0x00, 0x00, 0x00, 0x00, 0x00, 0x00, 0x00, 0x00, 0x00,
  0x00, 0x00, 0x00, 0x00, 0x00, 0x00, 0x00, 0x00, 0x00, 0x00, 0x00, 0x00,
  0x00, 0x00, 0x00, 0x00, 0x00, 0x00, 0x00, 0x00, 0x00, 0x00, 0x00, 0x00,
  0x00, 0x00, 0x00, 0x00, 0x00, 0x00, 0x00, 0x00, 0x00, 0x00, 0x00, 0x00,
  0x00, 0x00, 0x00, 0x00, 0x00, 0x00, 0x00, 0x00, 0x00, 0x00, 0x00, 0x00,
  0x00, 0x00, 0x00, 0x00, 0x00, 0x00, 0x00, 0x00, 0x00, 0x00, 0x00, 0x00,
  0x00, 0x00, 0xFC, 0x00, 0x00, 0x07, 0xF8, 0x00, 0x00, 0x1F, 0xE0, 0x00,
  0x00, 0x7F, 0x80, 0x00, 0x01, 0xFE, 0x00, 0x00, 0x03, 0xF0, 0x00, 0xF3,
  0xCF, 0xF0, 0x3F, 0xCF, 0x3F, 0xC0, 0xFF, 0x3C, 0xFF, 0x03, 0xFC, 0xF3,
  0xFC, 0x0F, 0xF3, 0xCF, 0xF0, 0x3F, 0xCF, 0x3F, 0xC0, 0xFF, 0x3C, 0xFF,
  0x03, 0xFC, 0xF3, 0xFC, 0x0F, 0xF3, 0xCF, 0xF0, 0x3F, 0xCF, 0x3F, 0xC0,
  0xFF, 0x3C, 0xFF, 0x03, 0xFC, 0xF3, 0xFC, 0x0F, 0xF3, 0xCF, 0xF0, 0x3F,
  0xCF, 0x3F, 0xC0, 0xFF, 0x3C, 0xFF, 0x03, 0xFC, 0xF3, 0xFC, 0x0F, 0xF3,
  0xCF, 0xF0, 0x3F, 0xCF, 0x3F, 0xC0, 0xFF, 0x3C, 0xFF, 0x03, 0xFC, 0xF3,
  0xFC, 0x0F, 0xF3, 0xCF, 0xF0, 0x3F, 0xCF, 0x3F, 0xC0, 0xFF, 0x3C, 0xFF,
  0x03, 0xFC, 0xF3, 0xFC, 0x0F, 0xF3, 0xCF, 0xF0, 0x3F, 0xCF, 0x3F, 0xC0,
  0xFF, 0x3C, 0xFF, 0x03, 0xFC, 0xF3, 0xFC, 0x0F, 0xF3, 0xCF, 0xF0, 0x3F,
  0xCF, 0x3F, 0xC0, 0xFF, 0x3C, 0xFF, 0x03, 0xFC, 0xF3, 0xFC, 0x0F, 0xF3,
  0xCF, 0xF0, 0x3F, 0xCF, 0x3F, 0xC0, 0xFF, 0x3C, 0xFF, 0x03, 0xFC, 0xF3,
  0xFC, 0x0F, 0xF3, 0xCF, 0xF0, 0x3F, 0xCF, 0x3F, 0xC0, 0xFF, 0x3C, 0xFF,
  0x03, 0xFC, 0xF3, 0xFC, 0x0F, 0xF3, 0xCF, 0xF0, 0x3F, 0xCF, 0x3F, 0xC0,
  0xFF, 0x3C, 0xFF, 0x03, 0xFC, 0xF3, 0xFC, 0x0F, 0xF3, 0xCF, 0xF0, 0x3F,
  0xCF, 0x3F, 0xC0, 0xFF, 0x3C, 0xFF, 0x03, 0xFC, 0xF3, 0xFC, 0x0F, 0xF3,
  0xCF, 0xF0, 0x3F, 0xCF, 0x3F, 0xC0, 0xFF, 0x3C, 0xFF, 0x03, 0xFC, 0xF3,
  0xFC, 0x0F, 0xF3, 0xCF, 0xF0, 0x3C, 0x00, 0x00, 0x00, 0x00, 0x00, 0x00,
  0x00, 0x00, 0x00, 0x00, 0x00, 0x00, 0x00, 0x00, 0x00, 0x00, 0x00, 0x00,
  0x00, 0x00, 0x00, 0x00, 0x00, 0x00, 0x00, 0x00, 0x00, 0x00, 0x70, 0x00,
  0x00, 0x01, 0xC0, 0x00, 0x00, 0x0F, 0x00, 0x00, 0x00, 0x3C, 0x00, 0x00,
  0x00, 0xE0, 0x00, 0x00, 0x07, 0x80, 0x00, 0x00, 0x1C, 0x00, 0x00, 0x00,
  0xF0, 0x00, 0x00, 0x03, 0xC0, 0x00, 0x00, 0x0E, 0x00, 0x00, 0x00, 0x78,
  0x00, 0x00, 0x01, 0xC0, 0x00, 0x00, 0x0F, 0x00, 0x00, 0x00, 0x38, 0x00,
  0x00, 0x00, 0xE0, 0x00, 0x00, 0x07, 0x80, 0x00, 0x00, 0x1C, 0x00, 0x00,
  0x00, 0x70, 0x00, 0x00, 0x01, 0x80, 0x00, 0x00, 0x06, 0x00, 0x00, 0xF3,
  0xCF, 0x03, 0xFB, 0xCF, 0x3C, 0x0F, 0xFF, 0x3C, 0xF0, 0x3F, 0xFC, 0xF3,
  0xC0, 0xFF, 0xF3, 0xCF, 0x03, 0xFF, 0xCF, 0x3C, 0x0F, 0xFF, 0x3C, 0xF0,
  0x3F, 0xFC, 0xF3, 0xC0, 0xFF, 0xF3, 0xCF, 0x03, 0xFF, 0xCF, 0x3C, 0x0F,
  0xFF, 0x3C, 0xF0, 0x3F, 0xFC, 0xF3, 0xC0, 0xFF, 0xF3, 0xCF, 0x03, 0xFF,
  0xCF, 0x3C, 0x0F, 0xFF, 0x3C, 0xF0, 0x3F, 0xFC, 0xF3, 0xC0, 0xFF, 0xF3,
  0xCF, 0x03, 0xFF, 0xCF, 0x3C, 0x0F, 0xFF, 0x3C, 0xF0, 0x3F, 0xFC, 0xF3,
  0xC0, 0xFF, 0xF3, 0xCF, 0x03, 0xFF, 0xCF, 0x3C, 0x0F, 0xFF, 0x3C, 0xF0,
  0x3F, 0xFC, 0xF3, 0xC0, 0xFF, 0xF3, 0xCF, 0x03, 0xFF, 0xCF, 0x3C, 0x0F,
  0xFF, 0x3C, 0xF0, 0x3F, 0xFC, 0xF3, 0xC0, 0xFF, 0xF3, 0xCF, 0x03, 0xFF,
  0xCF, 0x3C, 0x0F, 0xFF, 0x3C, 0xF0, 0x3F, 0xFC, 0xF3, 0xC0, 0xFF, 0xF3,
  0xCF, 0x03, 0xFF, 0xCF, 0x3C, 0x0F, 0xFF, 0x3C, 0xF0, 0x3F, 0xFC, 0xF3,
  0xC0, 0xFF, 0xF3, 0xCF, 0x03, 0xFF, 0xCF, 0x3C, 0x0F, 0xFF, 0x3C, 0xF0,
  0x3F, 0xFC, 0xF3, 0xC0, 0xFF, 0xF3, 0xCF, 0x03, 0xFF, 0xCF, 0x3C, 0x0F,
  0xFF, 0x3C, 0xF0, 0x3F, 0xFC, 0xF3, 0xC0, 0xFF, 0xF3, 0xCF, 0x03, 0xFF,
  0xCF, 0x3C, 0x0F, 0xFF, 0x3C, 0xF0, 0x3F, 0xFC, 0xF3, 0xC0, 0xFF, 0xF3,
  0xCF, 0x03, 0xFF, 0xCF, 0x3C, 0x0F, 0xFF, 0x3C, 0xF0, 0x3F, 0xFC, 0xF3,
  0xC0, 0xFF, 0xE3, 0xCF, 0x03, 0xFC, 0x00, 0x00, 0x00, 0x00, 0x00, 0x00,
  0x00, 0x00, 0x00, 0x00, 0x00, 0x00, 0x00, 0x00, 0x00, 0x00, 0x00, 0x00,
  0x00, 0x00, 0x00, 0x00, 0x00, 0x03, 0xF0, 0x00, 0x00, 0x3F, 0xF0, 0x00,
  0x01, 0xFF, 0xC0, 0x00, 0x07, 0xFF, 0x80, 0x00, 0x1E, 0x1E, 0x00, 0x00,
  0xF0, 0x38, 0x00, 0x03, 0xC0, 0xE0, 0x00, 0x0F, 0x03, 0xC0, 0x00, 0x3C,
  0x0F, 0x00, 0x00, 0xF0, 0x3C, 0x00, 0x03, 0xC0, 0xF0, 0x00, 0x0F, 0x03,
  0xC0, 0x00, 0x3C, 0x0F, 0x00, 0x00, 0xF0, 0x3C, 0x00, 0x03, 0xC0, 0xE0,
  0x00, 0x0F, 0x07, 0x80, 0x00, 0x1E, 0x1E, 0x00, 0x00, 0x7F, 0xF8, 0x00,
  0x01, 0xFF, 0xC0, 0x00, 0x03, 0xFE, 0x00, 0x00, 0x07, 0xF0, 0x00, 0xF3,
  0xCF, 0xF0, 0x3F, 0xCF, 0x3F, 0xC0, 0xFF, 0x3C, 0xFF, 0x03, 0xFC, 0xF3,
  0xFC, 0x0F, 0xF3, 0xCF, 0xF0, 0x3F, 0xCF, 0x3F, 0xC0, 0xFF, 0x3C, 0xFF,
  0x03, 0xFC, 0xF3, 0xFC, 0x0F, 0xF3, 0xCF, 0xF0, 0x3F, 0xCF, 0x3F, 0xC0,
  0xFF, 0x3C, 0xFF, 0x03, 0xFC, 0xF3, 0xFC, 0x0F, 0xF3, 0xCF, 0xF0, 0x3F,
  0xCF, 0x3F, 0xC0, 0xFF, 0x3C, 0xFF, 0x03, 0xFC, 0xF3, 0xFC, 0x0F, 0xF3,
  0xCF, 0xF0, 0x3F, 0xCF, 0x3F, 0xC0, 0xFF, 0x3C, 0xFF, 0x03, 0xFC, 0xF3,
  0xFC, 0x0F, 0xF3, 0xCF, 0xF0, 0x3F, 0xCF, 0x3F, 0xC0, 0xFF, 0x3C, 0xFF,
  0x03, 0xFC, 0xF3, 0xFC, 0x0F, 0xF3, 0xCF, 0xF0, 0x3F, 0xCF, 0x3F, 0xC0,
  0xFF, 0x3C, 0xFF, 0x03, 0xFC, 0xF3, 0xFC, 0x0F, 0xF3, 0xCF, 0xF0, 0x3F,
  0xCF, 0x3F, 0xC0, 0xFF, 0x3C, 0xFF, 0x03, 0xFC, 0xF3, 0xFC, 0x0F, 0xF3,
  0xCF, 0xF0, 0x3F, 0xCF, 0x3F, 0xC0, 0xFF, 0x3C, 0xFF, 0x03, 0xFC, 0xF3,
  0xFC, 0x0F, 0xF3, 0xCF, 0xF0, 0x3F, 0xCF, 0x3F, 0xC0, 0xFF, 0x3C, 0xFF,
  0x03, 0xFC, 0xF3, 0xFC, 0x0F, 0xF3, 0xCF, 0xF0, 0x3F, 0xCF, 0x3F, 0xC0,
  0xFF, 0x3C, 0xFF, 0x03, 0xFC, 0xF3, 0xFC, 0x0F, 0xF3, 0xCF, 0xF0, 0x3F,
  0xCF, 0x3F, 0xC0, 0xFF, 0x3C, 0xFF, 0x03, 0xFC, 0xF3, 0xFC, 0x0F, 0xF3,
  0xCF, 0xF0, 0x3F, 0xCF, 0x3F, 0xC0, 0xFF, 0x3C, 0xFF, 0x03, 0xFC, 0xF3,
  0xFC, 0x0F, 0xF3, 0xCF, 0xF0, 0x3C, 0x00, 0x00, 0x00, 0x00, 0x00, 0x00,
  0x00, 0x00, 0x00, 0x00, 0x00, 0x00, 0x00, 0x00, 0x00, 0x00, 0x00, 0x00,
  0x00, 0x00, 0x00, 0x00, 0x00, 0x00, 0x00, 0x00, 0x00, 0x01, 0x80, 0x00,
  0x00, 0x1F, 0x00, 0x00, 0x00, 0xFC, 0x00, 0x00, 0x07, 0xF0, 0x00, 0x00,
  0x3F, 0xC0, 0x00, 0x00, 0xFF, 0x00, 0x00, 0x03, 0xBC, 0x00, 0x00, 0x00,
  0xF0, 0x00, 0x00, 0x03, 0xC0, 0x00, 0x00, 0x0F, 0x00, 0x00, 0x00, 0x3C,
  0x00, 0x00, 0x00, 0xF0, 0x00, 0x00, 0x03, 0xC0, 0x00, 0x00, 0x0F, 0x00,
  0x00, 0x00, 0x3C, 0x00, 0x00, 0x00, 0xF0, 0x00, 0x00, 0x03, 0xC0, 0x00,
  0x00, 0x0F, 0x00, 0x00, 0x00, 0x3C, 0x00, 0x00, 0x00, 0x60, 0x00, 0xF3,
  0xC0, 0xF3, 0xFB, 0xCF, 0x03, 0xCF, 0xFF, 0x3C, 0x0F, 0x3F, 0xFC, 0xF0,
  0x3C, 0xFF, 0xF3, 0xC0, 0xF3, 0xFF, 0xCF, 0x03, 0xCF, 0xFF, 0x3C, 0x0F,
  0x3F, 0xFC, 0xF0, 0x3C, 0xFF, 0xF3, 0xC0, 0xF3, 0xFF, 0xCF, 0x03, 0xCF,
  0xFF, 0x3C, 0x0F, 0x3F, 0xFC, 0xF0, 0x3C, 0xFF, 0xF3, 0xC0, 0xF3, 0xFF,
  0xCF, 0x03, 0xCF, 0xFF, 0x3C, 0x0F, 0x3F, 0xFC, 0xF0, 0x3C, 0xFF, 0xF3,
  0xC0, 0xF3, 0xFF, 0xCF, 0x03, 0xCF, 0xFF, 0x3C, 0x0F, 0x3F, 0xFC, 0xF0,
  0x3C, 0xFF, 0xF3, 0xC0, 0xF3, 0xFF, 0xCF, 0x03, 0xCF, 0xFF, 0x3C, 0x0F,
  0x3F, 0xFC, 0xF0, 0x3C, 0xFF, 0xF3, 0xC0, 0xF3, 0xFF, 0xCF, 0x03, 0xCF,
  0xFF, 0x3C, 0x0F, 0x3F, 0xFC, 0xF0, 0x3C, 0xFF, 0xF3, 0xC0, 0xF3, 0xFF,
  0xCF, 0x03, 0xCF, 0xFF, 0x3C, 0x0F, 0x3F, 0xFC, 0xF0, 0x3C, 0xFF, 0xF3,
  0xC0, 0xF3, 0xFF, 0xCF, 0x03, 0xCF, 0xFF, 0x3C, 0x0F, 0x3F, 0xFC, 0xF0,
  0x3C, 0xFF, 0xF3, 0xC0, 0xF3, 0xFF, 0xCF, 0x03, 0xCF, 0xFF, 0x3C, 0x0F,
  0x3F, 0xFC, 0xF0, 0x3C, 0xFF, 0xF3, 0xC0, 0xF3, 0xFF, 0xCF, 0x03, 0xCF,
  0xFF, 0x3C, 0x0F, 0x3F, 0xFC, 0xF0, 0x3C, 0xFF, 0xF3, 0xC0, 0xF3, 0xFF,
  0xCF, 0x03, 0xCF, 0xFF, 0x3C, 0x0F, 0x3F, 0xFC, 0xF0, 0x3C, 0xFF, 0xF3,
  0xC0, 0xF3, 0xFF, 0xCF, 0x03, 0xCF, 0xFF, 0x3C, 0x0F, 0x3F, 0xFC, 0xF0,
  0x3C, 0xFF, 0xF3, 0xC0, 0xF3, 0xFC, 0x00, 0x00, 0x00, 0x00, 0x00, 0x00,
  0x00, 0x00, 0x00, 0x00, 0x00, 0x00, 0x00, 0x00, 0x00, 0x00, 0x00, 0x00,
  0x00, 0x00, 0x00, 0x00, 0x00, 0x03, 0xF0, 0x00, 0x00, 0x3F, 0xE0, 0x00,
  0x01, 0xFF, 0xC0, 0x00, 0x07, 0xFF, 0x80, 0x00, 0x1E, 0x3E, 0x00, 0x00,
  0x00, 0x78, 0x00, 0x00, 0x01, 0xE0, 0x00, 0x00, 0x0F, 0x80, 0x00, 0x00,
  0x7C, 0x00, 0x00, 0x03, 0xF0, 0x00, 0x00, 0x3F, 0x80, 0x00, 0x01, 0xF8,
  0x00, 0x00, 0x0F, 0xC0, 0x00, 0x00, 0x3C, 0x00, 0x00, 0x01, 0xE0, 0x00,
  0x00, 0x07, 0x80, 0x00, 0x00, 0x1F, 0xFC, 0x00, 0x00, 0x7F, 0xF8, 0x00,
  0x01, 0xFF, 0xE0, 0x00, 0x03, 0xFF, 0x00, 0x00, 0xFF, 0x03, 0xCF, 0x1F,
  0xFC, 0x0F, 0x3C, 0xFF, 0xF0, 0x3C, 0xF3, 0xFF, 0xC0, 0xF3, 0xCF, 0xFF,
  0x03, 0xCF, 0x3F, 0xFC, 0x0F, 0x3C, 0xFF, 0xF0, 0x3C, 0xF3, 0xFF, 0xC0,
  0xF3, 0xCF, 0xFF, 0x03, 0xCF, 0x3F, 0xFC, 0x0F, 0x3C, 0xFF, 0xF0, 0x3C,
  0xF3, 0xFF, 0xC0, 0xF3, 0xCF, 0xFF, 0x03, 0xCF, 0x3F, 0xFC, 0x0F, 0x3C,
  0xFF, 0xF0, 0x3C, 0xF3, 0xFF, 0xC0, 0xF3, 0xCF, 0xFF, 0x03, 0xCF, 0x3F,
  0xFC, 0x0F, 0x3C, 0xFF, 0xF0, 0x3C, 0xF3, 0xFF, 0xC0, 0xF3, 0xCF, 0xFF,
  0x03, 0xCF, 0x3F, 0xFC, 0x0F, 0x3C, 0xFF, 0xF0, 0x3C, 0xF3, 0xFF, 0xC0,
  0xF3, 0xCF, 0xFF, 0x03, 0xCF, 0x3F, 0xFC, 0x0F, 0x3C, 0xFF, 0xF0, 0x3C,
  0xF3, 0xFF, 0xC0, 0xF3, 0xCF, 0xFF, 0x03, 0xCF, 0x3F, 0xFC, 0x0F, 0x3C,
  0xFF, 0xF0, 0x3C, 0xF3, 0xFF, 0xC0, 0xF3, 0xCF, 0xFF, 0x03, 0xCF, 0x3F,
  0xFC, 0x0F, 0x3C, 0xFF, 0xF0, 0x3C, 0xF3, 0xFF, 0xC0, 0xF3, 0xCF, 0xFF,
  0x03, 0xCF, 0x3F, 0xFC, 0x0F, 0x3C, 0xFF, 0xF0, 0x3C, 0xF3, 0xFF, 0xC0,
  0xF3, 0xCF, 0xFF, 0x03, 0xCF, 0x3F, 0xFC, 0x0F, 0x3C, 0xFF, 0xF0, 0x3C,
  0xF3, 0xFF, 0xC0, 0xF3, 0xCF, 0xFF, 0x03, 0xCF, 0x3F, 0xFC, 0x0F, 0x3C,
  0xFF, 0xF0, 0x3C, 0xF3, 0xFF, 0xC0, 0xF3, 0xCF, 0xFF, 0x03, 0xCF, 0x3F,
  0xFC, 0x0F, 0x3C, 0xFF, 0xF0, 0x3C, 0xF3, 0xFF, 0xC0, 0xF3, 0xCF, 0xFF,
  0x03, 0xCF, 0x3C, 0x00, 0x00, 0x00, 0x00, 0x00, 0x00, 0x00, 0x00, 0x00,
  0x00, 0x00, 0x00, 0x00, 0x00, 0x00, 0x00, 0x00, 0x00, 0x00, 0x00, 0x00,
  0x00, 0x00, 0x00, 0x00, 0x00, 0x00, 0x7F, 0xE0, 0x00, 0x03, 0xFF, 0xC0,
  0x00, 0x0F, 0xFF, 0x00, 0x00, 0x1F, 0xFC, 0x00, 0x00, 0x01, 0xE0, 0x00,
  0x00, 0x1F, 0x00, 0x00, 0x00, 0xF8, 0x00, 0x00, 0x07, 0xF0, 0x00, 0x00,
  0x1F, 0xE0, 0x00, 0x00, 0x7F, 0xC0, 0x00, 0x00, 0x7F, 0x80, 0x00, 0x00,
  0x3E, 0x00, 0x00, 0x00, 0x78, 0x00, 0x00, 0x01, 0xE0, 0x00, 0x00, 0x07,
  0x80, 0x00, 0x3C, 0x7E, 0x00, 0x00, 0xFF, 0xF0, 0x00, 0x03, 0xFF, 0x80,
  0x00, 0x07, 0xFC, 0x00, 0x00, 0x0F, 0xC0, 0x00, 0xF3, 0xFC, 0xF0, 0x1F,
  0xCF, 0xF3, 0xC0, 0xFF, 0x3F, 0xCF, 0x03, 0xFC, 0xFF, 0x3C, 0x0F, 0xF3,
  0xFC, 0xF0, 0x3F, 0xCF, 0xF3, 0xC0, 0xFF, 0x3F, 0xCF, 0x03, 0xFC, 0xFF,
  0x3C, 0x0F, 0xF3, 0xFC, 0xF0, 0x3F, 0xCF, 0xF3, 0xC0, 0xFF, 0x3F, 0xCF,
  0x03, 0xFC, 0xFF, 0x3C, 0x0F, 0xF3, 0xFC, 0xF0, 0x3F, 0xCF, 0xF3, 0xC0,
  0xFF, 0x3F, 0xCF, 0x03, 0xFC, 0xFF, 0x3C, 0x0F, 0xF3, 0xFC, 0xF0, 0x3F,
  0xCF, 0xF3, 0xC0, 0xFF, 0x3F, 0xCF, 0x03, 0xFC, 0xFF, 0x3C, 0x0F, 0xF3,
  0xFC, 0xF0, 0x3F, 0xCF, 0xF3, 0xC0, 0xFF, 0x3F, 0xCF, 0x03, 0xFC, 0xFF,
  0x3C, 0x0F, 0xF3, 0xFC, 0xF0, 0x3F, 0xCF, 0xF3, 0xC0, 0xFF, 0x3F, 0xCF,
  0x03, 0xFC, 0xFF, 0x3C, 0x0F, 0xF3, 0xFC, 0xF0, 0x3F, 0xCF, 0xF3, 0xC0,
  0xFF, 0x3F, 0xCF, 0x03, 0xFC, 0xFF, 0x3C, 0x0F, 0xF3, 0xFC, 0xF0, 0x3F,
  0xCF, 0xF3, 0xC0, 0xFF, 0x3F, 0xCF, 0x03, 0xFC, 0xFF, 0x3C, 0x0F, 0xF3,
  0xFC, 0xF0, 0x3F, 0xCF, 0xF3, 0xC0, 0xFF, 0x3F, 0xCF, 0x03, 0xFC, 0xFF,
  0x3C, 0x0F, 0xF3, 0xFC, 0xF0, 0x3F, 0xCF, 0xF3, 0xC0, 0xFF, 0x3F, 0xCF,
  0x03, 0xFC, 0xFF, 0x3C, 0x0F, 0xF3, 0xFC, 0xF0, 0x3F, 0xCF, 0xF3, 0xC0,
  0xFF, 0x3F, 0xCF, 0x03, 0xFC, 0xFF, 0x3C, 0x0F, 0xF3, 0xFC, 0xF0, 0x3F,
  0xCF, 0xF3, 0xC0, 0xFF, 0x3F, 0xCF, 0x03, 0xFC, 0xFF, 0x3C, 0x0F, 0xF3,
  0xFC, 0xF0, 0x3C, 0x00, 0x00, 0x00, 0x00, 0x00, 0x00, 0x00, 0x00, 0x00,
  0x00, 0x00, 0x00, 0x00, 0x00, 0x00, 0x00, 0x00, 0x00, 0x00, 0x00, 0x00,
  0x00, 0x00, 0x00, 0x00, 0x00, 0x00, 0x03, 0x80, 0x00, 0x00, 0x1E, 0x00,
  0x00, 0x00, 0x78, 0x00, 0x00, 0x03, 0xC0, 0x00, 0x00, 0x0F, 0x00, 0x00,
  0x00, 0x78, 0x00, 0x00, 0x01, 0xE0, 0x00, 0x00, 0x0F, 0x00, 0x00, 0x00,
  0x3D, 0xE0, 0x00, 0x01, 0xE7, 0x80, 0x00, 0x07, 0x9C, 0x00, 0x00, 0x3D,
  0xFE, 0x00, 0x00, 0xFF, 0xF8, 0x00, 0x03, 0xFF, 0xE0, 0x00, 0x07, 0xFF,
  0x80, 0x00, 0x00, 0x78, 0x00, 0x00, 0x01, 0xE0, 0x00, 0x00, 0x07, 0x80,
  0x00, 0x00, 0x1E, 0x00, 0x00, 0x00, 0x30, 0x00, 0x7F, 0x3C, 0xF0, 0x3F,
  0xFC, 0xF3, 0xC0, 0xFF, 0xF3, 0xCF, 0x03, 0xFF, 0xCF, 0x3C, 0x0F, 0xFF,
  0x3C, 0xF0, 0x3F, 0xFC, 0xF3, 0xC0, 0xFF, 0xF3, 0xCF, 0x03, 0xFF, 0xCF,
  0x3C, 0x0F, 0xFF, 0x3C, 0xF0, 0x3F, 0xFC, 0xF3, 0xC0, 0xFF, 0xF3, 0xCF,
  0x03, 0xFF, 0xCF, 0x3C, 0x0F, 0xFF, 0x3C, 0xF0, 0x3F, 0xFC, 0xF3, 0xC0,
  0xFF, 0xF3, 0xCF, 0x03, 0xFF, 0xCF, 0x3C, 0x0F, 0xFF, 0x3C, 0xF0, 0x3F,
  0xFC, 0xF3, 0xC0, 0xFF, 0xF3, 0xCF, 0x03, 0xFF, 0xCF, 0x3C, 0x0F, 0xFF,
  0x3C, 0xF0, 0x3F, 0xFC, 0xF3, 0xC0, 0xFF, 0xF3, 0xCF, 0x03, 0xFF, 0xCF,
  0x3C, 0x0F, 0xFF, 0x3C, 0xF0, 0x3F, 0xFC, 0xF3, 0xC0, 0xFF, 0xF3, 0xCF,
  0x03, 0xFF, 0xCF, 0x3C, 0x0F, 0xFF, 0x3C, 0xF0, 0x3F, 0xFC, 0xF3, 0xC0,
  0xFF, 0xF3, 0xCF, 0x03, 0xFF, 0xCF, 0x3C, 0x0F, 0xFF, 0x3C, 0xF0, 0x3F,
  0xFC, 0xF3, 0xC0, 0xFF, 0xF3, 0xCF, 0x03, 0xFF, 0xCF, 0x3C, 0x0F, 0xFF,
  0x3C, 0xF0, 0x3F, 0xFC, 0xF3, 0xC0, 0xFF, 0xF3, 0xCF, 0x03, 0xFF, 0xCF,
  0x3C, 0x0F, 0xFF, 0x3C, 0xF0, 0x3F, 0xFC, 0xF3, 0xC0, 0xFF, 0xF3, 0xCF,
  0x03, 0xFF, 0xCF, 0x3C, 0x0F, 0xFF, 0x3C, 0xF0, 0x3F, 0xFC, 0xF3, 0xC0,
  0xFF, 0xF3, 0xCF, 0x03, 0xFF, 0xCF, 0x3C, 0x0F, 0xFF, 0x3C, 0xF0, 0x3F,
  0xFC, 0xF3, 0xC0, 0xFF, 0xF3, 0xCF, 0x03, 0xFF, 0xCF, 0x3C, 0x0F, 0xFF,
  0x3C, 0xF0, 0x38, 0x00, 0x00, 0x00, 0x00, 0x00, 0x00, 0x00, 0x00, 0x00,
  0x00, 0x00, 0x00, 0x00, 0x00, 0x00, 0x00, 0x00, 0x00, 0x00, 0x00, 0x00,
  0x00, 0x00, 0x00, 0x00, 0x00, 0x00, 0x3F, 0xF0, 0x00, 0x00, 0xFF, 0xE0,
  0x00, 0x03, 0xFF, 0x80, 0x00, 0x0E, 0xFC, 0x00, 0x00, 0x38, 0x00, 0x00,
  0x00, 0xFE, 0x00, 0x00, 0x03, 0xFE, 0x00, 0x00, 0x0F, 0xFC, 0x00, 0x00,
  0x3F, 0xF0, 0x00, 0x00, 0x03, 0xE0, 0x00, 0x00, 0x07, 0x80, 0x00, 0x00,
  0x1E, 0x00, 0x00, 0x00, 0x78, 0x00, 0x00, 0x03, 0xE0, 0x00, 0x00, 0x0F,
  0x80, 0x00, 0x00, 0xFC, 0x00, 0x00, 0x3F, 0xF0, 0x00, 0x01, 0xFF, 0x80,
  0x00, 0x07, 0xF8, 0x00, 0x00, 0x1F, 0x80, 0x00, 0xF0, 0x3C, 0xF3, 0xFF,
  0xC0, 0xF3, 0xCF, 0xFF, 0x03, 0xCF, 0x3F, 0xFC, 0x0F, 0x3C, 0xFF, 0xF0,
  0x3C, 0xF3, 0xFF, 0xC0, 0xF3, 0xCF, 0xFF, 0x03, 0xCF, 0x3F, 0xFC, 0x0F,
  0x3C, 0xFF, 0xF0, 0x3C, 0xF3, 0xFF, 0xC0, 0xF3, 0xCF, 0xFF, 0x03, 0xCF,
  0x3F, 0xFC, 0x0F, 0x3C, 0xFF, 0xF0, 0x3C, 0xF3, 0xFF, 0xC0, 0xF3, 0xCF,
  0xFF, 0x03, 0xCF, 0x3F, 0xFC, 0x0F, 0x3C, 0xFF, 0xF0, 0x3C, 0xF3, 0xFF,
  0xC0, 0xF3, 0xCF, 0xFF, 0x03, 0xCF, 0x3F, 0xFC, 0x0F, 0x3C, 0xFF, 0xF0,
  0x3C, 0xF3, 0xFF, 0xC0, 0xF3, 0xCF, 0xFF, 0x03, 0xCF, 0x3F, 0xFC, 0x0F,
  0x3C, 0xFF, 0xF0, 0x3C, 0xF3, 0xFF, 0xC0, 0xF3, 0xCF, 0xFF, 0x03, 0xCF,
  0x3F, 0xFC, 0x0F, 0x3C, 0xFF, 0xF0, 0x3C, 0xF3, 0xFF, 0xC0, 0xF3, 0xCF,
  0xFF, 0x03, 0xCF, 0x3F, 0xFC, 0x0F, 0x3C, 0xFF, 0xF0, 0x3C, 0xF3, 0xFF,
  0xC0, 0xF3, 0xCF, 0xFF, 0x03, 0xCF, 0x3F, 0xFC, 0x0F, 0x3C, 0xFF, 0xF0,
  0x3C, 0xF3, 0xFF, 0xC0, 0xF3, 0xCF, 0xFF, 0x03, 0xCF, 0x3F, 0xFC, 0x0F,
  0x3C, 0xFF, 0xF0, 0x3C, 0xF3, 0xFF, 0xC0, 0xF3, 0xCF, 0xFF, 0x03, 0xCF,
  0x3F, 0xFC, 0x0F, 0x3C, 0xFF, 0xF0, 0x3C, 0xF3, 0xFF, 0xC0, 0xF3, 0xCF,
  0xFF, 0x03, 0xCF, 0x3F, 0xFC, 0x0F, 0x3C, 0xFF, 0xF0, 0x3C, 0xF3, 0xFF,
  0xC0, 0xF3, 0xCF, 0xFF, 0x03, 0xCF, 0x3F, 0xFC, 0x0F, 0x3C, 0xFF, 0xE0,
  0x3C, 0xF1, 0xFC, 0x00, 0x00, 0x00, 0x00, 0x00, 0x00, 0x00, 0x00, 0x00,
  0x00, 0x00, 0x00, 0x00, 0x00, 0x00, 0x00, 0x00, 0x00, 0x00, 0x00, 0x00,
  0x00, 0x00, 0x00, 0x00, 0x00, 0x00, 0x01, 0xC0, 0x00, 0x00, 0x0F, 0x00,
  0x00, 0x00, 0x7C, 0x00, 0x00, 0x03, 0xF0, 0x00, 0x00, 0x1F, 0x80, 0x00,
  0x00, 0x7C, 0x00, 0x00, 0x03, 0xE0, 0x00, 0x00, 0x0F, 0xF8, 0x00, 0x00,
  0x7F, 0xF0, 0x00, 0x01, 0xFF, 0xE0, 0x00, 0x0F, 0x87, 0x80, 0x00, 0x3C,
  0x0F, 0x00, 0x00, 0xF0, 0x3C, 0x00, 0x03, 0xC0, 0xF0, 0x00, 0x0F, 0x03,
  0xC0, 0x00, 0x3E, 0x1F, 0x00, 0x00, 0x7F, 0xF8, 0x00, 0x01, 0xFF, 0xE0,
  0x00, 0x03, 0xFF, 0x00, 0x00, 0x03, 0xF0, 0x00, 0xF0, 0x3C, 0xFF, 0x3F,
  0xC0, 0xF3, 0xFC, 0xFF, 0x03, 0xCF, 0xF3, 0xFC, 0x0F, 0x3F, 0xCF, 0xF0,
  0x3C, 0xFF, 0x3F, 0xC0, 0xF3, 0xFC, 0xFF, 0x03, 0xCF, 0xF3, 0xFC, 0x0F,
  0x3F, 0xCF, 0xF0, 0x3C, 0xFF, 0x3F, 0xC0, 0xF3, 0xFC, 0xFF, 0x03, 0xCF,
  0xF3, 0xFC, 0x0F, 0x3F, 0xCF, 0xF0, 0x3C, 0xFF, 0x3F, 0xC0, 0xF3, 0xFC,
  0xFF, 0x03, 0xCF, 0xF3, 0xFC, 0x0F, 0x3F, 0xCF, 0xF0, 0x3C, 0xFF, 0x3F,
  0xC0, 0xF3, 0xFC, 0xFF, 0x03, 0xCF, 0xF3, 0xFC, 0x0F, 0x3F, 0xCF, 0xF0,
  0x3C, 0xFF, 0x3F, 0xC0, 0xF3, 0xFC, 0xFF, 0x03, 0xCF, 0xF3, 0xFC, 0x0F,
  0x3F, 0xCF, 0xF0, 0x3C, 0xFF, 0x3F, 0xC0, 0xF3, 0xFC, 0xFF, 0x03, 0xCF,
  0xF3, 0xFC, 0x0F, 0x3F, 0xCF, 0xF0, 0x3C, 0xFF, 0x3F, 0xC0, 0xF3, 0xFC,
  0xFF, 0x03, 0xCF, 0xF3, 0xFC, 0x0F, 0x3F, 0xCF, 0xF0, 0x3C, 0xFF, 0x3F,
  0xC0, 0xF3, 0xFC, 0xFF, 0x03, 0xCF, 0xF3, 0xFC, 0x0F, 0x3F, 0xCF, 0xF0,
  0x3C, 0xFF, 0x3F, 0xC0, 0xF3, 0xFC, 0xFF, 0x03, 0xCF, 0xF3, 0xFC, 0x0F,
  0x3F, 0xCF, 0xF0, 0x3C, 0xFF, 0x3F, 0xC0, 0xF3, 0xFC, 0xFF, 0x03, 0xCF,
  0xF3, 0xFC, 0x0F, 0x3F, 0xCF, 0xF0, 0x3C, 0xFF, 0x3F, 0xC0, 0xF3, 0xFC,
  0xFF, 0x03, 0xCF, 0xF3, 0xFC, 0x0F, 0x3F, 0xCF, 0xF0, 0x3C, 0xFF, 0x3F,
  0xC0, 0xF3, 0xFC, 0xFF, 0x03, 0xCF, 0xF3, 0xFC, 0x0F, 0x3F, 0xCF, 0xF0,
  0x1C, 0xFF, 0x3C, 0x00, 0x00, 0x00, 0x00, 0x00, 0x00, 0x00, 0x00, 0x00,
  0x00, 0x00, 0x00, 0x00, 0x00, 0x00, 0x00, 0x00, 0x00, 0x00, 0x00, 0x00,
  0x00, 0x00, 0x00, 0x00, 0x00, 0x00, 0x7F, 0xF8, 0x00, 0x01, 0xFF, 0xF0,
  0x00, 0x07, 0xFF, 0xC0, 0x00, 0x1F, 0xFF, 0x00, 0x00, 0x00, 0x7C, 0x00,
  0x00, 0x03, 0xE0, 0x00, 0x00, 0x1F, 0x00, 0x00, 0x00, 0xF8, 0x00, 0x00,
  0x03, 0xE0, 0x00, 0x00, 0x1F, 0x00, 0x00, 0x00, 0xF8, 0x00, 0x00, 0x03,
  0xC0, 0x00, 0x00, 0x0F, 0x00, 0x00, 0x00, 0x78, 0x00, 0x00, 0x01, 0xE0,
  0x00, 0x00, 0x07, 0x80, 0x00, 0x00, 0x1E, 0x00, 0x00, 0x00, 0x78, 0x00,
  0x00, 0x01, 0xE0, 0x00, 0x00, 0x03, 0x80, 0x00, 0xF0, 0x1F, 0xCF, 0x3F,
  0xC0, 0xFF, 0x3C, 0xFF, 0x03, 0xFC, 0xF3, 0xFC, 0x0F, 0xF3, 0xCF, 0xF0,
  0x3F, 0xCF, 0x3F, 0xC0, 0xFF, 0x3C, 0xFF, 0x03, 0xFC, 0xF3, 0xFC, 0x0F,
  0xF3, 0xCF, 0xF0, 0x3F, 0xCF, 0x3F, 0xC0, 0xFF, 0x3C, 0xFF, 0x03, 0xFC,
  0xF3, 0xFC, 0x0F, 0xF3, 0xCF, 0xF0, 0x3F, 0xCF, 0x3F, 0xC0, 0xFF, 0x3C,
  0xFF, 0x03, 0xFC, 0xF3, 0xFC, 0x0F, 0xF3, 0xCF, 0xF0, 0x3F, 0xCF, 0x3F,
  0xC0, 0xFF, 0x3C, 0xFF, 0x03, 0xFC, 0xF3, 0xFC, 0x0F, 0xF3, 0xCF, 0xF0,
  0x3F, 0xCF, 0x3F, 0xC0, 0xFF, 0x3C, 0xFF, 0x03, 0xFC, 0xF3, 0xFC, 0x0F,
  0xF3, 0xCF, 0xF0, 0x3F, 0xCF, 0x3F, 0xC0, 0xFF, 0x3C, 0xFF, 0x03, 0xFC,
  0xF3, 0xFC, 0x0F, 0xF3, 0xCF, 0xF0, 0x3F, 0xCF, 0x3F, 0xC0, 0xFF, 0x3C,
  0xFF, 0x03, 0xFC, 0xF3, 0xFC, 0x0F, 0xF3, 0xCF, 0xF0, 0x3F, 0xCF, 0x3F,
  0xC0, 0xFF, 0x3C, 0xFF, 0x03, 0xFC, 0xF3, 0xFC, 0x0F, 0xF3, 0xCF, 0xF0,
  0x3F, 0xCF, 0x3F, 0xC0, 0xFF, 0x3C, 0xFF, 0x03, 0xFC, 0xF3, 0xFC, 0x0F,
  0xF3, 0xCF, 0xF0, 0x3F, 0xCF, 0x3F, 0xC0, 0xFF, 0x3C, 0xFF, 0x03, 0xFC,
  0xF3, 0xFC, 0x0F, 0xF3, 0xCF, 0xF0, 0x3F, 0xCF, 0x3F, 0xC0, 0xFF, 0x3C,
  0xFF, 0x03, 0xFC, 0xF3, 0xFC, 0x0F, 0xF3, 0xCF, 0xF0, 0x3F, 0xCF, 0x3F,
  0xC0, 0xFF, 0x3C, 0xFF, 0x03, 0xFC, 0xF3, 0xFC, 0x0F, 0xF3, 0xCF, 0xF0,
  0x3F, 0xCF, 0x3C, 0x00, 0x00, 0x00, 0x00, 0x00, 0x00, 0x00, 0x00, 0x00,
  0x00, 0x00, 0x00, 0x00, 0x00, 0x00, 0x00, 0x00, 0x00, 0x00, 0x00, 0x00,
  0x00, 0x00, 0x00, 0x00, 0x00, 0x00, 0x0F, 0xC0, 0x00, 0x00, 0x7F, 0x80,
  0x00, 0x03, 0xFF, 0x00, 0x00, 0x1F, 0xFE, 0x00, 0x00, 0x78, 0x78, 0x00,
  0x01, 0xE1, 0xE0, 0x00, 0x07, 0xCF, 0x80, 0x00, 0x0F, 0xFC, 0x00, 0x00,
  0x3F, 0xE0, 0x00, 0x00, 0xFF, 0x80, 0x00, 0x07, 0xFF, 0x80, 0x00, 0x1F,
  0x3E, 0x00, 0x00, 0xF8, 0x7C, 0x00, 0x03, 0xC0, 0xF0, 0x00, 0x0F, 0x03,
  0xC0, 0x00, 0x3E, 0x1F, 0x00, 0x00, 0xFF, 0xFC, 0x00, 0x01, 0xFF, 0xE0,
  0x00, 0x03, 0xFF, 0x00, 0x00, 0x07, 0xF0, 0x00, 0xFF, 0x3C, 0x0F, 0x3F,
  0xFC, 0xF0, 0x3C, 0xFF, 0xF3, 0xC0, 0xF3, 0xFF, 0xCF, 0x03, 0xCF, 0xFF,
  0x3C, 0x0F, 0x3F, 0xFC, 0xF0, 0x3C, 0xFF, 0xF3, 0xC0, 0xF3, 0xFF, 0xCF,
  0x03, 0xCF, 0xFF, 0x3C, 0x0F, 0x3F, 0xFC, 0xF0, 0x3C, 0xFF, 0xF3, 0xC0,
  0xF3, 0xFF, 0xCF, 0x03, 0xCF, 0xFF, 0x3C, 0x0F, 0x3F, 0xFC, 0xF0, 0x3C,
  0xFF, 0xF3, 0xC0, 0xF3, 0xFF, 0xCF, 0x03, 0xCF, 0xFF, 0x3C, 0x0F, 0x3F,
  0xFC, 0xF0, 0x3C, 0xFF, 0xF3, 0xC0, 0xF3, 0xFF, 0xCF, 0x03, 0xCF, 0xFF,
  0x3C, 0x0F, 0x3F, 0xFC, 0xF0, 0x3C, 0xFF, 0xF3, 0xC0, 0xF3, 0xFF, 0xCF,
  0x03, 0xCF, 0xFF, 0x3C, 0x0F, 0x3F, 0xFC, 0xF0, 0x3C, 0xFF, 0xF3, 0xC0,
  0xF3, 0xFF, 0xCF, 0x03, 0xCF, 0xFF, 0x3C, 0x0F, 0x3F, 0xFC, 0xF0, 0x3C,
  0xFF, 0xF3, 0xC0, 0xF3, 0xFF, 0xCF, 0x03, 0xCF, 0xFF, 0x3C, 0x0F, 0x3F,
  0xFC, 0xF0, 0x3C, 0xFF, 0xF3, 0xC0, 0xF3, 0xFF, 0xCF, 0x03, 0xCF, 0xFF,
  0x3C, 0x0F, 0x3F, 0xFC, 0xF0, 0x3C, 0xFF, 0xF3, 0xC0, 0xF3, 0xFF, 0xCF,
  0x03, 0xCF, 0xFF, 0x3C, 0x0F, 0x3F, 0xFC, 0xF0, 0x3C, 0xFF, 0xF3, 0xC0,
  0xF3, 0xFF, 0xCF, 0x03, 0xCF, 0xFF, 0x3C, 0x0F, 0x3F, 0xFC, 0xF0, 0x3C,
  0xFF, 0xF3, 0xC0, 0xF3, 0xFF, 0xCF, 0x03, 0xCF, 0xFF, 0x3C, 0x0F, 0x3F,
  0xFC, 0xF0, 0x3C, 0xFF, 0xF3, 0xC0, 0xF3, 0xFF, 0xCF, 0x03, 0xCF, 0xFF,
  0x3C, 0x0F, 0x3C, 0x00, 0x00, 0x00, 0x00, 0x00, 0x00, 0x00, 0x00, 0x00,
  0x00, 0x00, 0x00, 0x00, 0x00, 0x00, 0x00, 0x00, 0x00, 0x00, 0x00, 0x00,
  0x00, 0x00, 0x01, 0xF8, 0x00, 0x00, 0x1F, 0xF0, 0x00, 0x00, 0xFF, 0xE0,
  0x00, 0x03, 0xFF, 0x80, 0x00, 0x1F, 0x1E, 0x00, 0x00, 0x78, 0x3C, 0x00,
  0x01, 0xE0, 0xF0, 0x00, 0x07, 0x83, 0xC0, 0x00, 0x1E, 0x0F, 0x00, 0x00,
  0x78, 0x3C, 0x00, 0x00, 0xF1, 0xF0, 0x00, 0x03, 0xFF, 0x80, 0x00, 0x07,
  0xFE, 0x00, 0x00, 0x07, 0xF0, 0x00, 0x00, 0x07, 0xC0, 0x00, 0x00, 0x3E,
  0x00, 0x00, 0x01, 0xF0, 0x00, 0x00, 0x0F, 0xC0, 0x00, 0x00, 0x3E, 0x00,
  0x00, 0x00, 0xF0, 0x00, 0x00, 0x03, 0x80, 0x00, 0xF0, 0x3C, 0xFF, 0x3F,
  0xC0, 0xF3, 0xFC, 0xFF, 0x03, 0xCF, 0xF3, 0xFC, 0x0F, 0x3F, 0xCF, 0xF0,
  0x3C, 0xFF, 0x3F, 0xC0, 0xF3, 0xFC, 0xFF, 0x03, 0xCF, 0xF3, 0xFC, 0x0F,
  0x3F, 0xCF, 0xF0, 0x3C, 0xFF, 0x3F, 0xC0, 0xF3, 0xFC, 0xFF, 0x03, 0xCF,
  0xF3, 0xFC, 0x0F, 0x3F, 0xCF, 0xF0, 0x3C, 0xFF, 0x3F, 0xC0, 0xF3, 0xFC,
  0xFF, 0x03, 0xCF, 0xF3, 0xFC, 0x0F, 0x3F, 0xCF, 0xF0, 0x3C, 0xFF, 0x3F,
  0xC0, 0xF3, 0xFC, 0xFF, 0x03, 0xCF, 0xF3, 0xFC, 0x0F, 0x3F, 0xCF, 0xF0,
  0x3C, 0xFF, 0x3F, 0xC0, 0xF3, 0xFC, 0xFF, 0x03, 0xCF, 0xF3, 0xFC, 0x0F,
  0x3F, 0xCF, 0xF0, 0x3C, 0xFF, 0x3F, 0xC0, 0xF3, 0xFC, 0xFF, 0x03, 0xCF,
  0xF3, 0xFC, 0x0F, 0x3F, 0xCF, 0xF0, 0x3C, 0xFF, 0x3F, 0xC0, 0xF3, 0xFC,
  0xFF, 0x03, 0xCF, 0xF3, 0xFC, 0x0F, 0x3F, 0xCF, 0xF0, 0x3C, 0xFF, 0x3F,
  0xC0, 0xF3, 0xFC, 0xFF, 0x03, 0xCF, 0xF3, 0xFC, 0x0F, 0x3F, 0xCF, 0xF0,
  0x3C, 0xFF, 0x3F, 0xC0, 0xF3, 0xFC, 0xFF, 0x03, 0xCF, 0xF3, 0xFC, 0x0F,
  0x3F, 0xCF, 0xF0, 0x3C, 0xFF, 0x3F, 0xC0, 0xF3, 0xFC, 0xFF, 0x03, 0xCF,
  0xF3, 0xFC, 0x0F, 0x3F, 0xCF, 0xF0, 0x3C, 0xFF, 0x3F, 0xC0, 0xF3, 0xFC,
  0xFF, 0x03, 0xCF, 0xF3, 0xFC, 0x0F, 0x3F, 0xCF, 0xF0, 0x3C, 0xFF, 0x3F,
  0xC0, 0xF3, 0xFC, 0xFF, 0x03, 0xCF, 0xF3, 0xFC, 0x0F, 0x3F, 0xCF, 0xF0,
  0x3C, 0xFF, 0x3C, 0x00, 0x00, 0x00, 0x00, 0x00, 0x00, 0x00, 0x00, 0x00,
  0x00, 0x00, 0x00, 0x00, 0x00, 0x00, 0x00, 0x00, 0x00, 0x00, 0x00, 0x00,
  0x00, 0x00, 0x00, 0x00, 0x00, 0x00, 0x00, 0x00, 0x00, 0x00, 0x00, 0x00,
  0x00, 0x00, 0x00, 0x00, 0x00, 0x00, 0x00, 0x00, 0x00, 0x0F, 0x80, 0x00,
  0x00, 0x7F, 0x00, 0x00, 0x01, 0xFC, 0x00, 0x00, 0x07, 0xF0, 0x00, 0x00,
  0x1F, 0xC0, 0x00, 0x00, 0x3E, 0x00, 0x00, 0x00, 0x00, 0x00, 0x00, 0x00,
  0x00, 0x00, 0x00, 0x00, 0x00, 0x00, 0x00, 0x00, 0x00, 0x00, 0x00, 0xF8,
  0x00, 0x00, 0x07, 0xF0, 0x00, 0x00, 0x1F, 0xC0, 0x00, 0x00, 0x7F, 0x00,
  0x00, 0x01, 0xFC, 0x00, 0x00, 0x03, 0xE0, 0x00, 0xF0, 0x3F, 0xC7, 0x3F,
  0xC0, 0xFF, 0x3C, 0xFF, 0x03, 0xFC, 0xF3, 0xFC, 0x0F, 0xF3, 0xCF, 0xF0,
  0x3F, 0xCF, 0x3F, 0xC0, 0xFF, 0x3C, 0xFF, 0x03, 0xFC, 0xF3, 0xFC, 0x0F,
  0xF3, 0xCF, 0xF0, 0x3F, 0xCF, 0x3F, 0xC0, 0xFF, 0x3C, 0xFF, 0x03, 0xFC,
  0xF3, 0xFC, 0x0F, 0xF3, 0xCF, 0xF0, 0x3F, 0xCF, 0x3F, 0xC0, 0xFF, 0x3C,
  0xFF, 0x03, 0xFC, 0xF3, 0xFC, 0x0F, 0xF3, 0xCF, 0xF0, 0x3F, 0xCF, 0x3F,
  0xC0, 0xFF, 0x3C, 0xFF, 0x03, 0xFC, 0xF3, 0xFC, 0x0F, 0xF3, 0xCF, 0xF0,
  0x3F, 0xCF, 0x3F, 0xC0, 0xFF, 0x3C, 0xFF, 0x03, 0xFC, 0xF3, 0xFC, 0x0F,
  0xF3, 0xCF, 0xF0, 0x3F, 0xCF, 0x3F, 0xC0, 0xFF, 0x3C, 0xFF, 0x03, 0xFC,
  0xF3, 0xFC, 0x0F, 0xF3, 0xCF, 0xF0, 0x3F, 0xCF, 0x3F, 0xC0, 0xFF, 0x3C,
  0xFF, 0x03, 0xFC, 0xF3, 0xFC, 0x0F, 0xF3, 0xCF, 0xF0, 0x3F, 0xCF, 0x3F,
  0xC0, 0xFF, 0x3C, 0xFF, 0x03, 0xFC, 0xF3, 0xFC, 0x0F, 0xF3, 0xCF, 0xF0,
  0x3F, 0xCF, 0x3F, 0xC0, 0xFF, 0x3C, 0xFF, 0x03, 0xFC, 0xF3, 0xFC, 0x0F,
  0xF3, 0xCF, 0xF0, 0x3F, 0xCF, 0x3F, 0xC0, 0xFF, 0x3C, 0xFF, 0x03, 0xFC,
  0xF3, 0xFC, 0x0F, 0xF3, 0xCF, 0xF0, 0x3F, 0xCF, 0x3F, 0xC0, 0xFF, 0x3C,
  0xFF, 0x03, 0xFC, 0xF3, 0xFC, 0x0F, 0xF3, 0xCF, 0xF0, 0x3F, 0xCF, 0x3F,
  0xC0, 0xFF, 0x3C, 0xFF, 0x03, 0xFC, 0xF3, 0xFC, 0x0F, 0xF3, 0xCF, 0xF0,
  0x3F, 0xCF, 0x3C, 0x00, 0x00, 0x00, 0x00, 0x00, 0x00, 0x00, 0x00, 0x00,
  0x00, 0x00, 0x00, 0x00, 0x00, 0x00, 0x00, 0x00, 0x00, 0x00, 0x00, 0x00,
  0x00, 0x00, 0x00, 0x00, 0x00, 0x00, 0x00, 0x00, 0x00, 0x00, 0x00, 0x00,
  0x00, 0x00, 0x00, 0x00, 0x00, 0x00, 0x00, 0x00, 0x00, 0x07, 0xC0, 0x00,
  0x00, 0x3F, 0x80, 0x00, 0x00, 0xFE, 0x00, 0x00, 0x03, 0xF8, 0x00, 0x00,
  0x0F, 0xE0, 0x00, 0x00, 0x1F, 0x00, 0x00, 0x00, 0x00, 0x00, 0x00, 0x00,
  0x00, 0x00, 0x00, 0x00, 0x00, 0x00, 0x00, 0x1F, 0x00, 0x00, 0x00, 0xFE,
  0x00, 0x00, 0x03, 0xF8, 0x00, 0x00, 0x0F, 0xC0, 0x00, 0x00, 0x7F, 0x00,
  0x00, 0x01, 0xF8, 0x00, 0x00, 0x0F, 0xC0, 0x00, 0x00, 0x3F, 0x00, 0x00,
  0x01, 0xF8, 0x00, 0x00, 0x07, 0xC0, 0x00, 0x00, 0x0E, 0x00, 0x00, 0xFF,
  0x3C, 0x0F, 0x3F, 0xFC, 0xF0, 0x3C, 0xFF, 0xF3, 0xC0, 0xF3, 0xFF, 0xCF,
  0x03, 0xCF, 0xFF, 0x3C, 0x0F, 0x3F, 0xFC, 0xF0, 0x3C, 0xFF, 0xF3, 0xC0,
  0xF3, 0xFF, 0xCF, 0x03, 0xCF, 0xFF, 0x3C, 0x0F, 0x3F, 0xFC, 0xF0, 0x3C,
  0xFF, 0xF3, 0xC0, 0xF3, 0xFF, 0xCF, 0x03, 0xCF, 0xFF, 0x3C, 0x0F, 0x3F,
  0xFC, 0xF0, 0x3C, 0xFF, 0xF3, 0xC0, 0xF3, 0xFF, 0xCF, 0x03, 0xCF, 0xFF,
  0x3C, 0x0F, 0x3F, 0xFC, 0xF0, 0x3C, 0xFF, 0xF3, 0xC0, 0xF3, 0xFF, 0xCF,
  0x03, 0xCF, 0xFF, 0x3C, 0x0F, 0x3F, 0xFC, 0xF0, 0x3C, 0xFF, 0xF3, 0xC0,
  0xF3, 0xFF, 0xCF, 0x03, 0xCF, 0xFF, 0x3C, 0x0F, 0x3F, 0xFC, 0xF0, 0x3C,
  0xFF, 0xF3, 0xC0, 0xF3, 0xFF, 0xCF, 0x03, 0xCF, 0xFF, 0x3C, 0x0F, 0x3F,
  0xFC, 0xF0, 0x3C, 0xFF, 0xF3, 0xC0, 0xF3, 0xFF, 0xCF, 0x03, 0xCF, 0xFF,
  0x3C, 0x0F, 0x3F, 0xFC, 0xF0, 0x3C, 0xFF, 0xF3, 0xC0, 0xF3, 0xFF, 0xCF,
  0x03, 0xCF, 0xFF, 0x3C, 0x0F, 0x3F, 0xFC, 0xF0, 0x3C, 0xFF, 0xF3, 0xC0,
  0xF3, 0xFF, 0xCF, 0x03, 0xCF, 0xFF, 0x3C, 0x0F, 0x3F, 0xFC, 0xF0, 0x3C,
  0xFF, 0xF3, 0xC0, 0xF3, 0xFF, 0xCF, 0x03, 0xCF, 0xFF, 0x3C, 0x0F, 0x3F,
  0xFC, 0xF0, 0x3C, 0xFF, 0xF3, 0xC0, 0xF3, 0xFF, 0xCF, 0x03, 0xCF, 0xFF,
  0x3C, 0x0F, 0x3F, 0xFC, 0xF0, 0x3C, 0xFF, 0xF3, 0xC0, 0xF3, 0xFF, 0xCF,
  0x03, 0xCF, 0xFF, 0x3C, 0x0F, 0x3C, 0x00, 0x00, 0x00, 0x00, 0x00, 0x00,
  0x00, 0x00, 0x00, 0x00, 0x00, 0x00, 0x00, 0x00, 0x00, 0x00, 0x00, 0x00,
  0x00, 0x00, 0x00, 0x00, 0x00, 0x00, 0x00, 0x00, 0x00, 0x00, 0x00, 0x00,
  0x00, 0x00, 0x00, 0x00, 0x00, 0x03, 0x80, 0x00, 0x00, 0x1F, 0x00, 0x00,
  0x01, 0xF8, 0x00, 0x00, 0x0F, 0xC0, 0x00, 0x00, 0xFE, 0x00, 0x00, 0x0F,
  0xE0, 0x00, 0x00, 0x7E, 0x00, 0x00, 0x03, 0xF0, 0x00, 0x00, 0x0F, 0xE0,
  0x00, 0x00, 0x1F, 0xE0, 0x00, 0x00, 0x3F, 0xC0, 0x00, 0x00, 0x3F, 0xC0,
  0x00, 0x00, 0x3F, 0x80, 0x00, 0x00, 0x7E, 0x00, 0x00, 0x00, 0x7C, 0x00,
  0x00, 0x00, 0xE0, 0x00, 0xF3, 0xFC, 0xE3, 0xFF, 0xCF, 0xF3, 0x8F, 0xFF,
  0x3F, 0xCE, 0x3F, 0xFC, 0xFF, 0x38, 0xFF, 0xF3, 0xFC, 0xE3, 0xFF, 0xCF,
  0xF3, 0x8F, 0xFF, 0x3F, 0xCE, 0x3F, 0xFC, 0xFF, 0x38, 0xFF, 0xF3, 0xFC,
  0xE3, 0xFF, 0xCF, 0xF3, 0x8F, 0xFF, 0x3F, 0xCE, 0x3F, 0xFC, 0xFF, 0x38,
  0xFF, 0xF3, 0xFC, 0xE3, 0xFF, 0xCF, 0xF3, 0x8F, 0xFF, 0x3F, 0xCE, 0x3F,
  0xFC, 0xFF, 0x38, 0xFF, 0xF3, 0xFC, 0xE3, 0xFF, 0xCF, 0xF3, 0x8F, 0xFF,
  0x3F, 0xCE, 0x3F, 0xFC, 0xFF, 0x38, 0xFF, 0xF3, 0xFC, 0xE3, 0xFF, 0xCF,
  0xF3, 0x8F, 0xFF, 0x3F, 0xCE, 0x3F, 0xFC, 0xFF, 0x38, 0xFF, 0xF3, 0xFC,
  0xE3, 0xFF, 0xCF, 0xF3, 0x8F, 0xFF, 0x3F, 0xCE, 0x3F, 0xFC, 0xFF, 0x38,
  0xFF, 0xF3, 0xFC, 0xE3, 0xFF, 0xCF, 0xF3, 0x8F, 0xFF, 0x3F, 0xCE, 0x3F,
  0xFC, 0xFF, 0x38, 0xFF, 0xF3, 0xFC, 0xE3, 0xFF, 0xCF, 0xF3, 0x8F, 0xFF,
  0x3F, 0xCE, 0x3F, 0xFC, 0xFF, 0x38, 0xFF, 0xF3, 0xFC, 0xE3, 0xFF, 0xCF,
  0xF3, 0x8F, 0xFF, 0x3F, 0xCE, 0x3F, 0xFC, 0xFF, 0x38, 0xFF, 0xF3, 0xFC,
  0xE3, 0xFF, 0xCF, 0xF3, 0x8F, 0xFF, 0x3F, 0xCE, 0x3F, 0xFC, 0xFF, 0x38,
  0xFF, 0xF3, 0xFC, 0xE3, 0xFF, 0xCF, 0xF3, 0x8F, 0xFF, 0x3F, 0xCE, 0x3F,
  0xFC, 0xFF, 0x38, 0xFF, 0xF3, 0xFC, 0xE3, 0xFF, 0xCF, 0xF3, 0x8F, 0xFF,
  0x3F, 0xCE, 0x3F, 0xFC, 0xFF, 0x38, 0xFF, 0xF3, 0xFC, 0xE3, 0xFC, 0x00,
  0x00, 0x00, 0x00, 0x00, 0x00, 0x00, 0x00, 0x00, 0x00, 0x00, 0x00, 0x00,
  0x00, 0x00, 0x00, 0x00, 0x00, 0x00, 0x00, 0x00, 0x00, 0x00, 0x00, 0x00,
  0x00, 0x00, 0x00, 0x00, 0x00, 0x00, 0x00, 0x00, 0x00, 0x00, 0x00, 0x00,
  0x00, 0x00, 0x00, 0x00, 0x00, 0xFF, 0xFC, 0x00, 0x03, 0xFF, 0xF0, 0x00,
  0x0F, 0xFF, 0xC0, 0x00, 0x1F, 0xFE, 0x00, 0x00, 0x00, 0x00, 0x00, 0x00,
  0x00, 0x00, 0x00, 0x0F, 0xFF, 0xC0, 0x00, 0x3F, 0xFF, 0x00, 0x00, 0xFF,
  0xFC, 0x00, 0x03, 0xFF, 0xF0, 0x00, 0xF3, 0xCF, 0x03, 0xFF, 0xCF, 0x3C,
  0x0F, 0xFF, 0x3C, 0xF0, 0x3F, 0xFC, 0xF3, 0xC0, 0xFF, 0xF3, 0xCF, 0x03,
  0xFF, 0xCF, 0x3C, 0x0F, 0xFF, 0x3C, 0xF0, 0x3F, 0xFC, 0xF3, 0xC0, 0xFF,
  0xF3, 0xCF, 0x03, 0xFF, 0xCF, 0x3C, 0x0F, 0xFF, 0x3C, 0xF0, 0x3F, 0xFC,
  0xF3, 0xC0, 0xFF, 0xF3, 0xCF, 0x03, 0xFF, 0xCF, 0x3C, 0x0F, 0xFF, 0x3C,
  0xF0, 0x3F, 0xFC, 0xF3, 0xC0, 0xFF, 0xF3, 0xCF, 0x03, 0xFF, 0xCF, 0x3C,
  0x0F, 0xFF, 0x3C, 0xF0, 0x3F, 0xFC, 0xF3, 0xC0, 0xFF, 0xF3, 0xCF, 0x03,
  0xFF, 0xCF, 0x3C, 0x0F, 0xFF, 0x3C, 0xF0, 0x3F, 0xFC, 0xF3, 0xC0, 0xFF,
  0xF3, 0xCF, 0x03, 0xFF, 0xCF, 0x3C, 0x0F, 0xFF, 0x3C, 0xF0, 0x3F, 0xFC,
  0xF3, 0xC0, 0xFF, 0xF3, 0xCF, 0x03, 0xFF, 0xCF, 0x3C, 0x0F, 0xFF, 0x3C,
  0xF0, 0x3F, 0xFC, 0xF3, 0xC0, 0xFF, 0xF3, 0xCF, 0x03, 0xFF, 0xCF, 0x3C,
  0x0F, 0xFF, 0x3C, 0xF0, 0x3F, 0xFC, 0xF3, 0xC0, 0xFF, 0xF3, 0xCF, 0x03,
  0xFF, 0xCF, 0x3C, 0x0F, 0xFF, 0x3C, 0xF0, 0x3F, 0xFC, 0xF3, 0xC0, 0xFF,
  0xF3, 0xCF, 0x03, 0xFF, 0xCF, 0x3C, 0x0F, 0xFF, 0x3C, 0xF0, 0x3F, 0xFC,
  0xF3, 0xC0, 0xFF, 0xF3, 0xCF, 0x03, 0xFF, 0xCF, 0x3C, 0x0F, 0xFF, 0x3C,
  0xF0, 0x3F, 0xFC, 0xF3, 0xC0, 0xFF, 0xF3, 0xCF, 0x03, 0xFF, 0xCF, 0x3C,
  0x0F, 0xFF, 0x3C, 0xF0, 0x3F, 0xFC, 0xF3, 0xC0, 0xFF, 0xF3, 0xC7, 0x03,
  0xFC, 0x00, 0x00, 0x00, 0x00, 0x00, 0x00, 0x00, 0x00, 0x00, 0x00, 0x00,
  0x00, 0x00, 0x00, 0x00, 0x00, 0x00, 0x00, 0x00, 0x00, 0x00, 0x00, 0x00,
  0x00, 0x00, 0x00, 0x00, 0x00, 0x00, 0x00, 0x00, 0x00, 0x00, 0x00, 0x06,
  0x00, 0x00, 0x00, 0x3E, 0x00, 0x00, 0x00, 0x7E, 0x00, 0x00, 0x01, 0xFC,
  0x00, 0x00, 0x01, 0xFC, 0x00, 0x00, 0x03, 0xF8, 0x00, 0x00, 0x03, 0xF8,
  0x00, 0x00, 0x03, 0xF0, 0x00, 0x00, 0x1F, 0xC0, 0x00, 0x00, 0xFE, 0x00,
  0x00, 0x0F, 0xF0, 0x00, 0x00, 0xFF, 0x00, 0x00, 0x07, 0xF0, 0x00, 0x00,
  0x3F, 0x80, 0x00, 0x00, 0xF8, 0x00, 0x00, 0x01, 0x80, 0x00, 0x00, 0xF0,
  0x3C, 0xFE, 0x3F, 0xC0, 0xF3, 0xFC, 0xFF, 0x03, 0xCF, 0xF3, 0xFC, 0x0F,
  0x3F, 0xCF, 0xF0, 0x3C, 0xFF, 0x3F, 0xC0, 0xF3, 0xFC, 0xFF, 0x03, 0xCF,
  0xF3, 0xFC, 0x0F, 0x3F, 0xCF, 0xF0, 0x3C, 0xFF, 0x3F, 0xC0, 0xF3, 0xFC,
  0xFF, 0x03, 0xCF, 0xF3, 0xFC, 0x0F, 0x3F, 0xCF, 0xF0, 0x3C, 0xFF, 0x3F,
  0xC0, 0xF3, 0xFC, 0xFF, 0x03, 0xCF, 0xF3, 0xFC, 0x0F, 0x3F, 0xCF, 0xF0,
  0x3C, 0xFF, 0x3F, 0xC0, 0xF3, 0xFC, 0xFF, 0x03, 0xCF, 0xF3, 0xFC, 0x0F,
  0x3F, 0xCF, 0xF0, 0x3C, 0xFF, 0x3F, 0xC0, 0xF3, 0xFC, 0xFF, 0x03, 0xCF,
  0xF3, 0xFC, 0x0F, 0x3F, 0xCF, 0xF0, 0x3C, 0xFF, 0x3F, 0xC0, 0xF3, 0xFC,
  0xFF, 0x03, 0xCF, 0xF3, 0xFC, 0x0F, 0x3F, 0xCF, 0xF0, 0x3C, 0xFF, 0x3F,
  0xC0, 0xF3, 0xFC, 0xFF, 0x03, 0xCF, 0xF3, 0xFC, 0x0F, 0x3F, 0xCF, 0xF0,
  0x3C, 0xFF, 0x3F, 0xC0, 0xF3, 0xFC, 0xFF, 0x03, 0xCF, 0xF3, 0xFC, 0x0F,
  0x3F, 0xCF, 0xF0, 0x3C, 0xFF, 0x3F, 0xC0, 0xF3, 0xFC, 0xFF, 0x03, 0xCF,
  0xF3, 0xFC, 0x0F, 0x3F, 0xCF, 0xF0, 0x3C, 0xFF, 0x3F, 0xC0, 0xF3, 0xFC,
  0xFF, 0x03, 0xCF, 0xF3, 0xFC, 0x0F, 0x3F, 0xCF, 0xF0, 0x3C, 0xFF, 0x3F,
  0xC0, 0xF3, 0xFC, 0xFF, 0x03, 0xCF, 0xF3, 0xFC, 0x0F, 0x3F, 0xCF, 0xF0,
  0x3C, 0xFF, 0x3F, 0xC0, 0xF3, 0xFC, 0xFF, 0x03, 0xCF, 0xF3, 0xFC, 0x0F,
  0x3F, 0xCF, 0xF0, 0x3C, 0xFF, 0x3C, 0x00, 0x00, 0x00, 0x00, 0x00, 0x00,
  0x00, 0x00, 0x00, 0x00, 0x00, 0x00, 0x00, 0x00, 0x00, 0x00, 0x00, 0x00,
  0x00, 0x00, 0x00, 0x00, 0x00, 0x03, 0xF0, 0x00, 0x00, 0x1F, 0xF0, 0x00,
  0x00, 0xFF, 0xC0, 0x00, 0x07, 0xFF, 0x80, 0x00, 0x1F, 0x1E, 0x00, 0x00,
  0x78, 0x78, 0x00, 0x01, 0xE1, 0xE0, 0x00, 0x07, 0x0F, 0x80, 0x00, 0x00,
  0x7C, 0x00, 0x00, 0x03, 0xE0, 0x00, 0x00, 0x0F, 0x80, 0x00, 0x00, 0x7C,
  0x00, 0x00, 0x01, 0xE0, 0x00, 0x00, 0x03, 0x80, 0x00, 0x00, 0x00, 0x00,
  0x00, 0x00, 0x00, 0x00, 0x00, 0x00, 0xE0, 0x00, 0x00, 0x03, 0xC0, 0x00,
  0x00, 0x0F, 0x00, 0x00, 0x00, 0x3C, 0x00, 0x00, 0x00, 0x60, 0x00, 0xF3,
  0xFC, 0xF0, 0x3F, 0xCF, 0xF3, 0xC0, 0xFF, 0x3F, 0xCF, 0x03, 0xFC, 0xFF,
  0x3C, 0x0F, 0xF3, 0xFC, 0xF0, 0x3F, 0xCF, 0xF3, 0xC0, 0xFF, 0x3F, 0xCF,
  0x03, 0xFC, 0xFF, 0x3C, 0x0F, 0xF3, 0xFC, 0xF0, 0x3F, 0xCF, 0xF3, 0xC0,
  0xFF, 0x3F, 0xCF, 0x03, 0xFC, 0xFF, 0x3C, 0x0F, 0xF3, 0xFC, 0xF0, 0x3F,
  0xCF, 0xF3, 0xC0, 0xFF, 0x3F, 0xCF, 0x03, 0xFC, 0xFF, 0x3C, 0x0F, 0xF3,
  0xFC, 0xF0, 0x3F, 0xCF, 0xF3, 0xC0, 0xFF, 0x3F, 0xCF, 0x03, 0xFC, 0xFF,
  0x3C, 0x0F, 0xF3, 0xFC, 0xF0, 0x3F, 0xCF, 0xF3, 0xC0, 0xFF, 0x3F, 0xCF,
  0x03, 0xFC, 0xFF, 0x3C, 0x0F, 0xF3, 0xFC, 0xF0, 0x3F, 0xCF, 0xF3, 0xC0,
  0xFF, 0x3F, 0xCF, 0x03, 0xFC, 0xFF, 0x3C, 0x0F, 0xF3, 0xFC, 0xF0, 0x3F,
  0xCF, 0xF3, 0xC0, 0xFF, 0x3F, 0xCF, 0x03, 0xFC, 0xFF, 0x3C, 0x0F, 0xF3,
  0xFC, 0xF0, 0x3F, 0xCF, 0xF3, 0xC0, 0xFF, 0x3F, 0xCF, 0x03, 0xFC, 0xFF,
  0x3C, 0x0F, 0xF3, 0xFC, 0xF0, 0x3F, 0xCF, 0xF3, 0xC0, 0xFF, 0x3F, 0xCF,
  0x03, 0xFC, 0xFF, 0x3C, 0x0F, 0xF3, 0xFC, 0xF0, 0x3F, 0xCF, 0xF3, 0xC0,
  0xFF, 0x3F, 0xCF, 0x03, 0xFC, 0xFF, 0x3C, 0x0F, 0xF3, 0xFC, 0xF0, 0x3F,
  0xCF, 0xF3, 0xC0, 0xFF, 0x3F, 0xCF, 0x03, 0xFC, 0xFF, 0x3C, 0x0F, 0xF3,
  0xFC, 0xF0, 0x3F, 0xCF, 0xF3, 0xC0, 0xFF, 0x3F, 0xCF, 0x03, 0xFC, 0xFF,
  0x3C, 0x0F, 0xF3, 0xFC, 0xF0, 0x3C, 0x00, 0x00, 0x00, 0x00, 0x00, 0x00,
  0x00, 0x00, 0x00, 0x00, 0x00, 0x00, 0x00, 0x00, 0x00, 0x00, 0x00, 0x00,
  0x00, 0x00, 0x00, 0x00, 0x00, 0x03, 0xF0, 0x00, 0x00, 0x3F, 0xE0, 0x00,
  0x01, 0xFF, 0xC0, 0x00, 0x0F, 0xFF, 0x80, 0x00, 0x3C, 0x3E, 0x00, 0x00,
  0xE0, 0x7C, 0x00, 0x03, 0x80, 0xF0, 0x00, 0x00, 0x03, 0xC0, 0x00, 0x0F,
  0x6F, 0x00, 0x00, 0x7F, 0xFC, 0x00, 0x01, 0xFF, 0xF0, 0x00, 0x0F, 0xFF,
  0xC0, 0x00, 0x3C, 0xFF, 0x00, 0x00, 0xF3, 0xFC, 0x00, 0x03, 0xCE, 0xF0,
  0x00, 0x0F, 0x3B, 0xC0, 0x00, 0x3C, 0xEF, 0x00, 0x00, 0xFF, 0xFC, 0x00,
  0x01, 0xFF, 0xE0, 0x00, 0x03, 0xFF, 0x80, 0x00, 0x07, 0x38, 0x00, 0xF3,
  0xF8, 0x0F, 0x03, 0xBC, 0xFF, 0x03, 0xC0, 0xFF, 0x3F, 0xC0, 0xF0, 0x3F,
  0xCF, 0xF0, 0x3C, 0x0F, 0xF3, 0xFC, 0x0F, 0x03, 0xFC, 0xFF, 0x03, 0xC0,
  0xFF, 0x3F, 0xC0, 0xF0, 0x3F, 0xCF, 0xF0, 0x3C, 0x0F, 0xF3, 0xFC, 0x0F,
  0x03, 0xFC, 0xFF, 0x03, 0xC0, 0xFF, 0x3F, 0xC0, 0xF0, 0x3F, 0xCF, 0xF0,
  0x3C, 0x0F, 0xF3, 0xFC, 0x0F, 0x03, 0xFC, 0xFF, 0x03, 0xC0, 0xFF, 0x3F,
  0xC0, 0xF0, 0x3F, 0xCF, 0xF0, 0x3C, 0x0F, 0xF3, 0xFC, 0x0F, 0x03, 0xFC,
  0xFF, 0x03, 0xC0, 0xFF, 0x3F, 0xC0, 0xF0, 0x3F, 0xCF, 0xF0, 0x3C, 0x0F,
  0xF3, 0xFC, 0x0F, 0x03, 0xFC, 0xFF, 0x03, 0xC0, 0xFF, 0x3F, 0xC0, 0xF0,
  0x3F, 0xCF, 0xF0, 0x3C, 0x0F, 0xF3, 0xFC, 0x0F, 0x03, 0xFC, 0xFF, 0x03,
  0xC0, 0xFF, 0x3F, 0xC0, 0xF0, 0x3F, 0xCF, 0xF0, 0x3C, 0x0F, 0xF3, 0xFC,
  0x0F, 0x03, 0xFC, 0xFF, 0x03, 0xC0, 0xFF, 0x3F, 0xC0, 0xF0, 0x3F, 0xCF,
  0xF0, 0x3C, 0x0F, 0xF3, 0xFC, 0x0F, 0x03, 0xFC, 0xFF, 0x03, 0xC0, 0xFF,
  0x3F, 0xC0, 0xF0, 0x3F, 0xCF, 0xF0, 0x3C, 0x0F, 0xF3, 0xFC, 0x0F, 0x03,
  0xFC, 0xFF, 0x03, 0xC0, 0xFF, 0x3F, 0xC0, 0xF0, 0x3F, 0xCF, 0xF0, 0x3C,
  0x0F, 0xF3, 0xFC, 0x0F, 0x03, 0xFC, 0xFF, 0x03, 0xC0, 0xFF, 0x3F, 0xC0,
  0xF0, 0x3F, 0xCF, 0xF0, 0x3C, 0x0F, 0xF3, 0xFC, 0x0F, 0x03, 0xFC, 0xFF,
  0x03, 0xC0, 0xFF, 0x3F, 0xC0, 0xF0, 0x3F, 0xCF, 0xF0, 0x3C, 0x0F, 0xF3,
  0xFC, 0x0F, 0x03, 0xFC, 0xFF, 0x03, 0xC0, 0xFF, 0x3F, 0xC0, 0xF0, 0x3F,
  0xCF, 0xF0, 0x3C, 0x0F, 0xF3, 0xFC, 0x0F, 0x03, 0x80, 0x00, 0x00, 0x00,
  0x00, 0x00, 0x00, 0x00, 0x00, 0x00, 0x00, 0x00, 0x00, 0x00, 0x00, 0x00,
  0x00, 0x00, 0x00, 0x00, 0x00, 0x00, 0x00, 0x00, 0x00, 0x00, 0x00, 0x01,
  0x80, 0x00, 0x00, 0x01, 0xF0, 0x00, 0x00, 0x00, 0xFC, 0x00, 0x00, 0x00,
  0x3F, 0x00, 0x00, 0x00, 0x0F, 0xC0, 0x00, 0x00, 0x07, 0xF8, 0x00, 0x00,
  0x01, 0xFE, 0x00, 0x00, 0x00, 0x7F, 0x80, 0x00, 0x00, 0x1F, 0xF0, 0x00,
  0x00, 0x0F, 0xBC, 0x00, 0x00, 0x03, 0xCF, 0x00, 0x00, 0x00, 0xF3, 0xC0,
  0x00, 0x00, 0x7F, 0xF8, 0x00, 0x00, 0x1F, 0xFE, 0x00, 0x00, 0x07, 0xFF,
  0x80, 0x00, 0x01, 0xE1, 0xE0, 0x00, 0x00, 0xF8, 0x3C, 0x00, 0x00, 0x3E,
  0x0F, 0x00, 0x00, 0x0F, 0x03, 0xC0, 0x00, 0x03, 0xC0, 0xF0, 0x00, 0x00,
  0xE0, 0x1C, 0x00, 0xF0, 0x3C, 0x0F, 0x3F, 0xFC, 0x0F, 0x03, 0xCF, 0xFF,
  0x03, 0xC0, 0xF3, 0xFF, 0xC0, 0xF0, 0x3C, 0xFF, 0xF0, 0x3C, 0x0F, 0x3F,
  0xFC, 0x0F, 0x03, 0xCF, 0xFF, 0x03, 0xC0, 0xF3, 0xFF, 0xC0, 0xF0, 0x3C,
  0xFF, 0xF0, 0x3C, 0x0F, 0x3F, 0xFC, 0x0F, 0x03, 0xCF, 0xFF, 0x03, 0xC0,
  0xF3, 0xFF, 0xC0, 0xF0, 0x3C, 0xFF, 0xF0, 0x3C, 0x0F, 0x3F, 0xFC, 0x0F,
  0x03, 0xCF, 0xFF, 0x03, 0xC0, 0xF3, 0xFF, 0xC0, 0xF0, 0x3C, 0xFF, 0xF0,
  0x3C, 0x0F, 0x3F, 0xFC, 0x0F, 0x03, 0xCF, 0xFF, 0x03, 0xC0, 0xF3, 0xFF,
  0xC0, 0xF0, 0x3C, 0xFF, 0xF0, 0x3C, 0x0F, 0x3F, 0xFC, 0x0F, 0x03, 0xCF,
  0xFF, 0x03, 0xC0, 0xF3, 0xFF, 0xC0, 0xF0, 0x3C, 0xFF, 0xF0, 0x3C, 0x0F,
  0x3F, 0xFC, 0x0F, 0x03, 0xCF, 0xFF, 0x03, 0xC0, 0xF3, 0xFF, 0xC0, 0xF0,
  0x3C, 0xFF, 0xF0, 0x3C, 0x0F, 0x3F, 0xFC, 0x0F, 0x03, 0xCF, 0xFF, 0x03,
  0xC0, 0xF3, 0xFF, 0xC0, 0xF0, 0x3C, 0xFF, 0xF0, 0x3C, 0x0F, 0x3F, 0xFC,
  0x0F, 0x03, 0xCF, 0xFF, 0x03, 0xC0, 0xF3, 0xFF, 0xC0, 0xF0, 0x3C, 0xFF,
  0xF0, 0x3C, 0x0F, 0x3F, 0xFC, 0x0F, 0x03, 0xCF, 0xFF, 0x03, 0xC0, 0xF3,
  0xFF, 0xC0, 0xF0, 0x3C, 0xFF, 0xF0, 0x3C, 0x0F, 0x3F, 0xFC, 0x0F, 0x03,
  0xCF, 0xFF, 0x03, 0xC0, 0xF3, 0xFF, 0xC0, 0xF0, 0x3C, 0xFF, 0xF0, 0x3C,
  0x0F, 0x3F, 0xFC, 0x0F, 0x03, 0xCF, 0xFF, 0x03, 0xC0, 0xF3, 0xFF, 0xC0,
  0xF0, 0x3C, 0xFF, 0xF0, 0x3C, 0x0F, 0x3F, 0xFC, 0x0F, 0x03, 0xCF, 0xFF,
  0x03, 0xC0, 0xF3, 0xFF, 0xC0, 0xF0, 0x3C, 0xFF, 0xF0, 0x3C, 0x0F, 0x3F,
  0xC0, 0x00, 0x00, 0x00, 0x00, 0x00, 0x00, 0x00, 0x00, 0x00, 0x00, 0x00,
  0x00, 0x00, 0x00, 0x00, 0x00, 0x00, 0x00, 0x00, 0x00, 0x00, 0x00, 0x00,
  0x00, 0x00, 0x00, 0x00, 0x00, 0x00, 0x00, 0x1F, 0xF0, 0x00, 0x00, 0x0F,
  0xFF, 0x00, 0x00, 0x03, 0xFF, 0xE0, 0x00, 0x00, 0xFF, 0xFC, 0x00, 0x00,
  0x38, 0x1F, 0x00, 0x00, 0x0F, 0x03, 0xC0, 0x00, 0x03, 0xC1, 0xF0, 0x00,
  0x00, 0xFF, 0xFC, 0x00, 0x00, 0x3F, 0xFE, 0x00, 0x00, 0x0F, 0xFF, 0x00,
  0x00, 0x03, 0xFF, 0xE0, 0x00, 0x00, 0xE0, 0x7C, 0x00, 0x00, 0x3C, 0x0F,
  0x00, 0x00, 0x0F, 0x03, 0xC0, 0x00, 0x03, 0x80, 0xF0, 0x00, 0x00, 0xE0,
  0x7C, 0x00, 0x00, 0x3F, 0xFE, 0x00, 0x00, 0x0F, 0xFF, 0x80, 0x00, 0x03,
  0xFF, 0xC0, 0x00, 0x00, 0x7F, 0xC0, 0x00, 0xF3, 0xC0, 0xF0, 0x3F, 0xBC,
  0xF0, 0x3C, 0x0F, 0xFF, 0x3C, 0x0F, 0x03, 0xFF, 0xCF, 0x03, 0xC0, 0xFF,
  0xF3, 0xC0, 0xF0, 0x3F, 0xFC, 0xF0, 0x3C, 0x0F, 0xFF, 0x3C, 0x0F, 0x03,
  0xFF, 0xCF, 0x03, 0xC0, 0xFF, 0xF3, 0xC0, 0xF0, 0x3F, 0xFC, 0xF0, 0x3C,
  0x0F, 0xFF, 0x3C, 0x0F, 0x03, 0xFF, 0xCF, 0x03, 0xC0, 0xFF, 0xF3, 0xC0,
  0xF0, 0x3F, 0xFC, 0xF0, 0x3C, 0x0F, 0xFF, 0x3C, 0x0F, 0x03, 0xFF, 0xCF,
  0x03, 0xC0, 0xFF, 0xF3, 0xC0, 0xF0, 0x3F, 0xFC, 0xF0, 0x3C, 0x0F, 0xFF,
  0x3C, 0x0F, 0x03, 0xFF, 0xCF, 0x03, 0xC0, 0xFF, 0xF3, 0xC0, 0xF0, 0x3F,
  0xFC, 0xF0, 0x3C, 0x0F, 0xFF, 0x3C, 0x0F, 0x03, 0xFF, 0xCF, 0x03, 0xC0,
  0xFF, 0xF3, 0xC0, 0xF0, 0x3F, 0xFC, 0xF0, 0x3C, 0x0F, 0xFF, 0x3C, 0x0F,
  0x03, 0xFF, 0xCF, 0x03, 0xC0, 0xFF, 0xF3, 0xC0, 0xF0, 0x3F, 0xFC, 0xF0,
  0x3C, 0x0F, 0xFF, 0x3C, 0x0F, 0x03, 0xFF, 0xCF, 0x03, 0xC0, 0xFF, 0xF3,
  0xC0, 0xF0, 0x3F, 0xFC, 0xF0, 0x3C, 0x0F, 0xFF, 0x3C, 0x0F, 0x03, 0xFF,
  0xCF, 0x03, 0xC0, 0xFF, 0xF3, 0xC0, 0xF0, 0x3F, 0xFC, 0xF0, 0x3C, 0x0F,
  0xFF, 0x3C, 0x0F, 0x03, 0xFF, 0xCF, 0x03, 0xC0, 0xFF, 0xF3, 0xC0, 0xF0,
  0x3F, 0xFC, 0xF0, 0x3C, 0x0F, 0xFF, 0x3C, 0x0F, 0x03, 0xFF, 0xCF, 0x03,
  0xC0, 0xFF, 0xF3, 0xC0, 0xF0, 0x3F, 0xFC, 0xF0, 0x3C, 0x0F, 0xFF, 0x3C,
  0x0F, 0x03, 0xFF, 0xCF, 0x03, 0xC0, 0xFF, 0xF3, 0xC0, 0xF0, 0x3F, 0xFC,
  0xF0, 0x3C, 0x0F, 0xFF, 0x3C, 0x0F, 0x03, 0xFF, 0xCF, 0x03, 0xC0, 0xFF,
  0xF3, 0xC0, 0xF0, 0x3F, 0xC0, 0x00, 0x00, 0x00, 0x00, 0x00, 0x00, 0x00,
  0x00, 0x00, 0x00, 0x00, 0x00, 0x00, 0x00, 0x00, 0x00, 0x00, 0x00, 0x00,
  0x00, 0x00, 0x00, 0x00, 0x00, 0x00, 0x00, 0x07, 0xC0, 0x00, 0x00, 0x03,
  0xF8, 0x00, 0x00, 0x01, 0xFF, 0x00, 0x00, 0x00, 0xFF, 0xE0, 0x00, 0x00,
  0x3E, 0x78, 0x00, 0x00, 0x0F, 0x0C, 0x00, 0x00, 0x07, 0x80, 0x00, 0x00,
  0x01, 0xE0, 0x00, 0x00, 0x00, 0x78, 0x00, 0x00, 0x00, 0x1E, 0x00, 0x00,
  0x00, 0x07, 0x80, 0x00, 0x00, 0x01, 0xE0, 0x00, 0x00, 0x00, 0x78, 0x00,
  0x00, 0x00, 0x1E, 0x00, 0x00, 0x00, 0x07, 0xC0, 0x00, 0x00, 0x01, 0xF1,
  0xC0, 0x00, 0x00, 0x3E, 0x78, 0x00, 0x00, 0x0F, 0xFE, 0x00, 0x00, 0x01,
  0xFF, 0x00, 0x00, 0x00, 0x3F, 0x80, 0x00, 0x00, 0x07, 0xC0, 0x00, 0xF3,
  0xC0, 0xFF, 0x03, 0xFC, 0xF0, 0x3F, 0xC0, 0xFF, 0x3C, 0x0F, 0xF0, 0x3F,
  0xCF, 0x03, 0xFC, 0x0F, 0xF3, 0xC0, 0xFF, 0x03, 0xFC, 0xF0, 0x3F, 0xC0,
  0xFF, 0x3C, 0x0F, 0xF0, 0x3F, 0xCF, 0x03, 0xFC, 0x0F, 0xF3, 0xC0, 0xFF,
  0x03, 0xFC, 0xF0, 0x3F, 0xC0, 0xFF, 0x3C, 0x0F, 0xF0, 0x3F, 0xCF, 0x03,
  0xFC, 0x0F, 0xF3, 0xC0, 0xFF, 0x03, 0xFC, 0xF0, 0x3F, 0xC0, 0xFF, 0x3C,
  0x0F, 0xF0, 0x3F, 0xCF, 0x03, 0xFC, 0x0F, 0xF3, 0xC0, 0xFF, 0x03, 0xFC,
  0xF0, 0x3F, 0xC0, 0xFF, 0x3C, 0x0F, 0xF0, 0x3F, 0xCF, 0x03, 0xFC, 0x0F,
  0xF3, 0xC0, 0xFF, 0x03, 0xFC, 0xF0, 0x3F, 0xC0, 0xFF, 0x3C, 0x0F, 0xF0,
  0x3F, 0xCF, 0x03, 0xFC, 0x0F, 0xF3, 0xC0, 0xFF, 0x03, 0xFC, 0xF0, 0x3F,
  0xC0, 0xFF, 0x3C, 0x0F, 0xF0, 0x3F, 0xCF, 0x03, 0xFC, 0x0F, 0xF3, 0xC0,
  0xFF, 0x03, 0xFC, 0xF0, 0x3F, 0xC0, 0xFF, 0x3C, 0x0F, 0xF0, 0x3F, 0xCF,
  0x03, 0xFC, 0x0F, 0xF3, 0xC0, 0xFF, 0x03, 0xFC, 0xF0, 0x3F, 0xC0, 0xFF,
  0x3C, 0x0F, 0xF0, 0x3F, 0xCF, 0x03, 0xFC, 0x0F, 0xF3, 0xC0, 0xFF, 0x03,
  0xFC, 0xF0, 0x3F, 0xC0, 0xFF, 0x3C, 0x0F, 0xF0, 0x3F, 0xCF, 0x03, 0xFC,
  0x0F, 0xF3, 0xC0, 0xFF, 0x03, 0xFC, 0xF0, 0x3F, 0xC0, 0xFF, 0x3C, 0x0F,
  0xF0, 0x3F, 0xCF, 0x03, 0xFC, 0x0F, 0xF3, 0xC0, 0xFF, 0x03, 0xFC, 0xF0,
  0x3F, 0xC0, 0xFF, 0x3C, 0x0F, 0xF0, 0x3F, 0xCF, 0x03, 0xFC, 0x0F, 0xF3,
  0xC0, 0xFF, 0x03, 0xFC, 0xF0, 0x3F, 0xC0, 0xFF, 0x3C, 0x0F, 0xF0, 0x3F,
  0xCF, 0x03, 0xFC, 0x0F, 0xF3, 0xC0, 0xFF, 0x03, 0x80, 0x00, 0x00, 0x00,
  0x00, 0x00, 0x00, 0x00, 0x00, 0x00, 0x00, 0x00, 0x00, 0x00, 0x00, 0x00,
  0x00, 0x00, 0x00, 0x00, 0x00, 0x00, 0x00, 0x00, 0x00, 0x00, 0x00, 0x00,
  0x00, 0x00, 0x00, 0x07, 0xC0, 0x00, 0x00, 0x03, 0xFC, 0x00, 0x00, 0x00,
  0xFF, 0x80, 0x00, 0x00, 0x3F, 0xF0, 0x00, 0x00, 0x0F, 0x3E, 0x00, 0x00,
  0x03, 0xC7, 0x80, 0x00, 0x00, 0xF1, 0xF0, 0x00, 0x00, 0x3C, 0x3C, 0x00,
  0x00, 0x0F, 0x0F, 0x00, 0x00, 0x03, 0xC3, 0xC0, 0x00, 0x00, 0xF0, 0xF0,
  0x00, 0x00, 0x3C, 0x3C, 0x00, 0x00, 0x0F, 0x1F, 0x00, 0x00, 0x03, 0xC7,
  0xC0, 0x00, 0x00, 0xF3, 0xE0, 0x00, 0x00, 0x3F, 0xF8, 0x00, 0x00, 0x0F,
  0xFC, 0x00, 0x00, 0x03, 0xFE, 0x00, 0x00, 0x00, 0xFF, 0x00, 0x00, 0x00,
  0x1E, 0x00, 0x00, 0xF3, 0x80, 0xFF, 0x01, 0xFC, 0xF0, 0x3F, 0xC0, 0xFF,
  0x3C, 0x0F, 0xF0, 0x3F, 0xCF, 0x03, 0xFC, 0x0F, 0xF3, 0xC0, 0xFF, 0x03,
  0xFC, 0xF0, 0x3F, 0xC0, 0xFF, 0x3C, 0x0F, 0xF0, 0x3F, 0xCF, 0x03, 0xFC,
  0x0F, 0xF3, 0xC0, 0xFF, 0x03, 0xFC, 0xF0, 0x3F, 0xC0, 0xFF, 0x3C, 0x0F,
  0xF0, 0x3F, 0xCF, 0x03, 0xFC, 0x0F, 0xF3, 0xC0, 0xFF, 0x03, 0xFC, 0xF0,
  0x3F, 0xC0, 0xFF, 0x3C, 0x0F, 0xF0, 0x3F, 0xCF, 0x03, 0xFC, 0x0F, 0xF3,
  0xC0, 0xFF, 0x03, 0xFC, 0xF0, 0x3F, 0xC0, 0xFF, 0x3C, 0x0F, 0xF0, 0x3F,
  0xCF, 0x03, 0xFC, 0x0F, 0xF3, 0xC0, 0xFF, 0x03, 0xFC, 0xF0, 0x3F, 0xC0,
  0xFF, 0x3C, 0x0F, 0xF0, 0x3F, 0xCF, 0x03, 0xFC, 0x0F, 0xF3, 0xC0, 0xFF,
  0x03, 0xFC, 0xF0, 0x3F, 0xC0, 0xFF, 0x3C, 0x0F, 0xF0, 0x3F, 0xCF, 0x03,
  0xFC, 0x0F, 0xF3, 0xC0, 0xFF, 0x03, 0xFC, 0xF0, 0x3F, 0xC0, 0xFF, 0x3C,
  0x0F, 0xF0, 0x3F, 0xCF, 0x03, 0xFC, 0x0F, 0xF3, 0xC0, 0xFF, 0x03, 0xFC,
  0xF0, 0x3F, 0xC0, 0xFF, 0x3C, 0x0F, 0xF0, 0x3F, 0xCF, 0x03, 0xFC, 0x0F,
  0xF3, 0xC0, 0xFF, 0x03, 0xFC, 0xF0, 0x3F, 0xC0, 0xFF, 0x3C, 0x0F, 0xF0,
  0x3F, 0xCF, 0x03, 0xFC, 0x0F, 0xF3, 0xC0, 0xFF, 0x03, 0xFC, 0xF0, 0x3F,
  0xC0, 0xFF, 0x3C, 0x0F, 0xF0, 0x3F, 0xCF, 0x03, 0xFC, 0x0F, 0xF3, 0xC0,
  0xFF, 0x03, 0xFC, 0xF0, 0x3F, 0xC0, 0xFF, 0x3C, 0x0F, 0xF0, 0x3F, 0xCF,
  0x03, 0xFC, 0x0F, 0xF3, 0xC0, 0xFF, 0x03, 0xFC, 0xF0, 0x3F, 0xC0, 0xFF,
  0x3C, 0x0F, 0xF0, 0x3F, 0xCF, 0x03, 0xFC, 0x0F, 0xF3, 0x80, 0xFF, 0x01,
  0xC0, 0x00, 0x00, 0x00, 0x00, 0x00, 0x00, 0x00, 0x00, 0x00, 0x00, 0x00,
  0x00, 0x00, 0x00, 0x00, 0x00, 0x00, 0x00, 0x00, 0x00, 0x00, 0x00, 0x00,
  0x00, 0x00, 0x00, 0x3F, 0xF0, 0x00, 0x00, 0x1F, 0xFE, 0x00, 0x00, 0x07,
  0xFF, 0x80, 0x00, 0x01, 0xFF, 0xE0, 0x00, 0x00, 0x78, 0x70, 0x00, 0x00,
  0x1E, 0x00, 0x00, 0x00, 0x07, 0x80, 0x00, 0x00, 0x01, 0xE0, 0x00, 0x00,
  0x00, 0x7B, 0xE0, 0x00, 0x00, 0x1F, 0xFC, 0x00, 0x00, 0x07, 0xFF, 0x00,
  0x00, 0x01, 0xFF, 0xC0, 0x00, 0x00, 0x78, 0x00, 0x00, 0x00, 0x1E, 0x00,
  0x00, 0x00, 0x07, 0x80, 0x00, 0x00, 0x01, 0xE0, 0x00, 0x00, 0x00, 0x78,
  0x00, 0x00, 0x00, 0x1F, 0xFE, 0x00, 0x00, 0x07, 0xFF, 0xC0, 0x00, 0x01,
  0xFF, 0xF0, 0x00, 0x00, 0x3F, 0xF8, 0x00, 0xF3, 0xC7, 0xF0, 0x3B, 0xCF,
  0x3F, 0xC0, 0xFF, 0x3C, 0xFF, 0x03, 0xFC, 0xF3, 0xFC, 0x0F, 0xF3, 0xCF,
  0xF0, 0x3F, 0xCF, 0x3F, 0xC0, 0xFF, 0x3C, 0xFF, 0x03, 0xFC, 0xF3, 0xFC,
  0x0F, 0xF3, 0xCF, 0xF0, 0x3F, 0xCF, 0x3F, 0xC0, 0xFF, 0x3C, 0xFF, 0x03,
  0xFC, 0xF3, 0xFC, 0x0F, 0xF3, 0xCF, 0xF0, 0x3F, 0xCF, 0x3F, 0xC0, 0xFF,
  0x3C, 0xFF, 0x03, 0xFC, 0xF3, 0xFC, 0x0F, 0xF3, 0xCF, 0xF0, 0x3F, 0xCF,
  0x3F, 0xC0, 0xFF, 0x3C, 0xFF, 0x03, 0xFC, 0xF3, 0xFC, 0x0F, 0xF3, 0xCF,
  0xF0, 0x3F, 0xCF, 0x3F, 0xC0, 0xFF, 0x3C, 0xFF, 0x03, 0xFC, 0xF3, 0xFC,
  0x0F, 0xF3, 0xCF, 0xF0, 0x3F, 0xCF, 0x3F, 0xC0, 0xFF, 0x3C, 0xFF, 0x03,
  0xFC, 0xF3, 0xFC, 0x0F, 0xF3, 0xCF, 0xF0, 0x3F, 0xCF, 0x3F, 0xC0, 0xFF,
  0x3C, 0xFF, 0x03, 0xFC, 0xF3, 0xFC, 0x0F, 0xF3, 0xCF, 0xF0, 0x3F, 0xCF,
  0x3F, 0xC0, 0xFF, 0x3C, 0xFF, 0x03, 0xFC, 0xF3, 0xFC, 0x0F, 0xF3, 0xCF,
  0xF0, 0x3F, 0xCF, 0x3F, 0xC0, 0xFF, 0x3C, 0xFF, 0x03, 0xFC, 0xF3, 0xFC,
  0x0F, 0xF3, 0xCF, 0xF0, 0x3F, 0xCF, 0x3F, 0xC0, 0xFF, 0x3C, 0xFF, 0x03,
  0xFC, 0xF3, 0xFC, 0x0F, 0xF3, 0xCF, 0xF0, 0x3F, 0xCF, 0x3F, 0xC0, 0xFF,
  0x3C, 0xFF, 0x03, 0xFC, 0xF3, 0xFC, 0x0F, 0xF3, 0xCF, 0xF0, 0x3F, 0xCF,
  0x3F, 0xC0, 0xFF, 0x3C, 0xFF, 0x03, 0xFC, 0xF3, 0xFC, 0x0F, 0xE3, 0xCF,
  0xF0, 0x3C, 0x00, 0x00, 0x00, 0x00, 0x00, 0x00, 0x00, 0x00, 0x00, 0x00,
  0x00, 0x00, 0x00, 0x00, 0x00, 0x00, 0x00, 0x00, 0x00, 0x00, 0x00, 0x00,
  0x00, 0x00, 0x00, 0x00, 0x00, 0x1F, 0xF8, 0x00, 0x00, 0xFF, 0xE0, 0x00,
  0x03, 0xFF, 0x80, 0x00, 0x0F, 0x7E, 0x00, 0x00, 0x3C, 0x00, 0x00, 0x00,
  0xF0, 0x00, 0x00, 0x03, 0xC0, 0x00, 0x00, 0x0F, 0x78, 0x00, 0x00, 0x3F,
  0xF0, 0x00, 0x00, 0xFF, 0xC0, 0x00, 0x03, 0xFF, 0x00, 0x00, 0x0F, 0x00,
  0x00, 0x00, 0x3C, 0x00, 0x00, 0x00, 0xF0, 0x00, 0x00, 0x03, 0xC0, 0x00,
  0x00, 0x0F, 0x00, 0x00, 0x00, 0x3C, 0x00, 0x00, 0x00, 0xF0, 0x00, 0x00,
  0x03, 0xC0, 0x00, 0x00, 0x0E, 0x00, 0x00, 0xF3, 0xC0, 0xF3, 0xFB, 0xCF,
  0x03, 0xCF, 0xFF, 0x3C, 0x0F, 0x3F, 0xFC, 0xF0, 0x3C, 0xFF, 0xF3, 0xC0,
  0xF3, 0xFF, 0xCF, 0x03, 0xCF, 0xFF, 0x3C, 0x0F, 0x3F, 0xFC, 0xF0, 0x3C,
  0xFF, 0xF3, 0xC0, 0xF3, 0xFF, 0xCF, 0x03, 0xCF, 0xFF, 0x3C, 0x0F, 0x3F,
  0xFC, 0xF0, 0x3C, 0xFF, 0xF3, 0xC0, 0xF3, 0xFF, 0xCF, 0x03, 0xCF, 0xFF,
  0x3C, 0x0F, 0x3F, 0xFC, 0xF0, 0x3C, 0xFF, 0xF3, 0xC0, 0xF3, 0xFF, 0xCF,
  0x03, 0xCF, 0xFF, 0x3C, 0x0F, 0x3F, 0xFC, 0xF0, 0x3C, 0xFF, 0xF3, 0xC0,
  0xF3, 0xFF, 0xCF, 0x03, 0xCF, 0xFF, 0x3C, 0x0F, 0x3F, 0xFC, 0xF0, 0x3C,
  0xFF, 0xF3, 0xC0, 0xF3, 0xFF, 0xCF, 0x03, 0xCF, 0xFF, 0x3C, 0x0F, 0x3F,
  0xFC, 0xF0, 0x3C, 0xFF, 0xF3, 0xC0, 0xF3, 0xFF, 0xCF, 0x03, 0xCF, 0xFF,
  0x3C, 0x0F, 0x3F, 0xFC, 0xF0, 0x3C, 0xFF, 0xF3, 0xC0, 0xF3, 0xFF, 0xCF,
  0x03, 0xCF, 0xFF, 0x3C, 0x0F, 0x3F, 0xFC, 0xF0, 0x3C, 0xFF, 0xF3, 0xC0,
  0xF3, 0xFF, 0xCF, 0x03, 0xCF, 0xFF, 0x3C, 0x0F, 0x3F, 0xFC, 0xF0, 0x3C,
  0xFF, 0xF3, 0xC0, 0xF3, 0xFF, 0xCF, 0x03, 0xCF, 0xFF, 0x3C, 0x0F, 0x3F,
  0xFC, 0xF0, 0x3C, 0xFF, 0xF3, 0xC0, 0xF3, 0xFF, 0xCF, 0x03, 0xCF, 0xFF,
  0x3C, 0x0F, 0x3F, 0xFC, 0xF0, 0x3C, 0xFF, 0xF3, 0xC0, 0xF3, 0xFF, 0xCF,
  0x03, 0xCF, 0xFF, 0x3C, 0x0F, 0x3F, 0xFC, 0xF0, 0x3C, 0xFF, 0xF3, 0xC0,
  0xF3, 0xFC, 0x00, 0x00, 0x00, 0x00, 0x00, 0x00, 0x00, 0x00, 0x00, 0x00,
  0x00, 0x00, 0x00, 0x00, 0x00, 0x00, 0x00, 0x00, 0x00, 0x00, 0x00, 0x00,
  0x00, 0x01, 0xF8, 0x00, 0x00, 0x1F, 0xF8, 0x00, 0x00, 0xFF, 0xF0, 0x00,
  0x03, 0xFF, 0xC0, 0x00, 0x1F, 0x0F, 0x00, 0x00, 0x78, 0x1C, 0x00, 0x03,
  0xE0, 0x00, 0x00, 0x0F, 0x00, 0x00, 0x00, 0x3C, 0x00, 0x00, 0x00, 0xF1,
  0xF8, 0x00, 0x03, 0xCF, 0xF0, 0x00, 0x0F, 0x3F, 0xC0, 0x00, 0x3C, 0xFF,
  0x00, 0x00, 0xF0, 0x3C, 0x00, 0x03, 0xC0, 0xF0, 0x00, 0x07, 0x83, 0xC0,
  0x00, 0x1F, 0x0F, 0x00, 0x00, 0x3F, 0xFC, 0x00, 0x00, 0xFF, 0xF0, 0x00,
  0x01, 0xFF, 0x80, 0x00, 0x01, 0xF8, 0x00, 0xFF, 0x03, 0xCF, 0x3B, 0xFC,
  0x0F, 0x3C, 0xFF, 0xF0, 0x3C, 0xF3, 0xFF, 0xC0, 0xF3, 0xCF, 0xFF, 0x03,
  0xCF, 0x3F, 0xFC, 0x0F, 0x3C, 0xFF, 0xF0, 0x3C, 0xF3, 0xFF, 0xC0, 0xF3,
  0xCF, 0xFF, 0x03, 0xCF, 0x3F, 0xFC, 0x0F, 0x3C, 0xFF, 0xF0, 0x3C, 0xF3,
  0xFF, 0xC0, 0xF3, 0xCF, 0xFF, 0x03, 0xCF, 0x3F, 0xFC, 0x0F, 0x3C, 0xFF,
  0xF0, 0x3C, 0xF3, 0xFF, 0xC0, 0xF3, 0xCF, 0xFF, 0x03, 0xCF, 0x3F, 0xFC,
  0x0F, 0x3C, 0xFF, 0xF0, 0x3C, 0xF3, 0xFF, 0xC0, 0xF3, 0xCF, 0xFF, 0x03,
  0xCF, 0x3F, 0xFC, 0x0F, 0x3C, 0xFF, 0xF0, 0x3C, 0xF3, 0xFF, 0xC0, 0xF3,
  0xCF, 0xFF, 0x03, 0xCF, 0x3F, 0xFC, 0x0F, 0x3C, 0xFF, 0xF0, 0x3C, 0xF3,
  0xFF, 0xC0, 0xF3, 0xCF, 0xFF, 0x03, 0xCF, 0x3F, 0xFC, 0x0F, 0x3C, 0xFF,
  0xF0, 0x3C, 0xF3, 0xFF, 0xC0, 0xF3, 0xCF, 0xFF, 0x03, 0xCF, 0x3F, 0xFC,
  0x0F, 0x3C, 0xFF, 0xF0, 0x3C, 0xF3, 0xFF, 0xC0, 0xF3, 0xCF, 0xFF, 0x03,
  0xCF, 0x3F, 0xFC, 0x0F, 0x3C, 0xFF, 0xF0, 0x3C, 0xF3, 0xFF, 0xC0, 0xF3,
  0xCF, 0xFF, 0x03, 0xCF, 0x3F, 0xFC, 0x0F, 0x3C, 0xFF, 0xF0, 0x3C, 0xF3,
  0xFF, 0xC0, 0xF3, 0xCF, 0xFF, 0x03, 0xCF, 0x3F, 0xFC, 0x0F, 0x3C, 0xFF,
  0xF0, 0x3C, 0xF3, 0xFF, 0xC0, 0xF3, 0xCF, 0xFF, 0x03, 0xCF, 0x3F, 0xFC,
  0x0F, 0x3C, 0xFF, 0xF0, 0x3C, 0xF3, 0xFF, 0xC0, 0xF3, 0xCF, 0xFF, 0x03,
  0xCF, 0x3C, 0x00, 0x00, 0x00, 0x00, 0x00, 0x00, 0x00, 0x00, 0x00, 0x00,
  0x00, 0x00, 0x00, 0x00, 0x00, 0x00, 0x00, 0x00, 0x00, 0x00, 0x00, 0x00,
  0x00, 0x00, 0x00, 0x00, 0x00, 0xF0, 0x30, 0x00, 0x03, 0xC1, 0xE0, 0x00,
  0x0F, 0x07, 0x80, 0x00, 0x3C, 0x1E, 0x00, 0x00, 0xF0, 0x78, 0x00, 0x03,
  0xC1, 0xE0, 0x00, 0x0F, 0x07, 0x80, 0x00, 0x3F, 0xDE, 0x00, 0x00, 0xFF,
  0xF8, 0x00, 0x03, 0xFF, 0xE0, 0x00, 0x0F, 0xFF, 0x80, 0x00, 0x3C, 0x1E,
  0x00, 0x00, 0xF0, 0x78, 0x00, 0x03, 0xC1, 0xE0, 0x00, 0x0F, 0x07, 0x80,
  0x00, 0x3C, 0x1E, 0x00, 0x00, 0xF0, 0x78, 0x00, 0x03, 0xC1, 0xE0, 0x00,
  0x0F, 0x07, 0x80, 0x00, 0x18, 0x0E, 0x00, 0x00, 0x00, 0x00, 0x00, 0x00,
  0x00, 0x00, 0x0F, 0x3F, 0x8F, 0x03, 0xFC, 0xFF, 0x3C, 0x0F, 0xF3, 0xFC,
  0xF0, 0x3F, 0xCF, 0xF3, 0xC0, 0xFF, 0x3F, 0xCF, 0x03, 0xFC, 0xFF, 0x3C,
  0x0F, 0xF3, 0xFC, 0xF0, 0x3F, 0xCF, 0xF3, 0xC0, 0xFF, 0x3F, 0xCF, 0x03,
  0xFC, 0xFF, 0x3C, 0x0F, 0xF3, 0xFC, 0xF0, 0x3F, 0xCF, 0xF3, 0xC0, 0xFF,
  0x3F, 0xCF, 0x03, 0xFC, 0xFF, 0x3C, 0x0F, 0xF3, 0xFC, 0xF0, 0x3F, 0xCF,
  0xF3, 0xC0, 0xFF, 0x3F, 0xCF, 0x03, 0xFC, 0xFF, 0x3C, 0x0F, 0xF3, 0xFC,
  0xF0, 0x3F, 0xCF, 0xF3, 0xC0, 0xFF, 0x3F, 0xCF, 0x03, 0xFC, 0xFF, 0x3C,
  0x0F, 0xF3, 0xFC, 0xF0, 0x3F, 0xCF, 0xF3, 0xC0, 0xFF, 0x3F, 0xCF, 0x03,
  0xFC, 0xFF, 0x3C, 0x0F, 0xF3, 0xFC, 0xF0, 0x3F, 0xCF, 0xF3, 0xC0, 0xFF,
  0x3F, 0xCF, 0x03, 0xFC, 0xFF, 0x3C, 0x0F, 0xF3, 0xFC, 0xF0, 0x3F, 0xCF,
  0xF3, 0xC0, 0xFF, 0x3F, 0xCF, 0x03, 0xFC, 0xFF, 0x3C, 0x0F, 0xF3, 0xFC,
  0xF0, 0x3F, 0xCF, 0xF3, 0xC0, 0xFF, 0x3F, 0xCF, 0x03, 0xFC, 0xFF, 0x3C,
  0x0F, 0xF3, 0xFC, 0xF0, 0x3F, 0xCF, 0xF3, 0xC0, 0xFF, 0x3F, 0xCF, 0x03,
  0xFC, 0xFF, 0x3C, 0x0F, 0xF3, 0xFC, 0xF0, 0x3F, 0xCF, 0xF3, 0xC0, 0xFF,
  0x3F, 0xCF, 0x03, 0xFC, 0xFF, 0x3C, 0x0F, 0xF3, 0xFC, 0xF0, 0x3F, 0xCF,
  0xF3, 0xC0, 0xFF, 0x3F, 0xCF, 0x03, 0xFC, 0xFF, 0x3C, 0x0F, 0xF3, 0xFC,
  0xF0, 0x3F, 0xCF, 0xF3, 0xC0, 0xFF, 0x3F, 0xCF, 0x03, 0xC0, 0x00, 0x00,
  0x00, 0x00, 0x00, 0x00, 0x00, 0x00, 0x00, 0x00, 0x00, 0x00, 0x00, 0x00,
  0x00, 0x00, 0x00, 0x00, 0x00, 0x00, 0x00, 0x00, 0x00, 0x00, 0x00, 0x00,
  0x03, 0xFE, 0x00, 0x00, 0x0F, 0xFC, 0x00, 0x00, 0x3F, 0xF0, 0x00, 0x00,
  0xFF, 0x80, 0x00, 0x00, 0x78, 0x00, 0x00, 0x01, 0xE0, 0x00, 0x00, 0x07,
  0x80, 0x00, 0x00, 0x1E, 0x00, 0x00, 0x00, 0x78, 0x00, 0x00, 0x01, 0xE0,
  0x00, 0x00, 0x07, 0x80, 0x00, 0x00, 0x1E, 0x00, 0x00, 0x00, 0x78, 0x00,
  0x00, 0x01, 0xE0, 0x00, 0x00, 0x07, 0x80, 0x00, 0x00, 0xDF, 0xC0, 0x00,
  0x07, 0xFF, 0x00, 0x00, 0x1F, 0xFC, 0x00, 0x00, 0x3F, 0xF0, 0x00, 0x00,
  0x01, 0x80, 0x00, 0xFF, 0x3C, 0xF0, 0x3F, 0xF9, 0xE7, 0x81, 0xFF, 0xCF,
  0x3C, 0x0F, 0xFE, 0x79, 0xE0, 0x7F, 0xF3, 0xCF, 0x03, 0xFF, 0x9E, 0x78,
  0x1F, 0xFC, 0xF3, 0xC0, 0xFF, 0xE7, 0x9E, 0x07, 0xFF, 0x3C, 0xF0, 0x3F,
  0xF9, 0xE7, 0x81, 0xFF, 0xCF, 0x3C, 0x0F, 0xFE, 0x79, 0xE0, 0x7F, 0xF3,
  0xCF, 0x03, 0xFF, 0x9E, 0x78, 0x1F, 0xFC, 0xF3, 0xC0, 0xFF, 0xE7, 0x9E,
  0x07, 0xFF, 0x3C, 0xF0, 0x3F, 0xF9, 0xE7, 0x81, 0xFF, 0xCF, 0x3C, 0x0F,
  0xFE, 0x79, 0xE0, 0x7F, 0xF3, 0xCF, 0x03, 0xFF, 0x9E, 0x78, 0x1F, 0xFC,
  0xF3, 0xC0, 0xFF, 0xE7, 0x9E, 0x07, 0xFF, 0x3C, 0xF0, 0x3F, 0xF9, 0xE7,
  0x81, 0xFF, 0xCF, 0x3C, 0x0F, 0xFE, 0x79, 0xE0, 0x7F, 0xF3, 0xCF, 0x03,
  0xFF, 0x9E, 0x78, 0x1F, 0xFC, 0xF3, 0xC0, 0xFF, 0xE7, 0x9E, 0x07, 0xFF,
  0x3C, 0xF0, 0x3F, 0xF9, 0xE7, 0x81, 0xFF, 0xCF, 0x3C, 0x0F, 0xFE, 0x79,
  0xE0, 0x7F, 0xF3, 0xCF, 0x03, 0xFF, 0x9E, 0x78, 0x1F, 0xFC, 0xF3, 0xC0,
  0xFF, 0xE7, 0x9E, 0x07, 0xFF, 0x3C, 0xF0, 0x3F, 0xF9, 0xE7, 0x81, 0xFF,
  0xCF, 0x3C, 0x0F, 0xFE, 0x79, 0xE0, 0x7F, 0xF3, 0xCF, 0x03, 0xFF, 0x9E,
  0x78, 0x1F, 0xFC, 0xF3, 0xC0, 0xFF, 0xE7, 0x9E, 0x07, 0xFF, 0x3C, 0xF0,
  0x3F, 0xF9, 0xE7, 0x81, 0xFF, 0xCF, 0x3C, 0x0F, 0xFE, 0x79, 0xE0, 0x7F,
  0xF3, 0xCF, 0x03, 0x80, 0x00, 0x00, 0x00, 0x00, 0x00, 0x00, 0x00, 0x00,
  0x00, 0x00, 0x00, 0x00, 0x00, 0x00, 0x00, 0x00, 0x00, 0x00, 0x00, 0x00,
  0x00, 0x00, 0x00, 0x00, 0x00, 0x00, 0x1E, 0x00, 0x00, 0x00, 0xF0, 0x00,
  0x00, 0x07, 0x80, 0x00, 0x00, 0x3C, 0x00, 0x00, 0x01, 0xE0, 0x00, 0x00,
  0x0F, 0x00, 0x00, 0x00, 0x78, 0x00, 0x00, 0x03, 0xC0, 0x00, 0x00, 0x1E,
  0x00, 0x00, 0x00, 0xF0, 0x00, 0x00, 0x07, 0x80, 0x00, 0x00, 0x3C, 0x00,
  0x00, 0xE1, 0xE0, 0x00, 0x07, 0x8F, 0x00, 0x00, 0x3C, 0x78, 0x00, 0x01,
  0xF3, 0xC0, 0x00, 0x0F, 0xFE, 0x00, 0x00, 0x3F, 0xE0, 0x00, 0x01, 0xFE,
  0x00, 0x00, 0x03, 0xE0, 0x00, 0xF0, 0x3C, 0xF3, 0xFF, 0xC0, 0xF3, 0xCF,
  0xFF, 0x03, 0xCF, 0x3F, 0xFC, 0x0F, 0x3C, 0xFF, 0xF0, 0x3C, 0xF3, 0xFF,
  0xC0, 0xF3, 0xCF, 0xFF, 0x03, 0xCF, 0x3F, 0xFC, 0x0F, 0x3C, 0xFF, 0xF0,
  0x3C, 0xF3, 0xFF, 0xC0, 0xF3, 0xCF, 0xFF, 0x03, 0xCF, 0x3F, 0xFC, 0x0F,
  0x3C, 0xFF, 0xF0, 0x3C, 0xF3, 0xFF, 0xC0, 0xF3, 0xCF, 0xFF, 0x03, 0xCF,
  0x3F, 0xFC, 0x0F, 0x3C, 0xFF, 0xF0, 0x3C, 0xF3, 0xFF, 0xC0, 0xF3, 0xCF,
  0xFF, 0x03, 0xCF, 0x3F, 0xFC, 0x0F, 0x3C, 0xFF, 0xF0, 0x3C, 0xF3, 0xFF,
  0xC0, 0xF3, 0xCF, 0xFF, 0x03, 0xCF, 0x3F, 0xFC, 0x0F, 0x3C, 0xFF, 0xF0,
  0x3C, 0xF3, 0xFF, 0xC0, 0xF3, 0xCF, 0xFF, 0x03, 0xCF, 0x3F, 0xFC, 0x0F,
  0x3C, 0xFF, 0xF0, 0x3C, 0xF3, 0xFF, 0xC0, 0xF3, 0xCF, 0xFF, 0x03, 0xCF,
  0x3F, 0xFC, 0x0F, 0x3C, 0xFF, 0xF0, 0x3C, 0xF3, 0xFF, 0xC0, 0xF3, 0xCF,
  0xFF, 0x03, 0xCF, 0x3F, 0xFC, 0x0F, 0x3C, 0xFF, 0xF0, 0x3C, 0xF3, 0xFF,
  0xC0, 0xF3, 0xCF, 0xFF, 0x03, 0xCF, 0x3F, 0xFC, 0x0F, 0x3C, 0xFF, 0xF0,
  0x3C, 0xF3, 0xFF, 0xC0, 0xF3, 0xCF, 0xFF, 0x03, 0xCF, 0x3F, 0xFC, 0x0F,
  0x3C, 0xFF, 0xF0, 0x3C, 0xF3, 0xFF, 0xC0, 0xF3, 0xCF, 0xFF, 0x03, 0xCF,
  0x3F, 0xFC, 0x0F, 0x3C, 0xFF, 0xF0, 0x3C, 0xF3, 0xFF, 0xC0, 0xF3, 0xCF,
  0xFF, 0x03, 0xCF, 0x3F, 0xFC, 0x0F, 0x3C, 0xFF, 0xF0, 0x3C, 0xF3, 0xF8,
  0x00, 0x00, 0x00, 0x00, 0x00, 0x00, 0x00, 0x00, 0x00, 0x00, 0x00, 0x00,
  0x00, 0x00, 0x00, 0x00, 0x00, 0x00, 0x00, 0x00, 0x00, 0x00, 0x00, 0x00,
  0x00, 0x00, 0x00, 0xF0, 0x38, 0x00, 0x03, 0xC1, 0xE0, 0x00, 0x0F, 0x0F,
  0x80, 0x00, 0x3C, 0x7C, 0x00, 0x00, 0xF3, 0xE0, 0x00, 0x03, 0xDF, 0x00,
  0x00, 0x0F, 0xFC, 0x00, 0x00, 0x3F, 0xE0, 0x00, 0x00, 0xFF, 0x00, 0x00,
  0x03, 0xF0, 0x00, 0x00, 0x0F, 0xE0, 0x00, 0x00, 0x3F, 0xC0, 0x00, 0x00,
  0xFF, 0x80, 0x00, 0x03, 0xDF, 0x00, 0x00, 0x0F, 0x3E, 0x00, 0x00, 0x3C,
  0x7C, 0x00, 0x00, 0xF0, 0xF8, 0x00, 0x03, 0xC1, 0xF0, 0x00, 0x0F, 0x03,
  0xC0, 0x00, 0x18, 0x06, 0x00, 0xE0, 0x3C, 0xFF, 0x3F, 0xC0, 0xF3, 0xFC,
  0xFF, 0x03, 0xCF, 0xF3, 0xFC, 0x0F, 0x3F, 0xCF, 0xF0, 0x3C, 0xFF, 0x3F,
  0xC0, 0xF3, 0xFC, 0xFF, 0x03, 0xCF, 0xF3, 0xFC, 0x0F, 0x3F, 0xCF, 0xF0,
  0x3C, 0xFF, 0x3F, 0xC0, 0xF3, 0xFC, 0xFF, 0x03, 0xCF, 0xF3, 0xFC, 0x0F,
  0x3F, 0xCF, 0xF0, 0x3C, 0xFF, 0x3F, 0xC0, 0xF3, 0xFC, 0xFF, 0x03, 0xCF,
  0xF3, 0xFC, 0x0F, 0x3F, 0xCF, 0xF0, 0x3C, 0xFF, 0x3F, 0xC0, 0xF3, 0xFC,
  0xFF, 0x03, 0xCF, 0xF3, 0xFC, 0x0F, 0x3F, 0xCF, 0xF0, 0x3C, 0xFF, 0x3F,
  0xC0, 0xF3, 0xFC, 0xFF, 0x03, 0xCF, 0xF3, 0xFC, 0x0F, 0x3F, 0xCF, 0xF0,
  0x3C, 0xFF, 0x3F, 0xC0, 0xF3, 0xFC, 0xFF, 0x03, 0xCF, 0xF3, 0xFC, 0x0F,
  0x3F, 0xCF, 0xF0, 0x3C, 0xFF, 0x3F, 0xC0, 0xF3, 0xFC, 0xFF, 0x03, 0xCF,
  0xF3, 0xFC, 0x0F, 0x3F, 0xCF, 0xF0, 0x3C, 0xFF, 0x3F, 0xC0, 0xF3, 0xFC,
  0xFF, 0x03, 0xCF, 0xF3, 0xFC, 0x0F, 0x3F, 0xCF, 0xF0, 0x3C, 0xFF, 0x3F,
  0xC0, 0xF3, 0xFC, 0xFF, 0x03, 0xCF, 0xF3, 0xFC, 0x0F, 0x3F, 0xCF, 0xF0,
  0x3C, 0xFF, 0x3F, 0xC0, 0xF3, 0xFC, 0xFF, 0x03, 0xCF, 0xF3, 0xFC, 0x0F,
  0x3F, 0xCF, 0xF0, 0x3C, 0xFF, 0x3F, 0xC0, 0xF3, 0xFC, 0xFF, 0x03, 0xCF,
  0xF3, 0xFC, 0x0F, 0x3F, 0xCF, 0xF0, 0x3C, 0xFF, 0x3F, 0xC0, 0xF3, 0xFC,
  0xFF, 0x03, 0xCF, 0xF3, 0xFC, 0x0F, 0x3F, 0xCF, 0xF0, 0x3C, 0xFF, 0x3C,
  0x00, 0x00, 0x00, 0x00, 0x00, 0x00, 0x00, 0x00, 0x00, 0x00, 0x00, 0x00,
  0x00, 0x00, 0x00, 0x00, 0x00, 0x00, 0x00, 0x00, 0x00, 0x00, 0x00, 0x00,
  0x00, 0x00, 0x00, 0xF0, 0x00, 0x00, 0x03, 0xC0, 0x00, 0x00, 0x0F, 0x00,
  0x00, 0x00, 0x3C, 0x00, 0x00, 0x00, 0xF0, 0x00, 0x00, 0x03, 0xC0, 0x00,
  0x00, 0x0F, 0x00, 0x00, 0x00, 0x3C, 0x00, 0x00, 0x00, 0xF0, 0x00, 0x00,
  0x03, 0xC0, 0x00, 0x00, 0x0F, 0x00, 0x00, 0x00, 0x3C, 0x00, 0x00, 0x00,
  0xF0, 0x00, 0x00, 0x03, 0xC0, 0x00, 0x00, 0x0F, 0x00, 0x00, 0x00, 0x3F,
  0xF8, 0x00, 0x00, 0xFF, 0xF8, 0x00, 0x03, 0xFF, 0xE0, 0x00, 0x0F, 0xFF,
  0x80, 0x00, 0x1F, 0x80, 0x00, 0xF0, 0x3F, 0xC7, 0x3F, 0xC0, 0xFF, 0x3C,
  0xFF, 0x03, 0xFC, 0xF3, 0xFC, 0x0F, 0xF3, 0xCF, 0xF0, 0x3F, 0xCF, 0x3F,
  0xC0, 0xFF, 0x3C, 0xFF, 0x03, 0xFC, 0xF3, 0xFC, 0x0F, 0xF3, 0xCF, 0xF0,
  0x3F, 0xCF, 0x3F, 0xC0, 0xFF, 0x3C, 0xFF, 0x03, 0xFC, 0xF3, 0xFC, 0x0F,
  0xF3, 0xCF, 0xF0, 0x3F, 0xCF, 0x3F, 0xC0, 0xFF, 0x3C, 0xFF, 0x03, 0xFC,
  0xF3, 0xFC, 0x0F, 0xF3, 0xCF, 0xF0, 0x3F, 0xCF, 0x3F, 0xC0, 0xFF, 0x3C,
  0xFF, 0x03, 0xFC, 0xF3, 0xFC, 0x0F, 0xF3, 0xCF, 0xF0, 0x3F, 0xCF, 0x3F,
  0xC0, 0xFF, 0x3C, 0xFF, 0x03, 0xFC, 0xF3, 0xFC, 0x0F, 0xF3, 0xCF, 0xF0,
  0x3F, 0xCF, 0x3F, 0xC0, 0xFF, 0x3C, 0xFF, 0x03, 0xFC, 0xF3, 0xFC, 0x0F,
  0xF3, 0xCF, 0xF0, 0x3F, 0xCF, 0x3F, 0xC0, 0xFF, 0x3C, 0xFF, 0x03, 0xFC,
  0xF3, 0xFC, 0x0F, 0xF3, 0xCF, 0xF0, 0x3F, 0xCF, 0x3F, 0xC0, 0xFF, 0x3C,
  0xFF, 0x03, 0xFC, 0xF3, 0xFC, 0x0F, 0xF3, 0xCF, 0xF0, 0x3F, 0xCF, 0x3F,
  0xC0, 0xFF, 0x3C, 0xFF, 0x03, 0xFC, 0xF3, 0xFC, 0x0F, 0xF3, 0xCF, 0xF0,
  0x3F, 0xCF, 0x3F, 0xC0, 0xFF, 0x3C, 0xFF, 0x03, 0xFC, 0xF3, 0xFC, 0x0F,
  0xF3, 0xCF, 0xF0, 0x3F, 0xCF, 0x3F, 0xC0, 0xFF, 0x3C, 0xFF, 0x03, 0xFC,
  0xF3, 0xFC, 0x0F, 0xF3, 0xCF, 0xF0, 0x3F, 0xCF, 0x3F, 0xC0, 0xFF, 0x3C,
  0xFF, 0x03, 0xFC, 0xF3, 0xFC, 0x0F, 0xF3, 0xCF, 0xF0, 0x3F, 0xCF, 0x3C,
  0x00, 0x00, 0x00, 0x00, 0x00, 0x00, 0x00, 0x00, 0x00, 0x00, 0x00, 0x00,
  0x00, 0x00, 0x00, 0x00, 0x00, 0x00, 0x00, 0x00, 0x00, 0x00, 0x00, 0x00,
  0x00, 0x00, 0x00, 0x78, 0x78, 0x00, 0x03, 0xF3, 0xF0, 0x00, 0x0F, 0xCF,
  0xC0, 0x00, 0x3F, 0x3F, 0x00, 0x00, 0xFF, 0xFC, 0x00, 0x03, 0xFF, 0xF0,
  0x00, 0x0F, 0xFF, 0xC0, 0x00, 0x3F, 0xFF, 0x00, 0x00, 0xFF, 0xFC, 0x00,
  0x03, 0xFF, 0xF0, 0x00, 0x0F, 0x7B, 0xC0, 0x00, 0x3D, 0xEF, 0x00, 0x00,
  0xF7, 0xBC, 0x00, 0x03, 0xCC, 0xF0, 0x00, 0x0F, 0x03, 0xC0, 0x00, 0x3C,
  0x0F, 0x00, 0x00, 0xF0, 0x3C, 0x00, 0x03, 0xC0, 0xF0, 0x00, 0x0F, 0x03,
  0xC0, 0x00, 0x1C, 0x06, 0x00, 0xFF, 0x3C, 0x0F, 0x3F, 0xFC, 0xF0, 0x3C,
  0xFF, 0xF3, 0xC0, 0xF3, 0xFF, 0xCF, 0x03, 0xCF, 0xFF, 0x3C, 0x0F, 0x3F,
  0xFC, 0xF0, 0x3C, 0xFF, 0xF3, 0xC0, 0xF3, 0xFF, 0xCF, 0x03, 0xCF, 0xFF,
  0x3C, 0x0F, 0x3F, 0xFC, 0xF0, 0x3C, 0xFF, 0xF3, 0xC0, 0xF3, 0xFF, 0xCF,
  0x03, 0xCF, 0xFF, 0x3C, 0x0F, 0x3F, 0xFC, 0xF0, 0x3C, 0xFF, 0xF3, 0xC0,
  0xF3, 0xFF, 0xCF, 0x03, 0xCF, 0xFF, 0x3C, 0x0F, 0x3F, 0xFC, 0xF0, 0x3C,
  0xFF, 0xF3, 0xC0, 0xF3, 0xFF, 0xCF, 0x03, 0xCF, 0xFF, 0x3C, 0x0F, 0x3F,
  0xFC, 0xF0, 0x3C, 0xFF, 0xF3, 0xC0, 0xF3, 0xFF, 0xCF, 0x03, 0xCF, 0xFF,
  0x3C, 0x0F, 0x3F, 0xFC, 0xF0, 0x3C, 0xFF, 0xF3, 0xC0, 0xF3, 0xFF, 0xCF,
  0x03, 0xCF, 0xFF, 0x3C, 0x0F, 0x3F, 0xFC, 0xF0, 0x3C, 0xFF, 0xF3, 0xC0,
  0xF3, 0xFF, 0xCF, 0x03, 0xCF, 0xFF, 0x3C, 0x0F, 0x3F, 0xFC, 0xF0, 0x3C,
  0xFF, 0xF3, 0xC0, 0xF3, 0xFF, 0xCF, 0x03, 0xCF, 0xFF, 0x3C, 0x0F, 0x3F,
  0xFC, 0xF0, 0x3C, 0xFF, 0xF3, 0xC0, 0xF3, 0xFF, 0xCF, 0x03, 0xCF, 0xFF,
  0x3C, 0x0F, 0x3F, 0xFC, 0xF0, 0x3C, 0xFF, 0xF3, 0xC0, 0xF3, 0xFF, 0xCF,
  0x03, 0xCF, 0xFF, 0x3C, 0x0F, 0x3F, 0xFC, 0xF0, 0x3C, 0xFF, 0xF3, 0xC0,
  0xF3, 0xFF, 0xCF, 0x03, 0xCF, 0xFF, 0x3C, 0x0F, 0x3F, 0xFC, 0xF0, 0x3C,
  0xFF, 0xF3, 0xC0, 0xF3, 0xFF, 0xCF, 0x03, 0xCF, 0xFF, 0x3C, 0x0F, 0x3C,
  0x00, 0x00, 0x00, 0x00, 0x00, 0x00, 0x00, 0x00, 0x00, 0x00, 0x00, 0x00,
  0x00, 0x00, 0x00, 0x00, 0x00, 0x00, 0x00, 0x00, 0x00, 0x00, 0x00, 0x00,
  0x00, 0x00, 0x00, 0x60, 0x18, 0x00, 0x03, 0xC0, 0xF0, 0x00, 0x0F, 0x03,
  0xC0, 0x00, 0x3E, 0x0F, 0x00, 0x00, 0xF8, 0x3C, 0x00, 0x03, 0xF0, 0xF0,
  0x00, 0x0F, 0xE3, 0xC0, 0x00, 0x3F, 0x8F, 0x00, 0x00, 0xFF, 0x7C, 0x00,
  0x03, 0xDD, 0xF0, 0x00, 0x0F, 0x7F, 0xC0, 0x00, 0x3C, 0xFF, 0x00, 0x00,
  0xF3, 0xFC, 0x00, 0x03, 0xC7, 0xF0, 0x00, 0x0F, 0x1F, 0xC0, 0x00, 0x3C,
  0x3F, 0x00, 0x00, 0xF0, 0xFC, 0x00, 0x03, 0xC1, 0xF0, 0x00, 0x0F, 0x07,
  0xC0, 0x00, 0x3C, 0x0E, 0x00, 0xF3, 0xCE, 0x03, 0xFF, 0xCF, 0x3C, 0x0F,
  0xFF, 0x3C, 0xF0, 0x3F, 0xFC, 0xF3, 0xC0, 0xFF, 0xF3, 0xCF, 0x03, 0xFF,
  0xCF, 0x3C, 0x0F, 0xFF, 0x3C, 0xF0, 0x3F, 0xFC, 0xF3, 0xC0, 0xFF, 0xF3,
  0xCF, 0x03, 0xFF, 0xCF, 0x3C, 0x0F, 0xFF, 0x3C, 0xF0, 0x3F, 0xFC, 0xF3,
  0xC0, 0xFF, 0xF3, 0xCF, 0x03, 0xFF, 0xCF, 0x3C, 0x0F, 0xFF, 0x3C, 0xF0,
  0x3F, 0xFC, 0xF3, 0xC0, 0xFF, 0xF3, 0xCF, 0x03, 0xFF, 0xCF, 0x3C, 0x0F,
  0xFF, 0x3C, 0xF0, 0x3F, 0xFC, 0xF3, 0xC0, 0xFF, 0xF3, 0xCF, 0x03, 0xFF,
  0xCF, 0x3C, 0x0F, 0xFF, 0x3C, 0xF0, 0x3F, 0xFC, 0xF3, 0xC0, 0xFF, 0xF3,
  0xCF, 0x03, 0xFF, 0xCF, 0x3C, 0x0F, 0xFF, 0x3C, 0xF0, 0x3F, 0xFC, 0xF3,
  0xC0, 0xFF, 0xF3, 0xCF, 0x03, 0xFF, 0xCF, 0x3C, 0x0F, 0xFF, 0x3C, 0xF0,
  0x3F, 0xFC, 0xF3, 0xC0, 0xFF, 0xF3, 0xCF, 0x03, 0xFF, 0xCF, 0x3C, 0x0F,
  0xFF, 0x3C, 0xF0, 0x3F, 0xFC, 0xF3, 0xC0, 0xFF, 0xF3, 0xCF, 0x03, 0xFF,
  0xCF, 0x3C, 0x0F, 0xFF, 0x3C, 0xF0, 0x3F, 0xFC, 0xF3, 0xC0, 0xFF, 0xF3,
  0xCF, 0x03, 0xFF, 0xCF, 0x3C, 0x0F, 0xFF, 0x3C, 0xF0, 0x3F, 0xFC, 0xF3,
  0xC0, 0xFF, 0xF3, 0xCF, 0x03, 0xFF, 0xCF, 0x3C, 0x0F, 0xFF, 0x3C, 0xF0,
  0x3F, 0xFC, 0xF3, 0xC0, 0xFF, 0xF3, 0xCF, 0x03, 0xFF, 0xCF, 0x3C, 0x0F,
  0xFF, 0x3C, 0xF0, 0x3F, 0xFC, 0xF3, 0xC0, 0xFF, 0xF3, 0xCF, 0x03, 0xFC,
  0x00, 0x00, 0x00, 0x00, 0x00, 0x00, 0x00, 0x00, 0x00, 0x00, 0x00, 0x00,
  0x00, 0x00, 0x00, 0x00, 0x00, 0x00, 0x00, 0x00, 0x00, 0x00, 0x00, 0x01,
  0xE0, 0x00, 0x00, 0x1F, 0xE0, 0x00, 0x00, 0xFF, 0xC0, 0x00, 0x03, 0xFF,
  0x00, 0x00, 0x1F, 0x3E, 0x00, 0x00, 0x78, 0x78, 0x00, 0x03, 0xE1, 0xE0,
  0x00, 0x0F, 0x03, 0xC0, 0x00, 0x3C, 0x0F, 0x00, 0x00, 0xF0, 0x3C, 0x00,
  0x03, 0xC0, 0xF0, 0x00, 0x0F, 0x03, 0xC0, 0x00, 0x3C, 0x0F, 0x00, 0x00,
  0xF0, 0x3C, 0x00, 0x03, 0xE1, 0xE0, 0x00, 0x07, 0x87, 0x80, 0x00, 0x1F,
  0x3E, 0x00, 0x00, 0x3F, 0xF0, 0x00, 0x00, 0xFF, 0x80, 0x00, 0x01, 0xFE,
  0x00, 0x00, 0x01, 0xE0, 0x00, 0xF3, 0xFC, 0x0F, 0x03, 0xFC, 0xFF, 0x03,
  0xC0, 0xFF, 0x3F, 0xC0, 0xF0, 0x3F, 0xCF, 0xF0, 0x3C, 0x0F, 0xF3, 0xFC,
  0x0F, 0x03, 0xFC, 0xFF, 0x03, 0xC0, 0xFF, 0x3F, 0xC0, 0xF0, 0x3F, 0xCF,
  0xF0, 0x3C, 0x0F, 0xF3, 0xFC, 0x0F, 0x03, 0xFC, 0xFF, 0x03, 0xC0, 0xFF,
  0x3F, 0xC0, 0xF0, 0x3F, 0xCF, 0xF0, 0x3C, 0x0F, 0xF3, 0xFC, 0x0F, 0x03,
  0xFC, 0xFF, 0x03, 0xC0, 0xFF, 0x3F, 0xC0, 0xF0, 0x3F, 0xCF, 0xF0, 0x3C,
  0x0F, 0xF3, 0xFC, 0x0F, 0x03, 0xFC, 0xFF, 0x03, 0xC0, 0xFF, 0x3F, 0xC0,
  0xF0, 0x3F, 0xCF, 0xF0, 0x3C, 0x0F, 0xF3, 0xFC, 0x0F, 0x03, 0xFC, 0xFF,
  0x03, 0xC0, 0xFF, 0x3F, 0xC0, 0xF0, 0x3F, 0xCF, 0xF0, 0x3C, 0x0F, 0xF3,
  0xFC, 0x0F, 0x03, 0xFC, 0xFF, 0x03, 0xC0, 0xFF, 0x3F, 0xC0, 0xF0, 0x3F,
  0xCF, 0xF0, 0x3C, 0x0F, 0xF3, 0xFC, 0x0F, 0x03, 0xFC, 0xFF, 0x03, 0xC0,
  0xFF, 0x3F, 0xC0, 0xF0, 0x3F, 0xCF, 0xF0, 0x3C, 0x0F, 0xF3, 0xFC, 0x0F,
  0x03, 0xFC, 0xFF, 0x03, 0xC0, 0xFF, 0x3F, 0xC0, 0xF0, 0x3F, 0xCF, 0xF0,
  0x3C, 0x0F, 0xF3, 0xFC, 0x0F, 0x03, 0xFC, 0xFF, 0x03, 0xC0, 0xFF, 0x3F,
  0xC0, 0xF0, 0x3F, 0xCF, 0xF0, 0x3C, 0x0F, 0xF3, 0xFC, 0x0F, 0x03, 0xFC,
  0xFF, 0x03, 0xC0, 0xFF, 0x3F, 0xC0, 0xF0, 0x3F, 0xCF, 0xF0, 0x3C, 0x0F,
  0xF3, 0xFC, 0x0F, 0x03, 0xFC, 0xFF, 0x03, 0xC0, 0xFF, 0x3F, 0xC0, 0xF0,
  0x3F, 0xCF, 0xF0, 0x3C, 0x0F, 0xF3, 0xFC, 0x0F, 0x03, 0xFC, 0xFF, 0x03,
  0xC0, 0xFF, 0x3F, 0xC0, 0xF0, 0x3F, 0xCF, 0xF0, 0x3C, 0x0F, 0xF3, 0xFC,
  0x0E, 0x03, 0xC0, 0x00, 0x00, 0x00, 0x00, 0x00, 0x00, 0x00, 0x00, 0x00,
  0x00, 0x00, 0x00, 0x00, 0x00, 0x00, 0x00, 0x00, 0x00, 0x00, 0x00, 0x00,
  0x00, 0x00, 0x00, 0x00, 0x00, 0x00, 0x00, 0x00, 0x00, 0x1F, 0xF0, 0x00,
  0x00, 0x07, 0xFF, 0x00, 0x00, 0x03, 0xFF, 0xE0, 0x00, 0x00, 0xF7, 0xFC,
  0x00, 0x00, 0x3C, 0x1F, 0x00, 0x00, 0x0F, 0x83, 0xC0, 0x00, 0x03, 0xC0,
  0xF0, 0x00, 0x00, 0xF0, 0x7C, 0x00, 0x00, 0x3F, 0xFF, 0x00, 0x00, 0x0F,
  0xFF, 0x80, 0x00, 0x01, 0xFF, 0xC0, 0x00, 0x00, 0x7F, 0xC0, 0x00, 0x00,
  0x1C, 0x00, 0x00, 0x00, 0x07, 0x80, 0x00, 0x00, 0x01, 0xE0, 0x00, 0x00,
  0x00, 0x78, 0x00, 0x00, 0x00, 0x1E, 0x00, 0x00, 0x00, 0x07, 0x80, 0x00,
  0x00, 0x01, 0xE0, 0x00, 0x00, 0x00, 0x70, 0x00, 0x00, 0xF0, 0x3C, 0x0F,
  0x3F, 0xFC, 0x0F, 0x03, 0xCF, 0xFF, 0x03, 0xC0, 0xF3, 0xFF, 0xC0, 0xF0,
  0x3C, 0xFF, 0xF0, 0x3C, 0x0F, 0x3F, 0xFC, 0x0F, 0x03, 0xCF, 0xFF, 0x03,
  0xC0, 0xF3, 0xFF, 0xC0, 0xF0, 0x3C, 0xFF, 0xF0, 0x3C, 0x0F, 0x3F, 0xFC,
  0x0F, 0x03, 0xCF, 0xFF, 0x03, 0xC0, 0xF3, 0xFF, 0xC0, 0xF0, 0x3C, 0xFF,
  0xF0, 0x3C, 0x0F, 0x3F, 0xFC, 0x0F, 0x03, 0xCF, 0xFF, 0x03, 0xC0, 0xF3,
  0xFF, 0xC0, 0xF0, 0x3C, 0xFF, 0xF0, 0x3C, 0x0F, 0x3F, 0xFC, 0x0F, 0x03,
  0xCF, 0xFF, 0x03, 0xC0, 0xF3, 0xFF, 0xC0, 0xF0, 0x3C, 0xFF, 0xF0, 0x3C,
  0x0F, 0x3F, 0xFC, 0x0F, 0x03, 0xCF, 0xFF, 0x03, 0xC0, 0xF3, 0xFF, 0xC0,
  0xF0, 0x3C, 0xFF, 0xF0, 0x3C, 0x0F, 0x3F, 0xFC, 0x0F, 0x03, 0xCF, 0xFF,
  0x03, 0xC0, 0xF3, 0xFF, 0xC0, 0xF0, 0x3C, 0xFF, 0xF0, 0x3C, 0x0F, 0x3F,
  0xFC, 0x0F, 0x03, 0xCF, 0xFF, 0x03, 0xC0, 0xF3, 0xFF, 0xC0, 0xF0, 0x3C,
  0xFF, 0xF0, 0x3C, 0x0F, 0x3F, 0xFC, 0x0F, 0x03, 0xCF, 0xFF, 0x03, 0xC0,
  0xF3, 0xFF, 0xC0, 0xF0, 0x3C, 0xFF, 0xF0, 0x3C, 0x0F, 0x3F, 0xFC, 0x0F,
  0x03, 0xCF, 0xFF, 0x03, 0xC0, 0xF3, 0xFF, 0xC0, 0xF0, 0x3C, 0xFF, 0xF0,
  0x3C, 0x0F, 0x3F, 0xFC, 0x0F, 0x03, 0xCF, 0xFF, 0x03, 0xC0, 0xF3, 0xFF,
  0xC0, 0xF0, 0x3C, 0xFF, 0xF0, 0x3C, 0x0F, 0x3F, 0xFC, 0x0F, 0x03, 0xCF,
  0xFF, 0x03, 0xC0, 0xF3, 0xFF, 0xC0, 0xF0, 0x3C, 0xFF, 0xF0, 0x3C, 0x0F,
  0x3F, 0xFC, 0x0F, 0x03, 0xCF, 0xFF, 0x03, 0xC0, 0xF3, 0xFF, 0xC0, 0xF0,
  0x3C, 0xFF, 0xF0, 0x3C, 0x0F, 0x3F, 0xC0, 0x00, 0x00, 0x00, 0x00, 0x00,
  0x00, 0x00, 0x00, 0x00, 0x00, 0x00, 0x00, 0x00, 0x00, 0x00, 0x00, 0x00,
  0x00, 0x00, 0x00, 0x00, 0x00, 0x00, 0x00, 0x00, 0x00, 0x0F, 0x80, 0x00,
  0x00, 0x07, 0xF8, 0x00, 0x00, 0x03, 0xFF, 0x00, 0x00, 0x01, 0xFF, 0xE0,
  0x00, 0x00, 0x7C, 0xF8, 0x00, 0x00, 0x1E, 0x1E, 0x00, 0x00, 0x0F, 0x87,
  0xC0, 0x00, 0x03, 0xC0, 0xF0, 0x00, 0x00, 0xF0, 0x3C, 0x00, 0x00, 0x3C,
  0x0F, 0x00, 0x00, 0x0F, 0x3B, 0xC0, 0x00, 0x03, 0xCE, 0xF0, 0x00, 0x00,
  0xF3, 0xFC, 0x00, 0x00, 0x3E, 0xFF, 0x00, 0x00, 0x07, 0x9F, 0x80, 0x00,
  0x01, 0xF3, 0xE0, 0x00, 0x00, 0x3F, 0xF8, 0x00, 0x00, 0x0F, 0xFF, 0x00,
  0x00, 0x01, 0xFF, 0xC0, 0x00, 0x00, 0x3E, 0xF0, 0x00, 0x00, 0x00, 0x1C,
  0x00, 0xF3, 0xC1, 0xE0, 0x3F, 0xFC, 0xF0, 0x78, 0x0F, 0xFF, 0x3C, 0x1E,
  0x03, 0xFF, 0xCF, 0x07, 0x80, 0xFF, 0xF3, 0xC1, 0xE0, 0x3F, 0xFC, 0xF0,
  0x78, 0x0F, 0xFF, 0x3C, 0x1E, 0x03, 0xFF, 0xCF, 0x07, 0x80, 0xFF, 0xF3,
  0xC1, 0xE0, 0x3F, 0xFC, 0xF0, 0x78, 0x0F, 0xFF, 0x3C, 0x1E, 0x03, 0xFF,
  0xCF, 0x07, 0x80, 0xFF, 0xF3, 0xC1, 0xE0, 0x3F, 0xFC, 0xF0, 0x78, 0x0F,
  0xFF, 0x3C, 0x1E, 0x03, 0xFF, 0xCF, 0x07, 0x80, 0xFF, 0xF3, 0xC1, 0xE0,
  0x3F, 0xFC, 0xF0, 0x78, 0x0F, 0xFF, 0x3C, 0x1E, 0x03, 0xFF, 0xCF, 0x07,
  0x80, 0xFF, 0xF3, 0xC1, 0xE0, 0x3F, 0xFC, 0xF0, 0x78, 0x0F, 0xFF, 0x3C,
  0x1E, 0x03, 0xFF, 0xCF, 0x07, 0x80, 0xFF, 0xF3, 0xC1, 0xE0, 0x3F, 0xFC,
  0xF0, 0x78, 0x0F, 0xFF, 0x3C, 0x1E, 0x03, 0xFF, 0xCF, 0x07, 0x80, 0xFF,
  0xF3, 0xC1, 0xE0, 0x3F, 0xFC, 0xF0, 0x78, 0x0F, 0xFF, 0x3C, 0x1E, 0x03,
  0xFF, 0xCF, 0x07, 0x80, 0xFF, 0xF3, 0xC1, 0xE0, 0x3F, 0xFC, 0xF0, 0x78,
  0x0F, 0xFF, 0x3C, 0x1E, 0x03, 0xFF, 0xCF, 0x07, 0x80, 0xFF, 0xF3, 0xC1,
  0xE0, 0x3F, 0xFC, 0xF0, 0x78, 0x0F, 0xFF, 0x3C, 0x1E, 0x03, 0xFF, 0xCF,
  0x07, 0x80, 0xFF, 0xF3, 0xC1, 0xE0, 0x3F, 0xFC, 0xF0, 0x78, 0x0F, 0xFF,
  0x3C, 0x1E, 0x03, 0xFF, 0xCF, 0x07, 0x80, 0xFF, 0xF3, 0xC1, 0xE0, 0x3F,
  0xFC, 0xF0, 0x78, 0x0F, 0xFF, 0x3C, 0x1E, 0x03, 0xFF, 0xCF, 0x07, 0x80,
  0xFF, 0xF3, 0xC1, 0xE0, 0x3F, 0xFC, 0xF0, 0x78, 0x0F, 0xFF, 0x3C, 0x1E,
  0x03, 0xFF, 0xCF, 0x07, 0x80, 0xFF, 0xF3, 0xC1, 0xE0, 0x3F, 0xC0, 0x00,
  0x00, 0x00, 0x00, 0x00, 0x00, 0x00, 0x00, 0x00, 0x00, 0x00, 0x00, 0x00,
  0x00, 0x00, 0x00, 0x00, 0x00, 0x00, 0x00, 0x00, 0x00, 0x00, 0x00, 0x00,
  0x00, 0x00, 0x00, 0x00, 0x00, 0x0F, 0xE0, 0x00, 0x00, 0x07, 0xFE, 0x00,
  0x00, 0x01, 0xFF, 0xC0, 0x00, 0x00, 0x7F, 0xF8, 0x00, 0x00, 0x1E, 0x1E,
  0x00, 0x00, 0x07, 0x83, 0x80, 0x00, 0x01, 0xE1, 0xE0, 0x00, 0x00, 0x79,
  0xF8, 0x00, 0x00, 0x1F, 0xFE, 0x00, 0x00, 0x07, 0xFF, 0x00, 0x00, 0x01,
  0xFF, 0x80, 0x00, 0x00, 0x7B, 0xC0, 0x00, 0x00, 0x1E, 0x78, 0x00, 0x00,
  0x07, 0x9E, 0x00, 0x00, 0x01, 0xE3, 0xC0, 0x00, 0x00, 0x78, 0xF0, 0x00,
  0x00, 0x1E, 0x3E, 0x00, 0x00, 0x07, 0x87, 0x80, 0x00, 0x01, 0xE1, 0xE0,
  0x00, 0x00, 0x30, 0x38, 0x00, 0xF3, 0xC0, 0xFF, 0x03, 0xFC, 0xF0, 0x3F,
  0xC0, 0xFF, 0x3C, 0x0F, 0xF0, 0x3F, 0xCF, 0x03, 0xFC, 0x0F, 0xF3, 0xC0,
  0xFF, 0x03, 0xFC, 0xF0, 0x3F, 0xC0, 0xFF, 0x3C, 0x0F, 0xF0, 0x3F, 0xCF,
  0x03, 0xFC, 0x0F, 0xF3, 0xC0, 0xFF, 0x03, 0xFC, 0xF0, 0x3F, 0xC0, 0xFF,
  0x3C, 0x0F, 0xF0, 0x3F, 0xCF, 0x03, 0xFC, 0x0F, 0xF3, 0xC0, 0xFF, 0x03,
  0xFC, 0xF0, 0x3F, 0xC0, 0xFF, 0x3C, 0x0F, 0xF0, 0x3F, 0xCF, 0x03, 0xFC,
  0x0F, 0xF3, 0xC0, 0xFF, 0x03, 0xFC, 0xF0, 0x3F, 0xC0, 0xFF, 0x3C, 0x0F,
  0xF0, 0x3F, 0xCF, 0x03, 0xFC, 0x0F, 0xF3, 0xC0, 0xFF, 0x03, 0xFC, 0xF0,
  0x3F, 0xC0, 0xFF, 0x3C, 0x0F, 0xF0, 0x3F, 0xCF, 0x03, 0xFC, 0x0F, 0xF3,
  0xC0, 0xFF, 0x03, 0xFC, 0xF0, 0x3F, 0xC0, 0xFF, 0x3C, 0x0F, 0xF0, 0x3F,
  0xCF, 0x03, 0xFC, 0x0F, 0xF3, 0xC0, 0xFF, 0x03, 0xFC, 0xF0, 0x3F, 0xC0,
  0xFF, 0x3C, 0x0F, 0xF0, 0x3F, 0xCF, 0x03, 0xFC, 0x0F, 0xF3, 0xC0, 0xFF,
  0x03, 0xFC, 0xF0, 0x3F, 0xC0, 0xFF, 0x3C, 0x0F, 0xF0, 0x3F, 0xCF, 0x03,
  0xFC, 0x0F, 0xF3, 0xC0, 0xFF, 0x03, 0xFC, 0xF0, 0x3F, 0xC0, 0xFF, 0x3C,
  0x0F, 0xF0, 0x3F, 0xCF, 0x03, 0xFC, 0x0F, 0xF3, 0xC0, 0xFF, 0x03, 0xFC,
  0xF0, 0x3F, 0xC0, 0xFF, 0x3C, 0x0F, 0xF0, 0x3F, 0xCF, 0x03, 0xFC, 0x0F,
  0xF3, 0xC0, 0xFF, 0x03, 0xFC, 0xF0, 0x3F, 0xC0, 0xFF, 0x3C, 0x0F, 0xF0,
  0x3F, 0xCF, 0x03, 0xFC, 0x0F, 0xF3, 0xC0, 0xFF, 0x03, 0xFC, 0xF0, 0x3F,
  0xC0, 0xFF, 0x3C, 0x0F, 0xF0, 0x3F, 0xCF, 0x03, 0xFC, 0x0F, 0xF3, 0x80,
  0xFF, 0x03, 0xC0, 0x00, 0x00, 0x00, 0x00, 0x00, 0x00, 0x00, 0x00, 0x00,
  0x00, 0x00, 0x00, 0x00, 0x00, 0x00, 0x00, 0x00, 0x00, 0x00, 0x00, 0x00,
  0x00, 0x00, 0x00, 0x00, 0x00, 0x07, 0x80, 0x00, 0x00, 0x07, 0xF8, 0x00,
  0x00, 0x03, 0xFF, 0x00, 0x00, 0x01, 0xFF, 0xE0, 0x00, 0x00, 0x78, 0x78,
  0x00, 0x00, 0x1E, 0x1E, 0x00, 0x00, 0x07, 0x83, 0x00, 0x00, 0x01, 0xF0,
  0x00, 0x00, 0x00, 0x3F, 0x00, 0x00, 0x00, 0x07, 0xF0, 0x00, 0x00, 0x00,
  0xFE, 0x00, 0x00, 0x00, 0x1F, 0xC0, 0x00, 0x00, 0x01, 0xF8, 0x00, 0x00,
  0x00, 0x3E, 0x00, 0x00, 0x0E, 0x07, 0x80, 0x00, 0x03, 0xC1, 0xE0, 0x00,
  0x00, 0xF8, 0xF8, 0x00, 0x00, 0x3F, 0xFC, 0x00, 0x00, 0x07, 0xFF, 0x00,
  0x00, 0x00, 0xFF, 0x80, 0x00, 0x00, 0x1F, 0x80, 0x00, 0xF3, 0xC0, 0xFF,
  0x03, 0xFC, 0xF0, 0x3F, 0xC0, 0xFF, 0x3C, 0x0F, 0xF0, 0x3F, 0xCF, 0x03,
  0xFC, 0x0F, 0xF3, 0xC0, 0xFF, 0x03, 0xFC, 0xF0, 0x3F, 0xC0, 0xFF, 0x3C,
  0x0F, 0xF0, 0x3F, 0xCF, 0x03, 0xFC, 0x0F, 0xF3, 0xC0, 0xFF, 0x03, 0xFC,
  0xF0, 0x3F, 0xC0, 0xFF, 0x3C, 0x0F, 0xF0, 0x3F, 0xCF, 0x03, 0xFC, 0x0F,
  0xF3, 0xC0, 0xFF, 0x03, 0xFC, 0xF0, 0x3F, 0xC0, 0xFF, 0x3C, 0x0F, 0xF0,
  0x3F, 0xCF, 0x03, 0xFC, 0x0F, 0xF3, 0xC0, 0xFF, 0x03, 0xFC, 0xF0, 0x3F,
  0xC0, 0xFF, 0x3C, 0x0F, 0xF0, 0x3F, 0xCF, 0x03, 0xFC, 0x0F, 0xF3, 0xC0,
  0xFF, 0x03, 0xFC, 0xF0, 0x3F, 0xC0, 0xFF, 0x3C, 0x0F, 0xF0, 0x3F, 0xCF,
  0x03, 0xFC, 0x0F, 0xF3, 0xC0, 0xFF, 0x03, 0xFC, 0xF0, 0x3F, 0xC0, 0xFF,
  0x3C, 0x0F, 0xF0, 0x3F, 0xCF, 0x03, 0xFC, 0x0F, 0xF3, 0xC0, 0xFF, 0x03,
  0xFC, 0xF0, 0x3F, 0xC0, 0xFF, 0x3C, 0x0F, 0xF0, 0x3F, 0xCF, 0x03, 0xFC,
  0x0F, 0xF3, 0xC0, 0xFF, 0x03, 0xFC, 0xF0, 0x3F, 0xC0, 0xFF, 0x3C, 0x0F,
  0xF0, 0x3F, 0xCF, 0x03, 0xFC, 0x0F, 0xF3, 0xC0, 0xFF, 0x03, 0xFC, 0xF0,
  0x3F, 0xC0, 0xFF, 0x3C, 0x0F, 0xF0, 0x3F, 0xCF, 0x03, 0xFC, 0x0F, 0xF3,
  0xC0, 0xFF, 0x03, 0xFC, 0xF0, 0x3F, 0xC0, 0xFF, 0x3C, 0x0F, 0xF0, 0x3F,
  0xCF, 0x03, 0xFC, 0x0F, 0xF3, 0xC0, 0xFF, 0x03, 0xFC, 0xF0, 0x3F, 0xC0,
  0xFF, 0x3C, 0x0F, 0xF0, 0x3F, 0xCF, 0x03, 0xFC, 0x0F, 0xF3, 0xC0, 0xFF,
  0x03, 0xFC, 0xF0, 0x3F, 0xC0, 0xFF, 0x3C, 0x0F, 0xF0, 0x3F, 0xCF, 0x03,
  0xFC, 0x0F, 0xF3, 0xC0, 0xFF, 0x03, 0xC0, 0x00, 0x00, 0x00, 0x00, 0x00,
  0x00, 0x00, 0x00, 0x00, 0x00, 0x00, 0x00, 0x00, 0x00, 0x00, 0x00, 0x00,
  0x00, 0x00, 0x00, 0x00, 0x00, 0x00, 0x00, 0x00, 0x00, 0x00, 0x00, 0x00,
  0x00, 0x1F, 0xFF, 0x00, 0x00, 0x0F, 0xFF, 0xC0, 0x00, 0x03, 0xFF, 0xF0,
  0x00, 0x00, 0x7F, 0xFC, 0x00, 0x00, 0x01, 0xE0, 0x00, 0x00, 0x00, 0x78,
  0x00, 0x00, 0x00, 0x1E, 0x00, 0x00, 0x00, 0x07, 0x80, 0x00, 0x00, 0x01,
  0xE0, 0x00, 0x00, 0x00, 0x78, 0x00, 0x00, 0x00, 0x1E, 0x00, 0x00, 0x00,
  0x07, 0x80, 0x00, 0x00, 0x01, 0xE0, 0x00, 0x00, 0x00, 0x78, 0x00, 0x00,
  0x00, 0x1E, 0x00, 0x00, 0x00, 0x07, 0x80, 0x00, 0x00, 0x01, 0xE0, 0x00,
  0x00, 0x00, 0x78, 0x00, 0x00, 0x00, 0x1E, 0x00, 0x00, 0x00, 0x03, 0x00,
  0x00, 0xF3, 0xCF, 0xF0, 0x3F, 0xCF, 0x3F, 0xC0, 0xFF, 0x3C, 0xFF, 0x03,
  0xFC, 0xF3, 0xFC, 0x0F, 0xF3, 0xCF, 0xF0, 0x3F, 0xCF, 0x3F, 0xC0, 0xFF,
  0x3C, 0xFF, 0x03, 0xFC, 0xF3, 0xFC, 0x0F, 0xF3, 0xCF, 0xF0, 0x3F, 0xCF,
  0x3F, 0xC0, 0xFF, 0x3C, 0xFF, 0x03, 0xFC, 0xF3, 0xFC, 0x0F, 0xF3, 0xCF,
  0xF0, 0x3F, 0xCF, 0x3F, 0xC0, 0xFF, 0x3C, 0xFF, 0x03, 0xFC, 0xF3, 0xFC,
  0x0F, 0xF3, 0xCF, 0xF0, 0x3F, 0xCF, 0x3F, 0xC0, 0xFF, 0x3C, 0xFF, 0x03,
  0xFC, 0xF3, 0xFC, 0x0F, 0xF3, 0xCF, 0xF0, 0x3F, 0xCF, 0x3F, 0xC0, 0xFF,
  0x3C, 0xFF, 0x03, 0xFC, 0xF3, 0xFC, 0x0F, 0xF3, 0xCF, 0xF0, 0x3F, 0xCF,
  0x3F, 0xC0, 0xFF, 0x3C, 0xFF, 0x03, 0xFC, 0xF3, 0xFC, 0x0F, 0xF3, 0xCF,
  0xF0, 0x3F, 0xCF, 0x3F, 0xC0, 0xFF, 0x3C, 0xFF, 0x03, 0xFC, 0xF3, 0xFC,
  0x0F, 0xF3, 0xCF, 0xF0, 0x3F, 0xCF, 0x3F, 0xC0, 0xFF, 0x3C, 0xFF, 0x03,
  0xFC, 0xF3, 0xFC, 0x0F, 0xF3, 0xCF, 0xF0, 0x3F, 0xCF, 0x3F, 0xC0, 0xFF,
  0x3C, 0xFF, 0x03, 0xFC, 0xF3, 0xFC, 0x0F, 0xF3, 0xCF, 0xF0, 0x3F, 0xCF,
  0x3F, 0xC0, 0xFF, 0x3C, 0xFF, 0x03, 0xFC, 0xF3, 0xFC, 0x0F, 0xF3, 0xCF,
  0xF0, 0x3F, 0xCF, 0x3F, 0xC0, 0xFF, 0x3C, 0xFF, 0x03, 0xFC, 0xF3, 0xFC,
  0x0F, 0xF3, 0xCF, 0xF0, 0x3F, 0xCF, 0x3F, 0xC0, 0xFF, 0x3C, 0xFF, 0x03,
  0xFC, 0xF3, 0xFC, 0x0F, 0xF3, 0xC7, 0xF0, 0x3C, 0x00, 0x00, 0x00, 0x00,
  0x00, 0x00, 0x00, 0x00, 0x00, 0x00, 0x00, 0x00, 0x00, 0x00, 0x00, 0x00,
  0x00, 0x00, 0x00, 0x00, 0x00, 0x00, 0x00, 0x00, 0x00, 0x00, 0x00, 0x60,
  0x1C, 0x00, 0x03, 0xC0, 0xF0, 0x00, 0x0F, 0x03, 0xC0, 0x00, 0x3C, 0x0F,
  0x00, 0x00, 0xF0, 0x3C, 0x00, 0x03, 0xC0, 0xF0, 0x00, 0x0F, 0x03, 0xC0,
  0x00, 0x3C, 0x0F, 0x00, 0x00, 0xF0, 0x3C, 0x00, 0x03, 0xC0, 0xF0, 0x00,
  0x0F, 0x03, 0xC0, 0x00, 0x3C, 0x0F, 0x00, 0x00, 0xF0, 0x3C, 0x00, 0x03,
  0xC0, 0xF0, 0x00, 0x0F, 0x03, 0xC0, 0x00, 0x3E, 0x1F, 0x00, 0x00, 0x7F,
  0xF8, 0x00, 0x01, 0xFF, 0xE0, 0x00, 0x03, 0xFF, 0x00, 0x00, 0x03, 0xF0,
  0x00, 0xE3, 0xC0, 0xF3, 0xFF, 0xCF, 0x03, 0xCF, 0xFF, 0x3C, 0x0F, 0x3F,
  0xFC, 0xF0, 0x3C, 0xFF, 0xF3, 0xC0, 0xF3, 0xFF, 0xCF, 0x03, 0xCF, 0xFF,
  0x3C, 0x0F, 0x3F, 0xFC, 0xF0, 0x3C, 0xFF, 0xF3, 0xC0, 0xF3, 0xFF, 0xCF,
  0x03, 0xCF, 0xFF, 0x3C, 0x0F, 0x3F, 0xFC, 0xF0, 0x3C, 0xFF, 0xF3, 0xC0,
  0xF3, 0xFF, 0xCF, 0x03, 0xCF, 0xFF, 0x3C, 0x0F, 0x3F, 0xFC, 0xF0, 0x3C,
  0xFF, 0xF3, 0xC0, 0xF3, 0xFF, 0xCF, 0x03, 0xCF, 0xFF, 0x3C, 0x0F, 0x3F,
  0xFC, 0xF0, 0x3C, 0xFF, 0xF3, 0xC0, 0xF3, 0xFF, 0xCF, 0x03, 0xCF, 0xFF,
  0x3C, 0x0F, 0x3F, 0xFC, 0xF0, 0x3C, 0xFF, 0xF3, 0xC0, 0xF3, 0xFF, 0xCF,
  0x03, 0xCF, 0xFF, 0x3C, 0x0F, 0x3F, 0xFC, 0xF0, 0x3C, 0xFF, 0xF3, 0xC0,
  0xF3, 0xFF, 0xCF, 0x03, 0xCF, 0xFF, 0x3C, 0x0F, 0x3F, 0xFC, 0xF0, 0x3C,
  0xFF, 0xF3, 0xC0, 0xF3, 0xFF, 0xCF, 0x03, 0xCF, 0xFF, 0x3C, 0x0F, 0x3F,
  0xFC, 0xF0, 0x3C, 0xFF, 0xF3, 0xC0, 0xF3, 0xFF, 0xCF, 0x03, 0xCF, 0xFF,
  0x3C, 0x0F, 0x3F, 0xFC, 0xF0, 0x3C, 0xFF, 0xF3, 0xC0, 0xF3, 0xFF, 0xCF,
  0x03, 0xCF, 0xFF, 0x3C, 0x0F, 0x3F, 0xFC, 0xF0, 0x3C, 0xFF, 0xF3, 0xC0,
  0xF3, 0xFF, 0xCF, 0x03, 0xCF, 0xFF, 0x3C, 0x0F, 0x3F, 0xFC, 0xF0, 0x3C,
  0xFF, 0xF3, 0xC0, 0xF3, 0xFF, 0xCF, 0x03, 0xCF, 0xFF, 0x3C, 0x0F, 0x3F,
  0xFC, 0xF0, 0x3C, 0xFF, 0xF3, 0xC0, 0xF3, 0xFC, 0x00, 0x00, 0x00, 0x00,
  0x00, 0x00, 0x00, 0x00, 0x00, 0x00, 0x00, 0x00, 0x00, 0x00, 0x00, 0x00,
  0x00, 0x00, 0x00, 0x00, 0x00, 0x00, 0x00, 0x00, 0x00, 0x00, 0x00, 0xF0,
  0x3C, 0x00, 0x03, 0xC0, 0xF0, 0x00, 0x0F, 0x03, 0xC0, 0x00, 0x3E, 0x0F,
  0x00, 0x00, 0x78, 0x78, 0x00, 0x01, 0xE1, 0xE0, 0x00, 0x07, 0x87, 0x80,
  0x00, 0x1F, 0x3E, 0x00, 0x00, 0x3C, 0xF0, 0x00, 0x00, 0xF3, 0xC0, 0x00,
  0x03, 0xCF, 0x00, 0x00, 0x0F, 0xFC, 0x00, 0x00, 0x1F, 0xE0, 0x00, 0x00,
  0x7F, 0x80, 0x00, 0x01, 0xFE, 0x00, 0x00, 0x07, 0xF8, 0x00, 0x00, 0x0F,
  0xC0, 0x00, 0x00, 0x3F, 0x00, 0x00, 0x00, 0xFC, 0x00, 0x00, 0x01, 0xE0,
  0x00, 0xFF, 0x03, 0xCF, 0x1F, 0xFC, 0x0F, 0x3C, 0xFF, 0xF0, 0x3C, 0xF3,
  0xFF, 0xC0, 0xF3, 0xCF, 0xFF, 0x03, 0xCF, 0x3F, 0xFC, 0x0F, 0x3C, 0xFF,
  0xF0, 0x3C, 0xF3, 0xFF, 0xC0, 0xF3, 0xCF, 0xFF, 0x03, 0xCF, 0x3F, 0xFC,
  0x0F, 0x3C, 0xFF, 0xF0, 0x3C, 0xF3, 0xFF, 0xC0, 0xF3, 0xCF, 0xFF, 0x03,
  0xCF, 0x3F, 0xFC, 0x0F, 0x3C, 0xFF, 0xF0, 0x3C, 0xF3, 0xFF, 0xC0, 0xF3,
  0xCF, 0xFF, 0x03, 0xCF, 0x3F, 0xFC, 0x0F, 0x3C, 0xFF, 0xF0, 0x3C, 0xF3,
  0xFF, 0xC0, 0xF3, 0xCF, 0xFF, 0x03, 0xCF, 0x3F, 0xFC, 0x0F, 0x3C, 0xFF,
  0xF0, 0x3C, 0xF3, 0xFF, 0xC0, 0xF3, 0xCF, 0xFF, 0x03, 0xCF, 0x3F, 0xFC,
  0x0F, 0x3C, 0xFF, 0xF0, 0x3C, 0xF3, 0xFF, 0xC0, 0xF3, 0xCF, 0xFF, 0x03,
  0xCF, 0x3F, 0xFC, 0x0F, 0x3C, 0xFF, 0xF0, 0x3C, 0xF3, 0xFF, 0xC0, 0xF3,
  0xCF, 0xFF, 0x03, 0xCF, 0x3F, 0xFC, 0x0F, 0x3C, 0xFF, 0xF0, 0x3C, 0xF3,
  0xFF, 0xC0, 0xF3, 0xCF, 0xFF, 0x03, 0xCF, 0x3F, 0xFC, 0x0F, 0x3C, 0xFF,
  0xF0, 0x3C, 0xF3, 0xFF, 0xC0, 0xF3, 0xCF, 0xFF, 0x03, 0xCF, 0x3F, 0xFC,
  0x0F, 0x3C, 0xFF, 0xF0, 0x3C, 0xF3, 0xFF, 0xC0, 0xF3, 0xCF, 0xFF, 0x03,
  0xCF, 0x3F, 0xFC, 0x0F, 0x3C, 0xFF, 0xF0, 0x3C, 0xF3, 0xFF, 0xC0, 0xF3,
  0xCF, 0xFF, 0x03, 0xCF, 0x3F, 0xFC, 0x0F, 0x3C, 0xFF, 0xF0, 0x3C, 0xF3,
  0xFF, 0xC0, 0xF3, 0xCF, 0xFF, 0x03, 0xCF, 0x3C, 0x00, 0x00, 0x00, 0x00,
  0x00, 0x00, 0x00, 0x00, 0x00, 0x00, 0x00, 0x00, 0x00, 0x00, 0x00, 0x00,
  0x00, 0x00, 0x00, 0x00, 0x00, 0x00, 0x00, 0x00, 0x00, 0x00, 0x00, 0xF0,
  0x3C, 0x00, 0x03, 0xC0, 0xF0, 0x00, 0x0F, 0x03, 0xC0, 0x00, 0x3C, 0x0F,
  0x00, 0x00, 0xF0, 0x3C, 0x00, 0x03, 0xC0, 0xF0, 0x00, 0x0F, 0x03, 0xC0,
  0x00, 0x3C, 0xEF, 0x00, 0x00, 0xF7, 0xBC, 0x00, 0x03, 0xDE, 0xF0, 0x00,
  0x0F, 0xFF, 0xC0, 0x00, 0x3F, 0xFE, 0x00, 0x00, 0xFF, 0xF8, 0x00, 0x01,
  0xFF, 0xE0, 0x00, 0x07, 0xFF, 0x80, 0x00, 0x1F, 0xFE, 0x00, 0x00, 0x7F,
  0xF8, 0x00, 0x01, 0xF7, 0xE0, 0x00, 0x03, 0xCF, 0x00, 0x00, 0x0E, 0x3C,
  0x00, 0xF3, 0xFC, 0xF0, 0x3F, 0xCF, 0xF3, 0xC0, 0xFF, 0x3F, 0xCF, 0x03,
  0xFC, 0xFF, 0x3C, 0x0F, 0xF3, 0xFC, 0xF0, 0x3F, 0xCF, 0xF3, 0xC0, 0xFF,
  0x3F, 0xCF, 0x03, 0xFC, 0xFF, 0x3C, 0x0F, 0xF3, 0xFC, 0xF0, 0x3F, 0xCF,
  0xF3, 0xC0, 0xFF, 0x3F, 0xCF, 0x03, 0xFC, 0xFF, 0x3C, 0x0F, 0xF3, 0xFC,
  0xF0, 0x3F, 0xCF, 0xF3, 0xC0, 0xFF, 0x3F, 0xCF, 0x03, 0xFC, 0xFF, 0x3C,
  0x0F, 0xF3, 0xFC, 0xF0, 0x3F, 0xCF, 0xF3, 0xC0, 0xFF, 0x3F, 0xCF, 0x03,
  0xFC, 0xFF, 0x3C, 0x0F, 0xF3, 0xFC, 0xF0, 0x3F, 0xCF, 0xF3, 0xC0, 0xFF,
  0x3F, 0xCF, 0x03, 0xFC, 0xFF, 0x3C, 0x0F, 0xF3, 0xFC, 0xF0, 0x3F, 0xCF,
  0xF3, 0xC0, 0xFF, 0x3F, 0xCF, 0x03, 0xFC, 0xFF, 0x3C, 0x0F, 0xF3, 0xFC,
  0xF0, 0x3F, 0xCF, 0xF3, 0xC0, 0xFF, 0x3F, 0xCF, 0x03, 0xFC, 0xFF, 0x3C,
  0x0F, 0xF3, 0xFC, 0xF0, 0x3F, 0xCF, 0xF3, 0xC0, 0xFF, 0x3F, 0xCF, 0x03,
  0xFC, 0xFF, 0x3C, 0x0F, 0xF3, 0xFC, 0xF0, 0x3F, 0xCF, 0xF3, 0xC0, 0xFF,
  0x3F, 0xCF, 0x03, 0xFC, 0xFF, 0x3C, 0x0F, 0xF3, 0xFC, 0xF0, 0x3F, 0xCF,
  0xF3, 0xC0, 0xFF, 0x3F, 0xCF, 0x03, 0xFC, 0xFF, 0x3C, 0x0F, 0xF3, 0xFC,
  0xF0, 0x3F, 0xCF, 0xF3, 0xC0, 0xFF, 0x3F, 0xCF, 0x03, 0xFC, 0xFF, 0x3C,
  0x0F, 0xF3, 0xFC, 0xF0, 0x3F, 0xCF, 0xF3, 0xC0, 0xFF, 0x3F, 0xCF, 0x03,
  0xFC, 0xFF, 0x3C, 0x0F, 0xF3, 0xFC, 0xF0, 0x3C, 0x00, 0x00, 0x00, 0x00,
  0x00, 0x00, 0x00, 0x00, 0x00, 0x00, 0x00, 0x00, 0x00, 0x00, 0x00, 0x00,
  0x00, 0x00, 0x00, 0x00, 0x00, 0x00, 0x00, 0x00, 0x00, 0x00, 0x00, 0x60,
  0x38, 0x00, 0x03, 0xC0, 0xF0, 0x00, 0x0F, 0x87, 0xC0, 0x00, 0x1F, 0x3E,
  0x00, 0x00, 0x7C, 0xF8, 0x00, 0x00, 0xFF, 0xC0, 0x00, 0x01, 0xFE, 0x00,
  0x00, 0x07, 0xF8, 0x00, 0x00, 0x0F, 0xC0, 0x00, 0x00, 0x1E, 0x00, 0x00,
  0x00, 0x78, 0x00, 0x00, 0x03, 0xF0, 0x00, 0x00, 0x1F, 0xE0, 0x00, 0x00,
  0xFF, 0xC0, 0x00, 0x03, 0xCF, 0x00, 0x00, 0x1F, 0x3E, 0x00, 0x00, 0x78,
  0x7C, 0x00, 0x03, 0xE1, 0xF0, 0x00, 0x0F, 0x03, 0xC0, 0x00, 0x38, 0x06,
  0x00, 0xFF, 0x3C, 0xF0, 0x3F, 0xFC, 0xF3, 0xC0, 0xFF, 0xF3, 0xCF, 0x03,
  0xFF, 0xCF, 0x3C, 0x0F, 0xFF, 0x3C, 0xF0, 0x3F, 0xFC, 0xF3, 0xC0, 0xFF,
  0xF3, 0xCF, 0x03, 0xFF, 0xCF, 0x3C, 0x0F, 0xFF, 0x3C, 0xF0, 0x3F, 0xFC,
  0xF3, 0xC0, 0xFF, 0xF3, 0xCF, 0x03, 0xFF, 0xCF, 0x3C, 0x0F, 0xFF, 0x3C,
  0xF0, 0x3F, 0xFC, 0xF3, 0xC0, 0xFF, 0xF3, 0xCF, 0x03, 0xFF, 0xCF, 0x3C,
  0x0F, 0xFF, 0x3C, 0xF0, 0x3F, 0xFC, 0xF3, 0xC0, 0xFF, 0xF3, 0xCF, 0x03,
  0xFF, 0xCF, 0x3C, 0x0F, 0xFF, 0x3C, 0xF0, 0x3F, 0xFC, 0xF3, 0xC0, 0xFF,
  0xF3, 0xCF, 0x03, 0xFF, 0xCF, 0x3C, 0x0F, 0xFF, 0x3C, 0xF0, 0x3F, 0xFC,
  0xF3, 0xC0, 0xFF, 0xF3, 0xCF, 0x03, 0xFF, 0xCF, 0x3C, 0x0F, 0xFF, 0x3C,
  0xF0, 0x3F, 0xFC, 0xF3, 0xC0, 0xFF, 0xF3, 0xCF, 0x03, 0xFF, 0xCF, 0x3C,
  0x0F, 0xFF, 0x3C, 0xF0, 0x3F, 0xFC, 0xF3, 0xC0, 0xFF, 0xF3, 0xCF, 0x03,
  0xFF, 0xCF, 0x3C, 0x0F, 0xFF, 0x3C, 0xF0, 0x3F, 0xFC, 0xF3, 0xC0, 0xFF,
  0xF3, 0xCF, 0x03, 0xFF, 0xCF, 0x3C, 0x0F, 0xFF, 0x3C, 0xF0, 0x3F, 0xFC,
  0xF3, 0xC0, 0xFF, 0xF3, 0xCF, 0x03, 0xFF, 0xCF, 0x3C, 0x0F, 0xFF, 0x3C,
  0xF0, 0x3F, 0xFC, 0xF3, 0xC0, 0xFF, 0xF3, 0xCF, 0x03, 0xFF, 0xCF, 0x3C,
  0x0F, 0xFF, 0x3C, 0xF0, 0x3F, 0xFC, 0xF3, 0xC0, 0xFF, 0xF3, 0xCF, 0x03,
  0xFF, 0xCF, 0x3C, 0x0F, 0xFF, 0x3C, 0xF0, 0x3C, 0x00, 0x00, 0x00, 0x00,
  0x00, 0x00, 0x00, 0x00, 0x00, 0x00, 0x00, 0x00, 0x00, 0x00, 0x00, 0x00,
  0x00, 0x00, 0x00, 0x00, 0x00, 0x00, 0x00, 0x08, 0x00, 0x00, 0x00, 0x78,
  0x1C, 0x00, 0x01, 0xE0, 0xF0, 0x00, 0x07, 0xC7, 0xC0, 0x00, 0x0F, 0x1E,
  0x00, 0x00, 0x3E, 0xF8, 0x00, 0x00, 0x7B, 0xC0, 0x00, 0x01, 0xFE, 0x00,
  0x00, 0x03, 0xF8, 0x00, 0x00, 0x0F, 0xC0, 0x00, 0x00, 0x3E, 0x00, 0x00,
  0x00, 0x78, 0x00, 0x00, 0x01, 0xE0, 0x00, 0x00, 0x07, 0x80, 0x00, 0x00,
  0x1E, 0x00, 0x00, 0x00, 0x78, 0x00, 0x00, 0x01, 0xE0, 0x00, 0x00, 0x07,
  0x80, 0x00, 0x00, 0x1E, 0x00, 0x00, 0x00, 0x78, 0x00, 0x00, 0x00, 0xC0,
  0x00, 0xE0, 0x3C, 0xF3, 0xFF, 0xC0, 0xF3, 0xCF, 0xFF, 0x03, 0xCF, 0x3F,
  0xFC, 0x0F, 0x3C, 0xFF, 0xF0, 0x3C, 0xF3, 0xFF, 0xC0, 0xF3, 0xCF, 0xFF,
  0x03, 0xCF, 0x3F, 0xFC, 0x0F, 0x3C, 0xFF, 0xF0, 0x3C, 0xF3, 0xFF, 0xC0,
  0xF3, 0xCF, 0xFF, 0x03, 0xCF, 0x3F, 0xFC, 0x0F, 0x3C, 0xFF, 0xF0, 0x3C,
  0xF3, 0xFF, 0xC0, 0xF3, 0xCF, 0xFF, 0x03, 0xCF, 0x3F, 0xFC, 0x0F, 0x3C,
  0xFF, 0xF0, 0x3C, 0xF3, 0xFF, 0xC0, 0xF3, 0xCF, 0xFF, 0x03, 0xCF, 0x3F,
  0xFC, 0x0F, 0x3C, 0xFF, 0xF0, 0x3C, 0xF3, 0xFF, 0xC0, 0xF3, 0xCF, 0xFF,
  0x03, 0xCF, 0x3F, 0xFC, 0x0F, 0x3C, 0xFF, 0xF0, 0x3C, 0xF3, 0xFF, 0xC0,
  0xF3, 0xCF, 0xFF, 0x03, 0xCF, 0x3F, 0xFC, 0x0F, 0x3C, 0xFF, 0xF0, 0x3C,
  0xF3, 0xFF, 0xC0, 0xF3, 0xCF, 0xFF, 0x03, 0xCF, 0x3F, 0xFC, 0x0F, 0x3C,
  0xFF, 0xF0, 0x3C, 0xF3, 0xFF, 0xC0, 0xF3, 0xCF, 0xFF, 0x03, 0xCF, 0x3F,
  0xFC, 0x0F, 0x3C, 0xFF, 0xF0, 0x3C, 0xF3, 0xFF, 0xC0, 0xF3, 0xCF, 0xFF,
  0x03, 0xCF, 0x3F, 0xFC, 0x0F, 0x3C, 0xFF, 0xF0, 0x3C, 0xF3, 0xFF, 0xC0,
  0xF3, 0xCF, 0xFF, 0x03, 0xCF, 0x3F, 0xFC, 0x0F, 0x3C, 0xFF, 0xF0, 0x3C,
  0xF3, 0xFF, 0xC0, 0xF3, 0xCF, 0xFF, 0x03, 0xCF, 0x3F, 0xFC, 0x0F, 0x3C,
  0xFF, 0xF0, 0x3C, 0xF3, 0xFF, 0xC0, 0xF3, 0xCF, 0xFF, 0x03, 0xCF, 0x3F,
  0xFC, 0x0F, 0x3C, 0xFF, 0xF0, 0x3C, 0xF3, 0xFC, 0x00, 0x00, 0x00, 0x00,
  0x00, 0x00, 0x00, 0x00, 0x00, 0x00, 0x00, 0x00, 0x00, 0x00, 0x00, 0x00,
  0x00, 0x00, 0x00, 0x00, 0x00, 0x00, 0x00, 0x00, 0x00, 0x00, 0x00, 0x7F,
  0xF8, 0x00, 0x01, 0xFF, 0xE0, 0x00, 0x07, 0xFF, 0x80, 0x00, 0x1F, 0xFC,
  0x00, 0x00, 0x01, 0xF0, 0x00, 0x00, 0x0F, 0x80, 0x00, 0x00, 0x3E, 0x00,
  0x00, 0x01, 0xF0, 0x00, 0x00, 0x07, 0xC0, 0x00, 0x00, 0x3E, 0x00, 0x00,
  0x00, 0xF0, 0x00, 0x00, 0x03, 0xC0, 0x00, 0x00, 0x1E, 0x00, 0x00, 0x00,
  0x70, 0x00, 0x00, 0x03, 0xC0, 0x00, 0x00, 0x0E, 0x00, 0x00, 0x00, 0x7F,
  0xF8, 0x00, 0x01, 0xFF, 0xF0, 0x00, 0x07, 0xFF, 0xC0, 0x00, 0x0F, 0xFE,
  0x00, 0xFF, 0x1C, 0x0F, 0x3F, 0xFC, 0xF0, 0x3C, 0xFF, 0xF3, 0xC0, 0xF3,
  0xFF, 0xCF, 0x03, 0xCF, 0xFF, 0x3C, 0x0F, 0x3F, 0xFC, 0xF0, 0x3C, 0xFF,
  0xF3, 0xC0, 0xF3, 0xFF, 0xCF, 0x03, 0xCF, 0xFF, 0x3C, 0x0F, 0x3F, 0xFC,
  0xF0, 0x3C, 0xFF, 0xF3, 0xC0, 0xF3, 0xFF, 0xCF, 0x03, 0xCF, 0xFF, 0x3C,
  0x0F, 0x3F, 0xFC, 0xF0, 0x3C, 0xFF, 0xF3, 0xC0, 0xF3, 0xFF, 0xCF, 0x03,
  0xCF, 0xFF, 0x3C, 0x0F, 0x3F, 0xFC, 0xF0, 0x3C, 0xFF, 0xF3, 0xC0, 0xF3,
  0xFF, 0xCF, 0x03, 0xCF, 0xFF, 0x3C, 0x0F, 0x3F, 0xFC, 0xF0, 0x3C, 0xFF,
  0xF3, 0xC0, 0xF3, 0xFF, 0xCF, 0x03, 0xCF, 0xFF, 0x3C, 0x0F, 0x3F, 0xFC,
  0xF0, 0x3C, 0xFF, 0xF3, 0xC0, 0xF3, 0xFF, 0xCF, 0x03, 0xCF, 0xFF, 0x3C,
  0x0F, 0x3F, 0xFC, 0xF0, 0x3C, 0xFF, 0xF3, 0xC0, 0xF3, 0xFF, 0xCF, 0x03,
  0xCF, 0xFF, 0x3C, 0x0F, 0x3F, 0xFC, 0xF0, 0x3C, 0xFF, 0xF3, 0xC0, 0xF3,
  0xFF, 0xCF, 0x03, 0xCF, 0xFF, 0x3C, 0x0F, 0x3F, 0xFC, 0xF0, 0x3C, 0xFF,
  0xF3, 0xC0, 0xF3, 0xFF, 0xCF, 0x03, 0xCF, 0xFF, 0x3C, 0x0F, 0x3F, 0xFC,
  0xF0, 0x3C, 0xFF, 0xF3, 0xC0, 0xF3, 0xFF, 0xCF, 0x03, 0xCF, 0xFF, 0x3C,
  0x0F, 0x3F, 0xFC, 0xF0, 0x3C, 0xFF, 0xF3, 0xC0, 0xF3, 0xFF, 0xCF, 0x03,
  0xCF, 0xFF, 0x3C, 0x0F, 0x3F, 0xFC, 0xF0, 0x3C, 0xFF, 0xF3, 0xC0, 0xF3,
  0xFF, 0xCF, 0x03, 0xCF, 0xFF, 0x3C, 0x0F, 0x3C, 0x00, 0x00, 0x00, 0x00,
  0x00, 0x00, 0x00, 0x00, 0x00, 0x00, 0x00, 0x00, 0x00, 0x00, 0x00, 0x00,
  0x00, 0x00, 0x00, 0x00, 0x00, 0x00, 0x00, 0x07, 0xFE, 0x00, 0x00, 0x1F,
  0xF8, 0x00, 0x00, 0x7F, 0xE0, 0x00, 0x03, 0xFF, 0x80, 0x00, 0x0F, 0x00,
  0x00, 0x00, 0x3C, 0x00, 0x00, 0x00, 0xF8, 0x00, 0x00, 0x03, 0xE0, 0x00,
  0x00, 0x0F, 0x80, 0x00, 0x00, 0x3E, 0x00, 0x00, 0x00, 0xF8, 0x00, 0x00,
  0x01, 0xE0, 0x00, 0x00, 0x07, 0x80, 0x00, 0x00, 0x1E, 0x00, 0x00, 0x00,
  0x78, 0x00, 0x00, 0x01, 0xE0, 0x00, 0x00, 0x07, 0x80, 0x00, 0x00, 0x1F,
  0xF0, 0x00, 0x00, 0x7F, 0xE0, 0x00, 0x01, 0xFF, 0x80, 0x00, 0x03, 0xFC,
  0x00, 0xE0, 0x3F, 0xCF, 0x3F, 0xC0, 0xFF, 0x3C, 0xFF, 0x03, 0xFC, 0xF3,
  0xFC, 0x0F, 0xF3, 0xCF, 0xF0, 0x3F, 0xCF, 0x3F, 0xC0, 0xFF, 0x3C, 0xFF,
  0x03, 0xFC, 0xF3, 0xFC, 0x0F, 0xF3, 0xCF, 0xF0, 0x3F, 0xCF, 0x3F, 0xC0,
  0xFF, 0x3C, 0xFF, 0x03, 0xFC, 0xF3, 0xFC, 0x0F, 0xF3, 0xCF, 0xF0, 0x3F,
  0xCF, 0x3F, 0xC0, 0xFF, 0x3C, 0xFF, 0x03, 0xFC, 0xF3, 0xFC, 0x0F, 0xF3,
  0xCF, 0xF0, 0x3F, 0xCF, 0x3F, 0xC0, 0xFF, 0x3C, 0xFF, 0x03, 0xFC, 0xF3,
  0xFC, 0x0F, 0xF3, 0xCF, 0xF0, 0x3F, 0xCF, 0x3F, 0xC0, 0xFF, 0x3C, 0xFF,
  0x03, 0xFC, 0xF3, 0xFC, 0x0F, 0xF3, 0xCF, 0xF0, 0x3F, 0xCF, 0x3F, 0xC0,
  0xFF, 0x3C, 0xFF, 0x03, 0xFC, 0xF3, 0xFC, 0x0F, 0xF3, 0xCF, 0xF0, 0x3F,
  0xCF, 0x3F, 0xC0, 0xFF, 0x3C, 0xFF, 0x03, 0xFC, 0xF3, 0xFC, 0x0F, 0xF3,
  0xCF, 0xF0, 0x3F, 0xCF, 0x3F, 0xC0, 0xFF, 0x3C, 0xFF, 0x03, 0xFC, 0xF3,
  0xFC, 0x0F, 0xF3, 0xCF, 0xF0, 0x3F, 0xCF, 0x3F, 0xC0, 0xFF, 0x3C, 0xFF,
  0x03, 0xFC, 0xF3, 0xFC, 0x0F, 0xF3, 0xCF, 0xF0, 0x3F, 0xCF, 0x3F, 0xC0,
  0xFF, 0x3C, 0xFF, 0x03, 0xFC, 0xF3, 0xFC, 0x0F, 0xF3, 0xCF, 0xF0, 0x3F,
  0xCF, 0x3F, 0xC0, 0xFF, 0x3C, 0xFF, 0x03, 0xFC, 0xF3, 0xFC, 0x0F, 0xF3,
  0xCF, 0xF0, 0x3F, 0xCF, 0x3F, 0xC0, 0xFF, 0x3C, 0xFF, 0x03, 0xFC, 0xF3,
  0xFC, 0x0F, 0xF3, 0xCF, 0xF0, 0x3F, 0xCF, 0x3C, 0x00, 0x00, 0x00, 0x00,
  0x00, 0x00, 0x00, 0x00, 0x00, 0x00, 0x00, 0x00, 0x00, 0x00, 0x00, 0x00,
  0x00, 0x00, 0x00, 0x00, 0x00, 0x00, 0x00, 0x00, 0x00, 0x00, 0x00, 0x38,
  0x00, 0x00, 0x00, 0xF0, 0x00, 0x00, 0x03, 0xC0, 0x00, 0x00, 0x0F, 0x80,
  0x00, 0x00, 0x3E, 0x00, 0x00, 0x00, 0x78, 0x00, 0x00, 0x01, 0xF0, 0x00,
  0x00, 0x03, 0xC0, 0x00, 0x00, 0x0F, 0x80, 0x00, 0x00, 0x3E, 0x00, 0x00,
  0x00, 0x78, 0x00, 0x00, 0x01, 0xF0, 0x00, 0x00, 0x03, 0xC0, 0x00, 0x00,
  0x0F, 0x80, 0x00, 0x00, 0x1E, 0x00, 0x00, 0x00, 0x78, 0x00, 0x00, 0x01,
  0xF0, 0x00, 0x00, 0x03, 0xC0, 0x00, 0x00, 0x0F, 0x00, 0x00, 0x00, 0x1C,
  0x00, 0xE3, 0xCF, 0x03, 0xFF, 0xCF, 0x3C, 0x0F, 0xFF, 0x3C, 0xF0, 0x3F,
  0xFC, 0xF3, 0xC0, 0xFF, 0xF3, 0xCF, 0x03, 0xFF, 0xCF, 0x3C, 0x0F, 0xFF,
  0x3C, 0xF0, 0x3F, 0xFC, 0xF3, 0xC0, 0xFF, 0xF3, 0xCF, 0x03, 0xFF, 0xCF,
  0x3C, 0x0F, 0xFF, 0x3C, 0xF0, 0x3F, 0xFC, 0xF3, 0xC0, 0xFF, 0xF3, 0xCF,
  0x03, 0xFF, 0xCF, 0x3C, 0x0F, 0xFF, 0x3C, 0xF0, 0x3F, 0xFC, 0xF3, 0xC0,
  0xFF, 0xF3, 0xCF, 0x03, 0xFF, 0xCF, 0x3C, 0x0F, 0xFF, 0x3C, 0xF0, 0x3F,
  0xFC, 0xF3, 0xC0, 0xFF, 0xF3, 0xCF, 0x03, 0xFF, 0xCF, 0x3C, 0x0F, 0xFF,
  0x3C, 0xF0, 0x3F, 0xFC, 0xF3, 0xC0, 0xFF, 0xF3, 0xCF, 0x03, 0xFF, 0xCF,
  0x3C, 0x0F, 0xFF, 0x3C, 0xF0, 0x3F, 0xFC, 0xF3, 0xC0, 0xFF, 0xF3, 0xCF,
  0x03, 0xFF, 0xCF, 0x3C, 0x0F, 0xFF, 0x3C, 0xF0, 0x3F, 0xFC, 0xF3, 0xC0,
  0xFF, 0xF3, 0xCF, 0x03, 0xFF, 0xCF, 0x3C, 0x0F, 0xFF, 0x3C, 0xF0, 0x3F,
  0xFC, 0xF3, 0xC0, 0xFF, 0xF3, 0xCF, 0x03, 0xFF, 0xCF, 0x3C, 0x0F, 0xFF,
  0x3C, 0xF0, 0x3F, 0xFC, 0xF3, 0xC0, 0xFF, 0xF3, 0xCF, 0x03, 0xFF, 0xCF,
  0x3C, 0x0F, 0xFF, 0x3C, 0xF0, 0x3F, 0xFC, 0xF3, 0xC0, 0xFF, 0xF3, 0xCF,
  0x03, 0xFF, 0xCF, 0x3C, 0x0F, 0xFF, 0x3C, 0xF0, 0x3F, 0xFC, 0xF3, 0xC0,
  0xFF, 0xF3, 0xCF, 0x03, 0xFF, 0xCF, 0x3C, 0x0F, 0xFF, 0x3C, 0xF0, 0x3F,
  0xFC, 0xF3, 0xC0, 0xFF, 0xF3, 0xCF, 0x03, 0xFC, 0x00, 0x00, 0x00, 0x00,
  0x00, 0x00, 0x00, 0x00, 0x00, 0x00, 0x00, 0x00, 0x00, 0x00, 0x00, 0x00,
  0x00, 0x00, 0x00, 0x00, 0x00, 0x00, 0x00, 0x0F, 0xF0, 0x00, 0x00, 0x7F,
  0xE0, 0x00, 0x01, 0xFF, 0x80, 0x00, 0x03, 0xFE, 0x00, 0x00, 0x00, 0x38,
  0x00, 0x00, 0x00, 0xE0, 0x00, 0x00, 0x03, 0x80, 0x00, 0x00, 0x0E, 0x00,
  0x00, 0x00, 0x38, 0x00, 0x00, 0x00, 0xE0, 0x00, 0x00, 0x03, 0x80, 0x00,
  0x00, 0x1E, 0x00, 0x00, 0x00, 0x78, 0x00, 0x00, 0x01, 0xE0, 0x00, 0x00,
  0x07, 0x80, 0x00, 0x00, 0x1E, 0x00, 0x00, 0x00, 0x38, 0x00, 0x00, 0x7F,
  0xE0, 0x00, 0x01, 0xFF, 0x80, 0x00, 0x07, 0xFE, 0x00, 0x00, 0x1F, 0xF0,
  0x00, 0xFF, 0x3C, 0xF0, 0x3F, 0xFC, 0xF3, 0xC0, 0xFF, 0xF3, 0xCF, 0x03,
  0xFF, 0xCF, 0x3C, 0x0F, 0xFF, 0x3C, 0xF0, 0x3F, 0xFC, 0xF3, 0xC0, 0xFF,
  0xF3, 0xCF, 0x03, 0xFF, 0xCF, 0x3C, 0x0F, 0xFF, 0x3C, 0xF0, 0x3F, 0xFC,
  0xF3, 0xC0, 0xFF, 0xF3, 0xCF, 0x03, 0xFF, 0xCF, 0x3C, 0x0F, 0xFF, 0x3C,
  0xF0, 0x3F, 0xFC, 0xF3, 0xC0, 0xFF, 0xF3, 0xCF, 0x03, 0xFF, 0xCF, 0x3C,
  0x0F, 0xFF, 0x3C, 0xF0, 0x3F, 0xFC, 0xF3, 0xC0, 0xFF, 0xF3, 0xCF, 0x03,
  0xFF, 0xCF, 0x3C, 0x0F, 0xFF, 0x3C, 0xF0, 0x3F, 0xFC, 0xF3, 0xC0, 0xFF,
  0xF3, 0xCF, 0x03, 0xFF, 0xCF, 0x3C, 0x0F, 0xFF, 0x3C, 0xF0, 0x3F, 0xFC,
  0xF3, 0xC0, 0xFF, 0xF3, 0xCF, 0x03, 0xFF, 0xCF, 0x3C, 0x0F, 0xFF, 0x3C,
  0xF0, 0x3F, 0xFC, 0xF3, 0xC0, 0xFF, 0xF3, 0xCF, 0x03, 0xFF, 0xCF, 0x3C,
  0x0F, 0xFF, 0x3C, 0xF0, 0x3F, 0xFC, 0xF3, 0xC0, 0xFF, 0xF3, 0xCF, 0x03,
  0xFF, 0xCF, 0x3C, 0x0F, 0xFF, 0x3C, 0xF0, 0x3F, 0xFC, 0xF3, 0xC0, 0xFF,
  0xF3, 0xCF, 0x03, 0xFF, 0xCF, 0x3C, 0x0F, 0xFF, 0x3C, 0xF0, 0x3F, 0xFC,
  0xF3, 0xC0, 0xFF, 0xF3, 0xCF, 0x03, 0xFF, 0xCF, 0x3C, 0x0F, 0xFF, 0x3C,
  0xF0, 0x3F, 0xFC, 0xF3, 0xC0, 0xFF, 0xF3, 0xCF, 0x03, 0xFF, 0xCF, 0x3C,
  0x0F, 0xFF, 0x3C, 0xF0, 0x3F, 0xFC, 0xF3, 0xC0, 0xFF, 0xF3, 0xCF, 0x03,
  0xFF, 0xCF, 0x3C, 0x0F, 0xFF, 0x3C, 0xF0, 0x3C, 0x00, 0x00, 0x00, 0x00,
  0x00, 0x00, 0x00, 0x00, 0x00, 0x00, 0x00, 0x00, 0x00, 0x00, 0x00, 0x00,
  0x00, 0x00, 0x00, 0x00, 0x00, 0x00, 0x00, 0x00, 0x40, 0x00, 0x00, 0x03,
  0x80, 0x00, 0x00, 0x1F, 0x00, 0x00, 0x00, 0xFE, 0x00, 0x00, 0x03, 0xF8,
  0x00, 0x00, 0x1F, 0xF0, 0x00, 0x00, 0xFF, 0xE0, 0x00, 0x03, 0xEF, 0x80,
  0x00, 0x1F, 0x1F, 0x00, 0x00, 0x78, 0x3C, 0x00, 0x01, 0xC0, 0x70, 0x00,
  0xF3, 0xFC, 0x07, 0x03, 0xFC, 0xFF, 0x03, 0xE0, 0xFF, 0x3F, 0xC0, 0xF8,
  0x3F, 0xCF, 0xF0, 0x3C, 0x0F, 0xF3, 0xFC, 0x0F, 0x03, 0xFC, 0xFF, 0x03,
  0xC0, 0xFF, 0x3F, 0xC0, 0xF0, 0x3F, 0xCF, 0xF0, 0x3C, 0x0F, 0xF3, 0xFC,
  0x0F, 0x03, 0xFC, 0xFF, 0x03, 0xC0, 0xFF, 0x3F, 0xC0, 0xF0, 0x3F, 0xCF,
  0xF0, 0x3C, 0x0F, 0xF3, 0xFC, 0x0F, 0x03, 0xFC, 0xFF, 0x03, 0xC0, 0xFF,
  0x3F, 0xC0, 0xF0, 0x3F, 0xCF, 0xF0, 0x3C, 0x0F, 0xF3, 0xFC, 0x0F, 0x03,
  0xFC, 0xFF, 0x03, 0xC0, 0xFF, 0x3F, 0xC0, 0xF0, 0x3F, 0xCF, 0xF0, 0x3C,
  0x0F, 0xF3, 0xFC, 0x0F, 0x03, 0xFC, 0xFF, 0x03, 0xC0, 0xFF, 0x3F, 0xC0,
  0xF0, 0x3F, 0xCF, 0xF0, 0x3C, 0x0F, 0xF3, 0xFC, 0x0F, 0x03, 0xFC, 0xFF,
  0x03, 0xC0, 0xFF, 0x3F, 0xC0, 0xF0, 0x3F, 0xCF, 0xF0, 0x3C, 0x0F, 0xF3,
  0xFC, 0x0F, 0x03, 0xFC, 0xFF, 0x03, 0xC0, 0xFF, 0x3F, 0xC0, 0xF0, 0x3F,
  0xCF, 0xF0, 0x3C, 0x0F, 0xF3, 0xFC, 0x0F, 0x03, 0xFC, 0xFF, 0x03, 0xC0,
  0xFF, 0x3F, 0xC0, 0xF0, 0x3F, 0xCF, 0xF0, 0x3C, 0x0F, 0xF3, 0xFC, 0x0F,
  0x03, 0xFC, 0xFF, 0x03, 0xC0, 0xFF, 0x3F, 0xC0, 0xF0, 0x3F, 0xCF, 0xF0,
  0x3C, 0x0F, 0xF3, 0xFC, 0x0F, 0x03, 0xFC, 0xFF, 0x03, 0xC0, 0xFF, 0x3F,
  0xC0, 0xF0, 0x3F, 0xCF, 0xF0, 0x3C, 0x0F, 0xF3, 0xFC, 0x0F, 0x03, 0xFC,
  0xFF, 0x03, 0xC0, 0xFF, 0x3F, 0xC0, 0xF0, 0x3F, 0xCF, 0xF0, 0x3C, 0x0F,
  0xF3, 0xFC, 0x0F, 0x03, 0xFC, 0xFF, 0x03, 0xC0, 0xFF, 0x3F, 0xC0, 0xF0,
  0x3F, 0xCF, 0xF0, 0x3C, 0x0F, 0xF1, 0xFC, 0x0F, 0x03, 0xC0, 0x00, 0x00,
  0x00, 0x00, 0x00, 0x00, 0x00, 0x00, 0x00, 0x00, 0x00, 0x00, 0x00, 0x00,
  0x00, 0x00, 0x00, 0x00, 0x00, 0x00, 0x00, 0x00, 0x00, 0x00, 0x00, 0x00,
  0x00, 0x00, 0x00, 0x00, 0x00, 0x00, 0x00, 0x00, 0x00, 0x00, 0x00, 0x00,
  0x00, 0x00, 0x00, 0x00, 0x00, 0x00, 0x00, 0x00, 0x00, 0x00, 0x00, 0x00,
  0x00, 0x00, 0x00, 0x00, 0x00, 0x00, 0x00, 0x00, 0x00, 0x00, 0x00, 0x00,
  0x00, 0x00, 0x00, 0x00, 0x00, 0x00, 0x00, 0x00, 0x00, 0x00, 0x00, 0x00,
  0x00, 0x00, 0x00, 0x00, 0x00, 0x00, 0x00, 0x00, 0x00, 0x00, 0x00, 0x00,
  0x00, 0x00, 0x00, 0x00, 0x00, 0x00, 0x00, 0x00, 0x00, 0x00, 0x00, 0x00,
  0x00, 0x00, 0x00, 0x00, 0x00, 0x00, 0x00, 0x00, 0x00, 0x00, 0x00, 0x00,
  0x00, 0x00, 0x00, 0x00, 0x00, 0x00, 0x00, 0x00, 0x00, 0x00, 0x00, 0x00,
  0x00, 0x01, 0xFF, 0xF0, 0x00, 0x00, 0xFF, 0xFE, 0x00, 0x00, 0x3F, 0xFF,
  0x80, 0x00, 0x07, 0xFF, 0xC0, 0x00, 0xF0, 0x3C, 0x0F, 0x3F, 0xFC, 0x0F,
  0x03, 0xCF, 0xFF, 0x03, 0xC0, 0xF3, 0xFF, 0xC0, 0xF0, 0x3C, 0xFF, 0xF0,
  0x3C, 0x0F, 0x3F, 0xFC, 0x0F, 0x03, 0xCF, 0xFF, 0x03, 0xC0, 0xF3, 0xFF,
  0xC0, 0xF0, 0x3C, 0xFF, 0xF0, 0x3C, 0x0F, 0x3F, 0xFC, 0x0F, 0x03, 0xCF,
  0xFF, 0x03, 0xC0, 0xF3, 0xFF, 0xC0, 0xF0, 0x3C, 0xFF, 0xF0, 0x3C, 0x0F,
  0x3F, 0xFC, 0x0F, 0x03, 0xCF, 0xFF, 0x03, 0xC0, 0xF3, 0xFF, 0xC0, 0xF0,
  0x3C, 0xFF, 0xF0, 0x3C, 0x0F, 0x3F, 0xFC, 0x0F, 0x03, 0xCF, 0xFF, 0x03,
  0xC0, 0xF3, 0xFF, 0xC0, 0xF0, 0x3C, 0xFF, 0xF0, 0x3C, 0x0F, 0x3F, 0xFC,
  0x0F, 0x03, 0xCF, 0xFF, 0x03, 0xC0, 0xF3, 0xFF, 0xC0, 0xF0, 0x3C, 0xFF,
  0xF0, 0x3C, 0x0F, 0x3F, 0xFC, 0x0F, 0x03, 0xCF, 0xFF, 0x03, 0xC0, 0xF3,
  0xFF, 0xC0, 0xF0, 0x3C, 0xFF, 0xF0, 0x3C, 0x0F, 0x3F, 0xFC, 0x0F, 0x03,
  0xCF, 0xFF, 0x03, 0xC0, 0xF3, 0xFF, 0xC0, 0xF0, 0x3C, 0xFF, 0xF0, 0x3C,
  0x0F, 0x3F, 0xFC, 0x0F, 0x03, 0xCF, 0xFF, 0x03, 0xC0, 0xF3, 0xFF, 0xC0,
  0xF0, 0x3C, 0xFF, 0xF0, 0x3C, 0x0F, 0x3F, 0xFC, 0x0F, 0x03, 0xCF, 0xFF,
  0x03, 0xC0, 0xF3, 0xFF, 0xC0, 0xF0, 0x3C, 0xFF, 0xF0, 0x3C, 0x0F, 0x3F,
  0xFC, 0x0F, 0x03, 0xCF, 0xFF, 0x03, 0xC0, 0xF3, 0xFF, 0xC0, 0xF0, 0x3C,
  0xFF, 0xF0, 0x3C, 0x0F, 0x3F, 0xFC, 0x0F, 0x03, 0xCF, 0xFF, 0x03, 0xC0,
  0xF3, 0xFF, 0xC0, 0xF0, 0x3C, 0xFF, 0xF0, 0x3C, 0x0F, 0x3F, 0xFC, 0x0F,
  0x03, 0xCF, 0xFF, 0x03, 0xC0, 0xF3, 0xFF, 0xC0, 0xF0, 0x3C, 0xFF, 0xF0,
  0x3C, 0x0F, 0x3F, 0xC0, 0x00, 0x00, 0x00, 0x00, 0x00, 0x00, 0x00, 0x00,
  0x00, 0x00, 0x00, 0x00, 0x00, 0x00, 0x00, 0x00, 0x00, 0x00, 0x00, 0x00,
  0x00, 0x00, 0x38, 0x00, 0x00, 0x00, 0x0F, 0x00, 0x00, 0x00, 0x03, 0xC0,
  0x00, 0x00, 0x00, 0x78, 0x00, 0x00, 0x00, 0x1E, 0x00, 0x00, 0x00, 0x03,
  0x80, 0x00, 0xF3, 0xF8, 0x0F, 0x03, 0xBC, 0xFF, 0x03, 0xC0, 0xFF, 0x3F,
  0xC0, 0xF0, 0x3F, 0xCF, 0xF0, 0x3C, 0x0F, 0xF3, 0xFC, 0x0F, 0x03, 0xFC,
  0xFF, 0x03, 0xC0, 0xFF, 0x3F, 0xC0, 0xF0, 0x3F, 0xCF, 0xF0, 0x3C, 0x0F,
  0xF3, 0xFC, 0x0F, 0x03, 0xFC, 0xFF, 0x03, 0xC0, 0xFF, 0x3F, 0xC0, 0xF0,
  0x3F, 0xCF, 0xF0, 0x3C, 0x0F, 0xF3, 0xFC, 0x0F, 0x03, 0xFC, 0xFF, 0x03,
  0xC0, 0xFF, 0x3F, 0xC0, 0xF0, 0x3F, 0xCF, 0xF0, 0x3C, 0x0F, 0xF3, 0xFC,
  0x0F, 0x03, 0xFC, 0xFF, 0x03, 0xC0, 0xFF, 0x3F, 0xC0, 0xF0, 0x3F, 0xCF,
  0xF0, 0x3C, 0x0F, 0xF3, 0xFC, 0x0F, 0x03, 0xFC, 0xFF, 0x03, 0xC0, 0xFF,
  0x3F, 0xC0, 0xF0, 0x3F, 0xCF, 0xF0, 0x3C, 0x0F, 0xF3, 0xFC, 0x0F, 0x03,
  0xFC, 0xFF, 0x03, 0xC0, 0xFF, 0x3F, 0xC0, 0xF0, 0x3F, 0xCF, 0xF0, 0x3C,
  0x0F, 0xF3, 0xFC, 0x0F, 0x03, 0xFC, 0xFF, 0x03, 0xC0, 0xFF, 0x3F, 0xC0,
  0xF0, 0x3F, 0xCF, 0xF0, 0x3C, 0x0F, 0xF3, 0xFC, 0x0F, 0x03, 0xFC, 0xFF,
  0x03, 0xC0, 0xFF, 0x3F, 0xC0, 0xF0, 0x3F, 0xCF, 0xF0, 0x3C, 0x0F, 0xF3,
  0xFC, 0x0F, 0x03, 0xFC, 0xFF, 0x03, 0xC0, 0xFF, 0x3F, 0xC0, 0xF0, 0x3F,
  0xCF, 0xF0, 0x3C, 0x0F, 0xF3, 0xFC, 0x0F, 0x03, 0xFC, 0xFF, 0x03, 0xC0,
  0xFF, 0x3F, 0xC0, 0xF0, 0x3F, 0xCF, 0xF0, 0x3C, 0x0F, 0xF3, 0xFC, 0x0F,
  0x03, 0xFC, 0xFF, 0x03, 0xC0, 0xFF, 0x3F, 0xC0, 0xF0, 0x3F, 0xCF, 0xF0,
  0x3C, 0x0F, 0xF3, 0xFC, 0x0F, 0x03, 0xFC, 0xFF, 0x03, 0xC0, 0xFF, 0x3F,
  0xC0, 0xF0, 0x3F, 0xCF, 0xF0, 0x3C, 0x0F, 0xF3, 0xFC, 0x0F, 0x03, 0x80,
  0x00, 0x00, 0x00, 0x00, 0x00, 0x00, 0x00, 0x00, 0x00, 0x00, 0x00, 0x00,
  0x00, 0x00, 0x00, 0x00, 0x00, 0x00, 0x00, 0x00, 0x00, 0x00, 0x00, 0x00,
  0x00, 0x00, 0x00, 0x00, 0x00, 0x00, 0x01, 0xE0, 0x00, 0x00, 0x00, 0xFC,
  0x00, 0x00, 0x00, 0x3F, 0x00, 0x00, 0x00, 0x0F, 0xC0, 0x00, 0x00, 0x07,
  0xF0, 0x00, 0x00, 0x01, 0xFE, 0x00, 0x00, 0x00, 0x7F, 0x80, 0x00, 0x00,
  0x1F, 0xE0, 0x00, 0x00, 0x0F, 0x3C, 0x00, 0x00, 0x03, 0xCF, 0x00, 0x00,
  0x00, 0xFF, 0xC0, 0x00, 0x00, 0x7F, 0xF0, 0x00, 0x00, 0x1F, 0xFE, 0x00,
  0x00, 0x07, 0xFF, 0x80, 0x00, 0x01, 0xE1, 0xE0, 0x00, 0x00, 0xF8, 0x38,
  0x00, 0x00, 0x3E, 0x0F, 0x00, 0x00, 0x0F, 0x03, 0xC0, 0x00, 0x03, 0xC0,
  0xF0, 0x00, 0x00, 0xE0, 0x1C, 0x00, 0xF0, 0x3C, 0x0F, 0x3F, 0xFC, 0x0F,
  0x03, 0xCF, 0xFF, 0x03, 0xC0, 0xF3, 0xFF, 0xC0, 0xF0, 0x3C, 0xFF, 0xF0,
  0x3C, 0x0F, 0x3F, 0xFC, 0x0F, 0x03, 0xCF, 0xFF, 0x03, 0xC0, 0xF3, 0xFF,
  0xC0, 0xF0, 0x3C, 0xFF, 0xF0, 0x3C, 0x0F, 0x3F, 0xFC, 0x0F, 0x03, 0xCF,
  0xFF, 0x03, 0xC0, 0xF3, 0xFF, 0xC0, 0xF0, 0x3C, 0xFF, 0xF0, 0x3C, 0x0F,
  0x3F, 0xFC, 0x0F, 0x03, 0xCF, 0xFF, 0x03, 0xC0, 0xF3, 0xFF, 0xC0, 0xF0,
  0x3C, 0xFF, 0xF0, 0x3C, 0x0F, 0x3F, 0xFC, 0x0F, 0x03, 0xCF, 0xFF, 0x03,
  0xC0, 0xF3, 0xFF, 0xC0, 0xF0, 0x3C, 0xFF, 0xF0, 0x3C, 0x0F, 0x3F, 0xFC,
  0x0F, 0x03, 0xCF, 0xFF, 0x03, 0xC0, 0xF3, 0xFF, 0xC0, 0xF0, 0x3C, 0xFF,
  0xF0, 0x3C, 0x0F, 0x3F, 0xFC, 0x0F, 0x03, 0xCF, 0xFF, 0x03, 0xC0, 0xF3,
  0xFF, 0xC0, 0xF0, 0x3C, 0xFF, 0xF0, 0x3C, 0x0F, 0x3F, 0xFC, 0x0F, 0x03,
  0xCF, 0xFF, 0x03, 0xC0, 0xF3, 0xFF, 0xC0, 0xF0, 0x3C, 0xFF, 0xF0, 0x3C,
  0x0F, 0x3F, 0xFC, 0x0F, 0x03, 0xCF, 0xFF, 0x03, 0xC0, 0xF3, 0xFF, 0xC0,
  0xF0, 0x3C, 0xFF, 0xF0, 0x3C, 0x0F, 0x3F, 0xFC, 0x0F, 0x03, 0xCF, 0xFF,
  0x03, 0xC0, 0xF3, 0xFF, 0xC0, 0xF0, 0x3C, 0xFF, 0xF0, 0x3C, 0x0F, 0x3F,
  0xFC, 0x0F, 0x03, 0xCF, 0xFF, 0x03, 0xC0, 0xF3, 0xFF, 0xC0, 0xF0, 0x3C,
  0xFF, 0xF0, 0x3C, 0x0F, 0x3F, 0xFC, 0x0F, 0x03, 0xCF, 0xFF, 0x03, 0xC0,
  0xF3, 0xFF, 0xC0, 0xF0, 0x3C, 0xFF, 0xF0, 0x3C, 0x0F, 0x3F, 0xFC, 0x0F,
  0x03, 0xCF, 0xFF, 0x03, 0xC0, 0xF3, 0xFF, 0xC0, 0xF0, 0x3C, 0xFF, 0xF0,
  0x3C, 0x0F, 0x3F, 0xC0, 0x00, 0x00, 0x00, 0x00, 0x00, 0x00, 0x00, 0x00,
  0x00, 0x00, 0x00, 0x00, 0x00, 0x00, 0x00, 0x00, 0x00, 0x00, 0x00, 0x00,
  0x00, 0x00, 0x00, 0x00, 0x00, 0x00, 0x00, 0x00, 0x00, 0x00, 0x1F, 0xF0,
  0x00, 0x00, 0x0F, 0xFF, 0x00, 0x00, 0x03, 0xFF, 0xE0, 0x00, 0x00, 0xFF,
  0xFC, 0x00, 0x00, 0x38, 0x1F, 0x00, 0x00, 0x0F, 0x03, 0xC0, 0x00, 0x03,
  0xC1, 0xF0, 0x00, 0x00, 0xFF, 0xFC, 0x00, 0x00, 0x3F, 0xFE, 0x00, 0x00,
  0x0F, 0xFF, 0x00, 0x00, 0x03, 0xFF, 0xE0, 0x00, 0x00, 0xE0, 0x7C, 0x00,
  0x00, 0x3C, 0x0F, 0x00, 0x00, 0x0F, 0x03, 0xC0, 0x00, 0x03, 0x80, 0xF0,
  0x00, 0x00, 0xE0, 0x7C, 0x00, 0x00, 0x3F, 0xFE, 0x00, 0x00, 0x0F, 0xFF,
  0x80, 0x00, 0x03, 0xFF, 0xC0, 0x00, 0x00, 0x7F, 0xC0, 0x00, 0xF3, 0xC0,
  0xF0, 0x3F, 0xBC, 0xF0, 0x3C, 0x0F, 0xFF, 0x3C, 0x0F, 0x03, 0xFF, 0xCF,
  0x03, 0xC0, 0xFF, 0xF3, 0xC0, 0xF0, 0x3F, 0xFC, 0xF0, 0x3C, 0x0F, 0xFF,
  0x3C, 0x0F, 0x03, 0xFF, 0xCF, 0x03, 0xC0, 0xFF, 0xF3, 0xC0, 0xF0, 0x3F,
  0xFC, 0xF0, 0x3C, 0x0F, 0xFF, 0x3C, 0x0F, 0x03, 0xFF, 0xCF, 0x03, 0xC0,
  0xFF, 0xF3, 0xC0, 0xF0, 0x3F, 0xFC, 0xF0, 0x3C, 0x0F, 0xFF, 0x3C, 0x0F,
  0x03, 0xFF, 0xCF, 0x03, 0xC0, 0xFF, 0xF3, 0xC0, 0xF0, 0x3F, 0xFC, 0xF0,
  0x3C, 0x0F, 0xFF, 0x3C, 0x0F, 0x03, 0xFF, 0xCF, 0x03, 0xC0, 0xFF, 0xF3,
  0xC0, 0xF0, 0x3F, 0xFC, 0xF0, 0x3C, 0x0F, 0xFF, 0x3C, 0x0F, 0x03, 0xFF,
  0xCF, 0x03, 0xC0, 0xFF, 0xF3, 0xC0, 0xF0, 0x3F, 0xFC, 0xF0, 0x3C, 0x0F,
  0xFF, 0x3C, 0x0F, 0x03, 0xFF, 0xCF, 0x03, 0xC0, 0xFF, 0xF3, 0xC0, 0xF0,
  0x3F, 0xFC, 0xF0, 0x3C, 0x0F, 0xFF, 0x3C, 0x0F, 0x03, 0xFF, 0xCF, 0x03,
  0xC0, 0xFF, 0xF3, 0xC0, 0xF0, 0x3F, 0xFC, 0xF0, 0x3C, 0x0F, 0xFF, 0x3C,
  0x0F, 0x03, 0xFF, 0xCF, 0x03, 0xC0, 0xFF, 0xF3, 0xC0, 0xF0, 0x3F, 0xFC,
  0xF0, 0x3C, 0x0F, 0xFF, 0x3C, 0x0F, 0x03, 0xFF, 0xCF, 0x03, 0xC0, 0xFF,
  0xF3, 0xC0, 0xF0, 0x3F, 0xFC, 0xF0, 0x3C, 0x0F, 0xFF, 0x3C, 0x0F, 0x03,
  0xFF, 0xCF, 0x03, 0xC0, 0xFF, 0xF3, 0xC0, 0xF0, 0x3F, 0xFC, 0xF0, 0x3C,
  0x0F, 0xFF, 0x3C, 0x0F, 0x03, 0xFF, 0xCF, 0x03, 0xC0, 0xFF, 0xF3, 0xC0,
  0xF0, 0x3F, 0xFC, 0xF0, 0x3C, 0x0F, 0xFF, 0x3C, 0x0F, 0x03, 0xFF, 0xCF,
  0x03, 0xC0, 0xFF, 0xF3, 0xC0, 0xF0, 0x3F, 0xC0, 0x00, 0x00, 0x00, 0x00,
  0x00, 0x00, 0x00, 0x00, 0x00, 0x00, 0x00, 0x00, 0x00, 0x00, 0x00, 0x00,
  0x00, 0x00, 0x00, 0x00, 0x00, 0x00, 0x00, 0x00, 0x00, 0x00, 0x07, 0xC0,
  0x00, 0x00, 0x03, 0xF8, 0x00, 0x00, 0x01, 0xFF, 0x00, 0x00, 0x00, 0xFF,
  0xE0, 0x00, 0x00, 0x3E, 0x78, 0x00, 0x00, 0x0F, 0x0C, 0x00, 0x00, 0x07,
  0x80, 0x00, 0x00, 0x01, 0xE0, 0x00, 0x00, 0x00, 0x78, 0x00, 0x00, 0x00,
  0x1E, 0x00, 0x00, 0x00, 0x07, 0x80, 0x00, 0x00, 0x01, 0xE0, 0x00, 0x00,
  0x00, 0x78, 0x00, 0x00, 0x00, 0x1E, 0x00, 0x00, 0x00, 0x07, 0xC0, 0x00,
  0x00, 0x01, 0xF1, 0xC0, 0x00, 0x00, 0x3E, 0x78, 0x00, 0x00, 0x0F, 0xFE,
  0x00, 0x00, 0x01, 0xFF, 0x00, 0x00, 0x00, 0x3F, 0x80, 0x00, 0x00, 0x07,
  0xC0, 0x00, 0xF3, 0xC0, 0xFF, 0x03, 0xFC, 0xF0, 0x3F, 0xC0, 0xFF, 0x3C,
  0x0F, 0xF0, 0x3F, 0xCF, 0x03, 0xFC, 0x0F, 0xF3, 0xC0, 0xFF, 0x03, 0xFC,
  0xF0, 0x3F, 0xC0, 0xFF, 0x3C, 0x0F, 0xF0, 0x3F, 0xCF, 0x03, 0xFC, 0x0F,
  0xF3, 0xC0, 0xFF, 0x03, 0xFC, 0xF0, 0x3F, 0xC0, 0xFF, 0x3C, 0x0F, 0xF0,
  0x3F, 0xCF, 0x03, 0xFC, 0x0F, 0xF3, 0xC0, 0xFF, 0x03, 0xFC, 0xF0, 0x3F,
  0xC0, 0xFF, 0x3C, 0x0F, 0xF0, 0x3F, 0xCF, 0x03, 0xFC, 0x0F, 0xF3, 0xC0,
  0xFF, 0x03, 0xFC, 0xF0, 0x3F, 0xC0, 0xFF, 0x3C, 0x0F, 0xF0, 0x3F, 0xCF,
  0x03, 0xFC, 0x0F, 0xF3, 0xC0, 0xFF, 0x03, 0xFC, 0xF0, 0x3F, 0xC0, 0xFF,
  0x3C, 0x0F, 0xF0, 0x3F, 0xCF, 0x03, 0xFC, 0x0F, 0xF3, 0xC0, 0xFF, 0x03,
  0xFC, 0xF0, 0x3F, 0xC0, 0xFF, 0x3C, 0x0F, 0xF0, 0x3F, 0xCF, 0x03, 0xFC,
  0x0F, 0xF3, 0xC0, 0xFF, 0x03, 0xFC, 0xF0, 0x3F, 0xC0, 0xFF, 0x3C, 0x0F,
  0xF0, 0x3F, 0xCF, 0x03, 0xFC, 0x0F, 0xF3, 0xC0, 0xFF, 0x03, 0xFC, 0xF0,
  0x3F, 0xC0, 0xFF, 0x3C, 0x0F, 0xF0, 0x3F, 0xCF, 0x03, 0xFC, 0x0F, 0xF3,
  0xC0, 0xFF, 0x03, 0xFC, 0xF0, 0x3F, 0xC0, 0xFF, 0x3C, 0x0F, 0xF0, 0x3F,
  0xCF, 0x03, 0xFC, 0x0F, 0xF3, 0xC0, 0xFF, 0x03, 0xFC, 0xF0, 0x3F, 0xC0,
  0xFF, 0x3C, 0x0F, 0xF0, 0x3F, 0xCF, 0x03, 0xFC, 0x0F, 0xF3, 0xC0, 0xFF,
  0x03, 0xFC, 0xF0, 0x3F, 0xC0, 0xFF, 0x3C, 0x0F, 0xF0, 0x3F, 0xCF, 0x03,
  0xFC, 0x0F, 0xF3, 0xC0, 0xFF, 0x03, 0xFC, 0xF0, 0x3F, 0xC0, 0xFF, 0x3C,
  0x0F, 0xF0, 0x3F, 0xCF, 0x03, 0xFC, 0x0F, 0xF3, 0xC0, 0xFF, 0x03, 0x80,
  0x00, 0x00, 0x00, 0x00, 0x00, 0x00, 0x00, 0x00, 0x00, 0x00, 0x00, 0x00,
  0x00, 0x00, 0x00, 0x00, 0x00, 0x00, 0x00, 0x00, 0x00, 0x00, 0x00, 0x00,
  0x00, 0x00, 0x00, 0x00, 0x00, 0x00, 0x07, 0xC0, 0x00, 0x00, 0x03, 0xFC,
  0x00, 0x00, 0x00, 0xFF, 0x80, 0x00, 0x00, 0x3F, 0xF0, 0x00, 0x00, 0x0F,
  0x3E, 0x00, 0x00, 0x03, 0xC7, 0x80, 0x00, 0x00, 0xF1, 0xF0, 0x00, 0x00,
  0x3C, 0x3C, 0x00, 0x00, 0x0F, 0x0F, 0x00, 0x00, 0x03, 0xC3, 0xC0, 0x00,
  0x00, 0xF0, 0xF0, 0x00, 0x00, 0x3C, 0x3C, 0x00, 0x00, 0x0F, 0x1F, 0x00,
  0x00, 0x03, 0xC7, 0xC0, 0x00, 0x00, 0xF3, 0xE0, 0x00, 0x00, 0x3F, 0xF8,
  0x00, 0x00, 0x0F, 0xFC, 0x00, 0x00, 0x03, 0xFE, 0x00, 0x00, 0x00, 0xFF,
  0x00, 0x00, 0x00, 0x1E, 0x00, 0x00, 0xF3, 0x80, 0xFF, 0x01, 0xFC, 0xF0,
  0x3F, 0xC0, 0xFF, 0x3C, 0x0F, 0xF0, 0x3F, 0xCF, 0x03, 0xFC, 0x0F, 0xF3,
  0xC0, 0xFF, 0x03, 0xFC, 0xF0, 0x3F, 0xC0, 0xFF, 0x3C, 0x0F, 0xF0, 0x3F,
  0xCF, 0x03, 0xFC, 0x0F, 0xF3, 0xC0, 0xFF, 0x03, 0xFC, 0xF0, 0x3F, 0xC0,
  0xFF, 0x3C, 0x0F, 0xF0, 0x3F, 0xCF, 0x03, 0xFC, 0x0F, 0xF3, 0xC0, 0xFF,
  0x03, 0xFC, 0xF0, 0x3F, 0xC0, 0xFF, 0x3C, 0x0F, 0xF0, 0x3F, 0xCF, 0x03,
  0xFC, 0x0F, 0xF3, 0xC0, 0xFF, 0x03, 0xFC, 0xF0, 0x3F, 0xC0, 0xFF, 0x3C,
  0x0F, 0xF0, 0x3F, 0xCF, 0x03, 0xFC, 0x0F, 0xF3, 0xC0, 0xFF, 0x03, 0xFC,
  0xF0, 0x3F, 0xC0, 0xFF, 0x3C, 0x0F, 0xF0, 0x3F, 0xCF, 0x03, 0xFC, 0x0F,
  0xF3, 0xC0, 0xFF, 0x03, 0xFC, 0xF0, 0x3F, 0xC0, 0xFF, 0x3C, 0x0F, 0xF0,
  0x3F, 0xCF, 0x03, 0xFC, 0x0F, 0xF3, 0xC0, 0xFF, 0x03, 0xFC, 0xF0, 0x3F,
  0xC0, 0xFF, 0x3C, 0x0F, 0xF0, 0x3F, 0xCF, 0x03, 0xFC, 0x0F, 0xF3, 0xC0,
  0xFF, 0x03, 0xFC, 0xF0, 0x3F, 0xC0, 0xFF, 0x3C, 0x0F, 0xF0, 0x3F, 0xCF,
  0x03, 0xFC, 0x0F, 0xF3, 0xC0, 0xFF, 0x03, 0xFC, 0xF0, 0x3F, 0xC0, 0xFF,
  0x3C, 0x0F, 0xF0, 0x3F, 0xCF, 0x03, 0xFC, 0x0F, 0xF3, 0xC0, 0xFF, 0x03,
  0xFC, 0xF0, 0x3F, 0xC0, 0xFF, 0x3C, 0x0F, 0xF0, 0x3F, 0xCF, 0x03, 0xFC,
  0x0F, 0xF3, 0xC0, 0xFF, 0x03, 0xFC, 0xF0, 0x3F, 0xC0, 0xFF, 0x3C, 0x0F,
  0xF0, 0x3F, 0xCF, 0x03, 0xFC, 0x0F, 0xF3, 0xC0, 0xFF, 0x03, 0xFC, 0xF0,
  0x3F, 0xC0, 0xFF, 0x3C, 0x0F, 0xF0, 0x3F, 0xCF, 0x03, 0xFC, 0x0F, 0xF3,
  0x80, 0xFF, 0x01, 0xC0, 0x00, 0x00, 0x00, 0x00, 0x00, 0x00, 0x00, 0x00,
  0x00, 0x00, 0x00, 0x00, 0x00, 0x00, 0x00, 0x00, 0x00, 0x00, 0x00, 0x00,
  0x00, 0x00, 0x00, 0x00, 0x00, 0x00, 0x3F, 0xF0, 0x00, 0x00, 0x1F, 0xFE,
  0x00, 0x00, 0x07, 0xFF, 0x80, 0x00, 0x01, 0xFF, 0xE0, 0x00, 0x00, 0x78,
  0x70, 0x00, 0x00, 0x1E, 0x00, 0x00, 0x00, 0x07, 0x80, 0x00, 0x00, 0x01,
  0xE0, 0x00, 0x00, 0x00, 0x7B, 0xE0, 0x00, 0x00, 0x1F, 0xFC, 0x00, 0x00,
  0x07, 0xFF, 0x00, 0x00, 0x01, 0xFF, 0xC0, 0x00, 0x00, 0x78, 0x00, 0x00,
  0x00, 0x1E, 0x00, 0x00, 0x00, 0x07, 0x80, 0x00, 0x00, 0x01, 0xE0, 0x00,
  0x00, 0x00, 0x78, 0x00, 0x00, 0x00, 0x1F, 0xFE, 0x00, 0x00, 0x07, 0xFF,
  0xC0, 0x00, 0x01, 0xFF, 0xF0, 0x00, 0x00, 0x3F, 0xF8, 0x00, 0xF3, 0xC7,
  0xF0, 0x3B, 0xCF, 0x3F, 0xC0, 0xFF, 0x3C, 0xFF, 0x03, 0xFC, 0xF3, 0xFC,
  0x0F, 0xF3, 0xCF, 0xF0, 0x3F, 0xCF, 0x3F, 0xC0, 0xFF, 0x3C, 0xFF, 0x03,
  0xFC, 0xF3, 0xFC, 0x0F, 0xF3, 0xCF, 0xF0, 0x3F, 0xCF, 0x3F, 0xC0, 0xFF,
  0x3C, 0xFF, 0x03, 0xFC, 0xF3, 0xFC, 0x0F, 0xF3, 0xCF, 0xF0, 0x3F, 0xCF,
  0x3F, 0xC0, 0xFF, 0x3C, 0xFF, 0x03, 0xFC, 0xF3, 0xFC, 0x0F, 0xF3, 0xCF,
  0xF0, 0x3F, 0xCF, 0x3F, 0xC0, 0xFF, 0x3C, 0xFF, 0x03, 0xFC, 0xF3, 0xFC,
  0x0F, 0xF3, 0xCF, 0xF0, 0x3F, 0xCF, 0x3F, 0xC0, 0xFF, 0x3C, 0xFF, 0x03,
  0xFC, 0xF3, 0xFC, 0x0F, 0xF3, 0xCF, 0xF0, 0x3F, 0xCF, 0x3F, 0xC0, 0xFF,
  0x3C, 0xFF, 0x03, 0xFC, 0xF3, 0xFC, 0x0F, 0xF3, 0xCF, 0xF0, 0x3F, 0xCF,
  0x3F, 0xC0, 0xFF, 0x3C, 0xFF, 0x03, 0xFC, 0xF3, 0xFC, 0x0F, 0xF3, 0xCF,
  0xF0, 0x3F, 0xCF, 0x3F, 0xC0, 0xFF, 0x3C, 0xFF, 0x03, 0xFC, 0xF3, 0xFC,
  0x0F, 0xF3, 0xCF, 0xF0, 0x3F, 0xCF, 0x3F, 0xC0, 0xFF, 0x3C, 0xFF, 0x03,
  0xFC, 0xF3, 0xFC, 0x0F, 0xF3, 0xCF, 0xF0, 0x3F, 0xCF, 0x3F, 0xC0, 0xFF,
  0x3C, 0xFF, 0x03, 0xFC, 0xF3, 0xFC, 0x0F, 0xF3, 0xCF, 0xF0, 0x3F, 0xCF,
  0x3F, 0xC0, 0xFF, 0x3C, 0xFF, 0x03, 0xFC, 0xF3, 0xFC, 0x0F, 0xF3, 0xCF,
  0xF0, 0x3F, 0xCF, 0x3F, 0xC0, 0xFF, 0x3C, 0xFF, 0x03, 0xFC, 0xF3, 0xFC,
  0x0F, 0xE3, 0xCF, 0xF0, 0x3C, 0x00, 0x00, 0x00, 0x00, 0x00, 0x00, 0x00,
  0x00, 0x00, 0x00, 0x00, 0x00, 0x00, 0x00, 0x00, 0x00, 0x00, 0x00, 0x00,
  0x00, 0x00, 0x00, 0x00, 0x00, 0x00, 0x00, 0x00, 0x1F, 0xF8, 0x00, 0x00,
  0xFF, 0xE0, 0x00, 0x03, 0xFF, 0x80, 0x00, 0x0F, 0x7E, 0x00, 0x00, 0x3C,
  0x00, 0x00, 0x00, 0xF0, 0x00, 0x00, 0x03, 0xC0, 0x00, 0x00, 0x0F, 0x78,
  0x00, 0x00, 0x3F, 0xF0, 0x00, 0x00, 0xFF, 0xC0, 0x00, 0x03, 0xFF, 0x00,
  0x00, 0x0F, 0x00, 0x00, 0x00, 0x3C, 0x00, 0x00, 0x00, 0xF0, 0x00, 0x00,
  0x03, 0xC0, 0x00, 0x00, 0x0F, 0x00, 0x00, 0x00, 0x3C, 0x00, 0x00, 0x00,
  0xF0, 0x00, 0x00, 0x03, 0xC0, 0x00, 0x00, 0x0E, 0x00, 0x00, 0xF3, 0xC0,
  0xF3, 0xFB, 0xCF, 0x03, 0xCF, 0xFF, 0x3C, 0x0F, 0x3F, 0xFC, 0xF0, 0x3C,
  0xFF, 0xF3, 0xC0, 0xF3, 0xFF, 0xCF, 0x03, 0xCF, 0xFF, 0x3C, 0x0F, 0x3F,
  0xFC, 0xF0, 0x3C, 0xFF, 0xF3, 0xC0, 0xF3, 0xFF, 0xCF, 0x03, 0xCF, 0xFF,
  0x3C, 0x0F, 0x3F, 0xFC, 0xF0, 0x3C, 0xFF, 0xF3, 0xC0, 0xF3, 0xFF, 0xCF,
  0x03, 0xCF, 0xFF, 0x3C, 0x0F, 0x3F, 0xFC, 0xF0, 0x3C, 0xFF, 0xF3, 0xC0,
  0xF3, 0xFF, 0xCF, 0x03, 0xCF, 0xFF, 0x3C, 0x0F, 0x3F, 0xFC, 0xF0, 0x3C,
  0xFF, 0xF3, 0xC0, 0xF3, 0xFF, 0xCF, 0x03, 0xCF, 0xFF, 0x3C, 0x0F, 0x3F,
  0xFC, 0xF0, 0x3C, 0xFF, 0xF3, 0xC0, 0xF3, 0xFF, 0xCF, 0x03, 0xCF, 0xFF,
  0x3C, 0x0F, 0x3F, 0xFC, 0xF0, 0x3C, 0xFF, 0xF3, 0xC0, 0xF3, 0xFF, 0xCF,
  0x03, 0xCF, 0xFF, 0x3C, 0x0F, 0x3F, 0xFC, 0xF0, 0x3C, 0xFF, 0xF3, 0xC0,
  0xF3, 0xFF, 0xCF, 0x03, 0xCF, 0xFF, 0x3C, 0x0F, 0x3F, 0xFC, 0xF0, 0x3C,
  0xFF, 0xF3, 0xC0, 0xF3, 0xFF, 0xCF, 0x03, 0xCF, 0xFF, 0x3C, 0x0F, 0x3F,
  0xFC, 0xF0, 0x3C, 0xFF, 0xF3, 0xC0, 0xF3, 0xFF, 0xCF, 0x03, 0xCF, 0xFF,
  0x3C, 0x0F, 0x3F, 0xFC, 0xF0, 0x3C, 0xFF, 0xF3, 0xC0, 0xF3, 0xFF, 0xCF,
  0x03, 0xCF, 0xFF, 0x3C, 0x0F, 0x3F, 0xFC, 0xF0, 0x3C, 0xFF, 0xF3, 0xC0,
  0xF3, 0xFF, 0xCF, 0x03, 0xCF, 0xFF, 0x3C, 0x0F, 0x3F, 0xFC, 0xF0, 0x3C,
  0xFF, 0xF3, 0xC0, 0xF3, 0xFC, 0x00, 0x00, 0x00, 0x00, 0x00, 0x00, 0x00,
  0x00, 0x00, 0x00, 0x00, 0x00, 0x00, 0x00, 0x00, 0x00, 0x00, 0x00, 0x00,
  0x00, 0x00, 0x00, 0x00, 0x01, 0xF8, 0x00, 0x00, 0x1F, 0xF8, 0x00, 0x00,
  0xFF, 0xF0, 0x00, 0x03, 0xFF, 0xC0, 0x00, 0x1F, 0x0F, 0x00, 0x00, 0x78,
  0x1C, 0x00, 0x03, 0xE0, 0x00, 0x00, 0x0F, 0x00, 0x00, 0x00, 0x3C, 0x00,
  0x00, 0x00, 0xF1, 0xF8, 0x00, 0x03, 0xCF, 0xF0, 0x00, 0x0F, 0x3F, 0xC0,
  0x00, 0x3C, 0xFF, 0x00, 0x00, 0xF0, 0x3C, 0x00, 0x03, 0xC0, 0xF0, 0x00,
  0x07, 0x83, 0xC0, 0x00, 0x1F, 0x0F, 0x00, 0x00, 0x3F, 0xFC, 0x00, 0x00,
  0xFF, 0xF0, 0x00, 0x01, 0xFF, 0x80, 0x00, 0x01, 0xF8, 0x00, 0xFF, 0x03,
  0xCF, 0x3B, 0xFC, 0x0F, 0x3C, 0xFF, 0xF0, 0x3C, 0xF3, 0xFF, 0xC0, 0xF3,
  0xCF, 0xFF, 0x03, 0xCF, 0x3F, 0xFC, 0x0F, 0x3C, 0xFF, 0xF0, 0x3C, 0xF3,
  0xFF, 0xC0, 0xF3, 0xCF, 0xFF, 0x03, 0xCF, 0x3F, 0xFC, 0x0F, 0x3C, 0xFF,
  0xF0, 0x3C, 0xF3, 0xFF, 0xC0, 0xF3, 0xCF, 0xFF, 0x03, 0xCF, 0x3F, 0xFC,
  0x0F, 0x3C, 0xFF, 0xF0, 0x3C, 0xF3, 0xFF, 0xC0, 0xF3, 0xCF, 0xFF, 0x03,
  0xCF, 0x3F, 0xFC, 0x0F, 0x3C, 0xFF, 0xF0, 0x3C, 0xF3, 0xFF, 0xC0, 0xF3,
  0xCF, 0xFF, 0x03, 0xCF, 0x3F, 0xFC, 0x0F, 0x3C, 0xFF, 0xF0, 0x3C, 0xF3,
  0xFF, 0xC0, 0xF3, 0xCF, 0xFF, 0x03, 0xCF, 0x3F, 0xFC, 0x0F, 0x3C, 0xFF,
  0xF0, 0x3C, 0xF3, 0xFF, 0xC0, 0xF3, 0xCF, 0xFF, 0x03, 0xCF, 0x3F, 0xFC,
  0x0F, 0x3C, 0xFF, 0xF0, 0x3C, 0xF3, 0xFF, 0xC0, 0xF3, 0xCF, 0xFF, 0x03,
  0xCF, 0x3F, 0xFC, 0x0F, 0x3C, 0xFF, 0xF0, 0x3C, 0xF3, 0xFF, 0xC0, 0xF3,
  0xCF, 0xFF, 0x03, 0xCF, 0x3F, 0xFC, 0x0F, 0x3C, 0xFF, 0xF0, 0x3C, 0xF3,
  0xFF, 0xC0, 0xF3, 0xCF, 0xFF, 0x03, 0xCF, 0x3F, 0xFC, 0x0F, 0x3C, 0xFF,
  0xF0, 0x3C, 0xF3, 0xFF, 0xC0, 0xF3, 0xCF, 0xFF, 0x03, 0xCF, 0x3F, 0xFC,
  0x0F, 0x3C, 0xFF, 0xF0, 0x3C, 0xF3, 0xFF, 0xC0, 0xF3, 0xCF, 0xFF, 0x03,
  0xCF, 0x3F, 0xFC, 0x0F, 0x3C, 0xFF, 0xF0, 0x3C, 0xF3, 0xFF, 0xC0, 0xF3,
  0xCF, 0xFF, 0x03, 0xCF, 0x3C, 0x00, 0x00, 0x00, 0x00, 0x00, 0x00, 0x00,
  0x00, 0x00, 0x00, 0x00, 0x00, 0x00, 0x00, 0x00, 0x00, 0x00, 0x00, 0x00,
  0x00, 0x00, 0x00, 0x00, 0x00, 0x00, 0x00, 0x00, 0xF0, 0x30, 0x00, 0x03,
  0xC1, 0xE0, 0x00, 0x0F, 0x07, 0x80, 0x00, 0x3C, 0x1E, 0x00, 0x00, 0xF0,
  0x78, 0x00, 0x03, 0xC1, 0xE0, 0x00, 0x0F, 0x07, 0x80, 0x00, 0x3F, 0xDE,
  0x00, 0x00, 0xFF, 0xF8, 0x00, 0x03, 0xFF, 0xE0, 0x00, 0x0F, 0xFF, 0x80,
  0x00, 0x3C, 0x1E, 0x00, 0x00, 0xF0, 0x78, 0x00, 0x03, 0xC1, 0xE0, 0x00,
  0x0F, 0x07, 0x80, 0x00, 0x3C, 0x1E, 0x00, 0x00, 0xF0, 0x78, 0x00, 0x03,
  0xC1, 0xE0, 0x00, 0x0F, 0x07, 0x80, 0x00, 0x18, 0x0E, 0x00, 0x00, 0x00,
  0x00, 0x00, 0x00, 0x00, 0x00, 0x0F, 0x3F, 0x8F, 0x03, 0xFC, 0xFF, 0x3C,
  0x0F, 0xF3, 0xFC, 0xF0, 0x3F, 0xCF, 0xF3, 0xC0, 0xFF, 0x3F, 0xCF, 0x03,
  0xFC, 0xFF, 0x3C, 0x0F, 0xF3, 0xFC, 0xF0, 0x3F, 0xCF, 0xF3, 0xC0, 0xFF,
  0x3F, 0xCF, 0x03, 0xFC, 0xFF, 0x3C, 0x0F, 0xF3, 0xFC, 0xF0, 0x3F, 0xCF,
  0xF3, 0xC0, 0xFF, 0x3F, 0xCF, 0x03, 0xFC, 0xFF, 0x3C, 0x0F, 0xF3, 0xFC,
  0xF0, 0x3F, 0xCF, 0xF3, 0xC0, 0xFF, 0x3F, 0xCF, 0x03, 0xFC, 0xFF, 0x3C,
  0x0F, 0xF3, 0xFC, 0xF0, 0x3F, 0xCF, 0xF3, 0xC0, 0xFF, 0x3F, 0xCF, 0x03,
  0xFC, 0xFF, 0x3C, 0x0F, 0xF3, 0xFC, 0xF0, 0x3F, 0xCF, 0xF3, 0xC0, 0xFF,
  0x3F, 0xCF, 0x03, 0xFC, 0xFF, 0x3C, 0x0F, 0xF3, 0xFC, 0xF0, 0x3F, 0xCF,
  0xF3, 0xC0, 0xFF, 0x3F, 0xCF, 0x03, 0xFC, 0xFF, 0x3C, 0x0F, 0xF3, 0xFC,
  0xF0, 0x3F, 0xCF, 0xF3, 0xC0, 0xFF, 0x3F, 0xCF, 0x03, 0xFC, 0xFF, 0x3C,
  0x0F, 0xF3, 0xFC, 0xF0, 0x3F, 0xCF, 0xF3, 0xC0, 0xFF, 0x3F, 0xCF, 0x03,
  0xFC, 0xFF, 0x3C, 0x0F, 0xF3, 0xFC, 0xF0, 0x3F, 0xCF, 0xF3, 0xC0, 0xFF,
  0x3F, 0xCF, 0x03, 0xFC, 0xFF, 0x3C, 0x0F, 0xF3, 0xFC, 0xF0, 0x3F, 0xCF,
  0xF3, 0xC0, 0xFF, 0x3F, 0xCF, 0x03, 0xFC, 0xFF, 0x3C, 0x0F, 0xF3, 0xFC,
  0xF0, 0x3F, 0xCF, 0xF3, 0xC0, 0xFF, 0x3F, 0xCF, 0x03, 0xFC, 0xFF, 0x3C,
  0x0F, 0xF3, 0xFC, 0xF0, 0x3F, 0xCF, 0xF3, 0xC0, 0xFF, 0x3F, 0xCF, 0x03,
  0xC0, 0x00, 0x00, 0x00, 0x00, 0x00, 0x00, 0x00, 0x00, 0x00, 0x00, 0x00,
  0x00, 0x00, 0x00, 0x00, 0x00, 0x00, 0x00, 0x00, 0x00, 0x00, 0x00, 0x00,
  0x00, 0x00, 0x00, 0x03, 0xFE, 0x00, 0x00, 0x0F, 0xFC, 0x00, 0x00, 0x3F,
  0xF0, 0x00, 0x00, 0xFF, 0x80, 0x00, 0x00, 0x78, 0x00, 0x00, 0x01, 0xE0,
  0x00, 0x00, 0x07, 0x80, 0x00, 0x00, 0x1E, 0x00, 0x00, 0x00, 0x78, 0x00,
  0x00, 0x01, 0xE0, 0x00, 0x00, 0x07, 0x80, 0x00, 0x00, 0x1E, 0x00, 0x00,
  0x00, 0x78, 0x00, 0x00, 0x01, 0xE0, 0x00, 0x00, 0x07, 0x80, 0x00, 0x00,
  0xDF, 0xC0, 0x00, 0x07, 0xFF, 0x00, 0x00, 0x1F, 0xFC, 0x00, 0x00, 0x3F,
  0xF0, 0x00, 0x00, 0x01, 0x80, 0x00, 0xFF, 0x3C, 0xF0, 0x3F, 0xF9, 0xE7,
  0x81, 0xFF, 0xCF, 0x3C, 0x0F, 0xFE, 0x79, 0xE0, 0x7F, 0xF3, 0xCF, 0x03,
  0xFF, 0x9E, 0x78, 0x1F, 0xFC, 0xF3, 0xC0, 0xFF, 0xE7, 0x9E, 0x07, 0xFF,
  0x3C, 0xF0, 0x3F, 0xF9, 0xE7, 0x81, 0xFF, 0xCF, 0x3C, 0x0F, 0xFE, 0x79,
  0xE0, 0x7F, 0xF3, 0xCF, 0x03, 0xFF, 0x9E, 0x78, 0x1F, 0xFC, 0xF3, 0xC0,
  0xFF, 0xE7, 0x9E, 0x07, 0xFF, 0x3C, 0xF0, 0x3F, 0xF9, 0xE7, 0x81, 0xFF,
  0xCF, 0x3C, 0x0F, 0xFE, 0x79, 0xE0, 0x7F, 0xF3, 0xCF, 0x03, 0xFF, 0x9E,
  0x78, 0x1F, 0xFC, 0xF3, 0xC0, 0xFF, 0xE7, 0x9E, 0x07, 0xFF, 0x3C, 0xF0,
  0x3F, 0xF9, 0xE7, 0x81, 0xFF, 0xCF, 0x3C, 0x0F, 0xFE, 0x79, 0xE0, 0x7F,
  0xF3, 0xCF, 0x03, 0xFF, 0x9E, 0x78, 0x1F, 0xFC, 0xF3, 0xC0, 0xFF, 0xE7,
  0x9E, 0x07, 0xFF, 0x3C, 0xF0, 0x3F, 0xF9, 0xE7, 0x81, 0xFF, 0xCF, 0x3C,
  0x0F, 0xFE, 0x79, 0xE0, 0x7F, 0xF3, 0xCF, 0x03, 0xFF, 0x9E, 0x78, 0x1F,
  0xFC, 0xF3, 0xC0, 0xFF, 0xE7, 0x9E, 0x07, 0xFF, 0x3C, 0xF0, 0x3F, 0xF9,
  0xE7, 0x81, 0xFF, 0xCF, 0x3C, 0x0F, 0xFE, 0x79, 0xE0, 0x7F, 0xF3, 0xCF,
  0x03, 0xFF, 0x9E, 0x78, 0x1F, 0xFC, 0xF3, 0xC0, 0xFF, 0xE7, 0x9E, 0x07,
  0xFF, 0x3C, 0xF0, 0x3F, 0xF9, 0xE7, 0x81, 0xFF, 0xCF, 0x3C, 0x0F, 0xFE,
  0x79, 0xE0, 0x7F, 0xF3, 0xCF, 0x03, 0x80, 0x00, 0x00, 0x00, 0x00, 0x00,
  0x00, 0x00, 0x00, 0x00, 0x00, 0x00, 0x00, 0x00, 0x00, 0x00, 0x00, 0x00,
  0x00, 0x00, 0x00, 0x00, 0x00, 0x00, 0x00, 0x00, 0x00, 0x1E, 0x00, 0x00,
  0x00, 0xF0, 0x00, 0x00, 0x07, 0x80, 0x00, 0x00, 0x3C, 0x00, 0x00, 0x01,
  0xE0, 0x00, 0x00, 0x0F, 0x00, 0x00, 0x00, 0x78, 0x00, 0x00, 0x03, 0xC0,
  0x00, 0x00, 0x1E, 0x00, 0x00, 0x00, 0xF0, 0x00, 0x00, 0x07, 0x80, 0x00,
  0x00, 0x3C, 0x00, 0x00, 0xE1, 0xE0, 0x00, 0x07, 0x8F, 0x00, 0x00, 0x3C,
  0x78, 0x00, 0x01, 0xF3, 0xC0, 0x00, 0x0F, 0xFE, 0x00, 0x00, 0x3F, 0xE0,
  0x00, 0x01, 0xFE, 0x00, 0x00, 0x03, 0xE0, 0x00, 0xF0, 0x3C, 0xF3, 0xFF,
  0xC0, 0xF3, 0xCF, 0xFF, 0x03, 0xCF, 0x3F, 0xFC, 0x0F, 0x3C, 0xFF, 0xF0,
  0x3C, 0xF3, 0xFF, 0xC0, 0xF3, 0xCF, 0xFF, 0x03, 0xCF, 0x3F, 0xFC, 0x0F,
  0x3C, 0xFF, 0xF0, 0x3C, 0xF3, 0xFF, 0xC0, 0xF3, 0xCF, 0xFF, 0x03, 0xCF,
  0x3F, 0xFC, 0x0F, 0x3C, 0xFF, 0xF0, 0x3C, 0xF3, 0xFF, 0xC0, 0xF3, 0xCF,
  0xFF, 0x03, 0xCF, 0x3F, 0xFC, 0x0F, 0x3C, 0xFF, 0xF0, 0x3C, 0xF3, 0xFF,
  0xC0, 0xF3, 0xCF, 0xFF, 0x03, 0xCF, 0x3F, 0xFC, 0x0F, 0x3C, 0xFF, 0xF0,
  0x3C, 0xF3, 0xFF, 0xC0, 0xF3, 0xCF, 0xFF, 0x03, 0xCF, 0x3F, 0xFC, 0x0F,
  0x3C, 0xFF, 0xF0, 0x3C, 0xF3, 0xFF, 0xC0, 0xF3, 0xCF, 0xFF, 0x03, 0xCF,
  0x3F, 0xFC, 0x0F, 0x3C, 0xFF, 0xF0, 0x3C, 0xF3, 0xFF, 0xC0, 0xF3, 0xCF,
  0xFF, 0x03, 0xCF, 0x3F, 0xFC, 0x0F, 0x3C, 0xFF, 0xF0, 0x3C, 0xF3, 0xFF,
  0xC0, 0xF3, 0xCF, 0xFF, 0x03, 0xCF, 0x3F, 0xFC, 0x0F, 0x3C, 0xFF, 0xF0,
  0x3C, 0xF3, 0xFF, 0xC0, 0xF3, 0xCF, 0xFF, 0x03, 0xCF, 0x3F, 0xFC, 0x0F,
  0x3C, 0xFF, 0xF0, 0x3C, 0xF3, 0xFF, 0xC0, 0xF3, 0xCF, 0xFF, 0x03, 0xCF,
  0x3F, 0xFC, 0x0F, 0x3C, 0xFF, 0xF0, 0x3C, 0xF3, 0xFF, 0xC0, 0xF3, 0xCF,
  0xFF, 0x03, 0xCF, 0x3F, 0xFC, 0x0F, 0x3C, 0xFF, 0xF0, 0x3C, 0xF3, 0xFF,
  0xC0, 0xF3, 0xCF, 0xFF, 0x03, 0xCF, 0x3F, 0xFC, 0x0F, 0x3C, 0xFF, 0xF0,
  0x3C, 0xF3, 0xF8, 0x00, 0x00, 0x00, 0x00, 0x00, 0x00, 0x00, 0x00, 0x00,
  0x00, 0x00, 0x00, 0x00, 0x00, 0x00, 0x00, 0x00, 0x00, 0x00, 0x00, 0x00,
  0x00, 0x00, 0x00, 0x00, 0x00, 0x00, 0xF0, 0x38, 0x00, 0x03, 0xC1, 0xE0,
  0x00, 0x0F, 0x0F, 0x80, 0x00, 0x3C, 0x7C, 0x00, 0x00, 0xF3, 0xE0, 0x00,
  0x03, 0xDF, 0x00, 0x00, 0x0F, 0xFC, 0x00, 0x00, 0x3F, 0xE0, 0x00, 0x00,
  0xFF, 0x00, 0x00, 0x03, 0xF0, 0x00, 0x00, 0x0F, 0xE0, 0x00, 0x00, 0x3F,
  0xC0, 0x00, 0x00, 0xFF, 0x80, 0x00, 0x03, 0xDF, 0x00, 0x00, 0x0F, 0x3E,
  0x00, 0x00, 0x3C, 0x7C, 0x00, 0x00, 0xF0, 0xF8, 0x00, 0x03, 0xC1, 0xF0,
  0x00, 0x0F, 0x03, 0xC0, 0x00, 0x18, 0x06, 0x00, 0xE0, 0x3C, 0xFF, 0x3F,
  0xC0, 0xF3, 0xFC, 0xFF, 0x03, 0xCF, 0xF3, 0xFC, 0x0F, 0x3F, 0xCF, 0xF0,
  0x3C, 0xFF, 0x3F, 0xC0, 0xF3, 0xFC, 0xFF, 0x03, 0xCF, 0xF3, 0xFC, 0x0F,
  0x3F, 0xCF, 0xF0, 0x3C, 0xFF, 0x3F, 0xC0, 0xF3, 0xFC, 0xFF, 0x03, 0xCF,
  0xF3, 0xFC, 0x0F, 0x3F, 0xCF, 0xF0, 0x3C, 0xFF, 0x3F, 0xC0, 0xF3, 0xFC,
  0xFF, 0x03, 0xCF, 0xF3, 0xFC, 0x0F, 0x3F, 0xCF, 0xF0, 0x3C, 0xFF, 0x3F,
  0xC0, 0xF3, 0xFC, 0xFF, 0x03, 0xCF, 0xF3, 0xFC, 0x0F, 0x3F, 0xCF, 0xF0,
  0x3C, 0xFF, 0x3F, 0xC0, 0xF3, 0xFC, 0xFF, 0x03, 0xCF, 0xF3, 0xFC, 0x0F,
  0x3F, 0xCF, 0xF0, 0x3C, 0xFF, 0x3F, 0xC0, 0xF3, 0xFC, 0xFF, 0x03, 0xCF,
  0xF3, 0xFC, 0x0F, 0x3F, 0xCF, 0xF0, 0x3C, 0xFF, 0x3F, 0xC0, 0xF3, 0xFC,
  0xFF, 0x03, 0xCF, 0xF3, 0xFC, 0x0F, 0x3F, 0xCF, 0xF0, 0x3C, 0xFF, 0x3F,
  0xC0, 0xF3, 0xFC, 0xFF, 0x03, 0xCF, 0xF3, 0xFC, 0x0F, 0x3F, 0xCF, 0xF0,
  0x3C, 0xFF, 0x3F, 0xC0, 0xF3, 0xFC, 0xFF, 0x03, 0xCF, 0xF3, 0xFC, 0x0F,
  0x3F, 0xCF, 0xF0, 0x3C, 0xFF, 0x3F, 0xC0, 0xF3, 0xFC, 0xFF, 0x03, 0xCF,
  0xF3, 0xFC, 0x0F, 0x3F, 0xCF, 0xF0, 0x3C, 0xFF, 0x3F, 0xC0, 0xF3, 0xFC,
  0xFF, 0x03, 0xCF, 0xF3, 0xFC, 0x0F, 0x3F, 0xCF, 0xF0, 0x3C, 0xFF, 0x3F,
  0xC0, 0xF3, 0xFC, 0xFF, 0x03, 0xCF, 0xF3, 0xFC, 0x0F, 0x3F, 0xCF, 0xF0,
  0x3C, 0xFF, 0x3C, 0x00, 0x00, 0x00, 0x00, 0x00, 0x00, 0x00, 0x00, 0x00,
  0x00, 0x00, 0x00, 0x00, 0x00, 0x00, 0x00, 0x00, 0x00, 0x00, 0x00, 0x00,
  0x00, 0x00, 0x00, 0x00, 0x00, 0x00, 0xF0, 0x00, 0x00, 0x03, 0xC0, 0x00,
  0x00, 0x0F, 0x00, 0x00, 0x00, 0x3C, 0x00, 0x00, 0x00, 0xF0, 0x00, 0x00,
  0x03, 0xC0, 0x00, 0x00, 0x0F, 0x00, 0x00, 0x00, 0x3C, 0x00, 0x00, 0x00,
  0xF0, 0x00, 0x00, 0x03, 0xC0, 0x00, 0x00, 0x0F, 0x00, 0x00, 0x00, 0x3C,
  0x00, 0x00, 0x00, 0xF0, 0x00, 0x00, 0x03, 0xC0, 0x00, 0x00, 0x0F, 0x00,
  0x00, 0x00, 0x3F, 0xF8, 0x00, 0x00, 0xFF, 0xF8, 0x00, 0x03, 0xFF, 0xE0,
  0x00, 0x0F, 0xFF, 0x80, 0x00, 0x1F, 0x80, 0x00, 0xF0, 0x3F, 0xC7, 0x3F,
  0xC0, 0xFF, 0x3C, 0xFF, 0x03, 0xFC, 0xF3, 0xFC, 0x0F, 0xF3, 0xCF, 0xF0,
  0x3F, 0xCF, 0x3F, 0xC0, 0xFF, 0x3C, 0xFF, 0x03, 0xFC, 0xF3, 0xFC, 0x0F,
  0xF3, 0xCF, 0xF0, 0x3F, 0xCF, 0x3F, 0xC0, 0xFF, 0x3C, 0xFF, 0x03, 0xFC,
  0xF3, 0xFC, 0x0F, 0xF3, 0xCF, 0xF0, 0x3F, 0xCF, 0x3F, 0xC0, 0xFF, 0x3C,
  0xFF, 0x03, 0xFC, 0xF3, 0xFC, 0x0F, 0xF3, 0xCF, 0xF0, 0x3F, 0xCF, 0x3F,
  0xC0, 0xFF, 0x3C, 0xFF, 0x03, 0xFC, 0xF3, 0xFC, 0x0F, 0xF3, 0xCF, 0xF0,
  0x3F, 0xCF, 0x3F, 0xC0, 0xFF, 0x3C, 0xFF, 0x03, 0xFC, 0xF3, 0xFC, 0x0F,
  0xF3, 0xCF, 0xF0, 0x3F, 0xCF, 0x3F, 0xC0, 0xFF, 0x3C, 0xFF, 0x03, 0xFC,
  0xF3, 0xFC, 0x0F, 0xF3, 0xCF, 0xF0, 0x3F, 0xCF, 0x3F, 0xC0, 0xFF, 0x3C,
  0xFF, 0x03, 0xFC, 0xF3, 0xFC, 0x0F, 0xF3, 0xCF, 0xF0, 0x3F, 0xCF, 0x3F,
  0xC0, 0xFF, 0x3C, 0xFF, 0x03, 0xFC, 0xF3, 0xFC, 0x0F, 0xF3, 0xCF, 0xF0,
  0x3F, 0xCF, 0x3F, 0xC0, 0xFF, 0x3C, 0xFF, 0x03, 0xFC, 0xF3, 0xFC, 0x0F,
  0xF3, 0xCF, 0xF0, 0x3F, 0xCF, 0x3F, 0xC0, 0xFF, 0x3C, 0xFF, 0x03, 0xFC,
  0xF3, 0xFC, 0x0F, 0xF3, 0xCF, 0xF0, 0x3F, 0xCF, 0x3F, 0xC0, 0xFF, 0x3C,
  0xFF, 0x03, 0xFC, 0xF3, 0xFC, 0x0F, 0xF3, 0xCF, 0xF0, 0x3F, 0xCF, 0x3F,
  0xC0, 0xFF, 0x3C, 0xFF, 0x03, 0xFC, 0xF3, 0xFC, 0x0F, 0xF3, 0xCF, 0xF0,
  0x3F, 0xCF, 0x3C, 0x00, 0x00, 0x00, 0x00, 0x00, 0x00, 0x00, 0x00, 0x00,
  0x00, 0x00, 0x00, 0x00, 0x00, 0x00, 0x00, 0x00, 0x00, 0x00, 0x00, 0x00,
  0x00, 0x00, 0x00, 0x00, 0x00, 0x00, 0x78, 0x78, 0x00, 0x03, 0xF3, 0xF0,
  0x00, 0x0F, 0xCF, 0xC0, 0x00, 0x3F, 0x3F, 0x00, 0x00, 0xFF, 0xFC, 0x00,
  0x03, 0xFF, 0xF0, 0x00, 0x0F, 0xFF, 0xC0, 0x00, 0x3F, 0xFF, 0x00, 0x00,
  0xFF, 0xFC, 0x00, 0x03, 0xFF, 0xF0, 0x00, 0x0F, 0x7B, 0xC0, 0x00, 0x3D,
  0xEF, 0x00, 0x00, 0xF7, 0xBC, 0x00, 0x03, 0xCC, 0xF0, 0x00, 0x0F, 0x03,
  0xC0, 0x00, 0x3C, 0x0F, 0x00, 0x00, 0xF0, 0x3C, 0x00, 0x03, 0xC0, 0xF0,
  0x00, 0x0F, 0x03, 0xC0, 0x00, 0x1C, 0x06, 0x00, 0xFF, 0x3C, 0x0F, 0x3F,
  0xFC, 0xF0, 0x3C, 0xFF, 0xF3, 0xC0, 0xF3, 0xFF, 0xCF, 0x03, 0xCF, 0xFF,
  0x3C, 0x0F, 0x3F, 0xFC, 0xF0, 0x3C, 0xFF, 0xF3, 0xC0, 0xF3, 0xFF, 0xCF,
  0x03, 0xCF, 0xFF, 0x3C, 0x0F, 0x3F, 0xFC, 0xF0, 0x3C, 0xFF, 0xF3, 0xC0,
  0xF3, 0xFF, 0xCF, 0x03, 0xCF, 0xFF, 0x3C, 0x0F, 0x3F, 0xFC, 0xF0, 0x3C,
  0xFF, 0xF3, 0xC0, 0xF3, 0xFF, 0xCF, 0x03, 0xCF, 0xFF, 0x3C, 0x0F, 0x3F,
  0xFC, 0xF0, 0x3C, 0xFF, 0xF3, 0xC0, 0xF3, 0xFF, 0xCF, 0x03, 0xCF, 0xFF,
  0x3C, 0x0F, 0x3F, 0xFC, 0xF0, 0x3C, 0xFF, 0xF3, 0xC0, 0xF3, 0xFF, 0xCF,
  0x03, 0xCF, 0xFF, 0x3C, 0x0F, 0x3F, 0xFC, 0xF0, 0x3C, 0xFF, 0xF3, 0xC0,
  0xF3, 0xFF, 0xCF, 0x03, 0xCF, 0xFF, 0x3C, 0x0F, 0x3F, 0xFC, 0xF0, 0x3C,
  0xFF, 0xF3, 0xC0, 0xF3, 0xFF, 0xCF, 0x03, 0xCF, 0xFF, 0x3C, 0x0F, 0x3F,
  0xFC, 0xF0, 0x3C, 0xFF, 0xF3, 0xC0, 0xF3, 0xFF, 0xCF, 0x03, 0xCF, 0xFF,
  0x3C, 0x0F, 0x3F, 0xFC, 0xF0, 0x3C, 0xFF, 0xF3, 0xC0, 0xF3, 0xFF, 0xCF,
  0x03, 0xCF, 0xFF, 0x3C, 0x0F, 0x3F, 0xFC, 0xF0, 0x3C, 0xFF, 0xF3, 0xC0,
  0xF3, 0xFF, 0xCF, 0x03, 0xCF, 0xFF, 0x3C, 0x0F, 0x3F, 0xFC, 0xF0, 0x3C,
  0xFF, 0xF3, 0xC0, 0xF3, 0xFF, 0xCF, 0x03, 0xCF, 0xFF, 0x3C, 0x0F, 0x3F,
  0xFC, 0xF0, 0x3C, 0xFF, 0xF3, 0xC0, 0xF3, 0xFF, 0xCF, 0x03, 0xCF, 0xFF,
  0x3C, 0x0F, 0x3C, 0x00, 0x00, 0x00, 0x00, 0x00, 0x00, 0x00, 0x00, 0x00,
  0x00, 0x00, 0x00, 0x00, 0x00, 0x00, 0x00, 0x00, 0x00, 0x00, 0x00, 0x00,
  0x00, 0x00, 0x00, 0x00, 0x00, 0x00, 0x60, 0x18, 0x00, 0x03, 0xC0, 0xF0,
  0x00, 0x0F, 0x03, 0xC0, 0x00, 0x3E, 0x0F, 0x00, 0x00, 0xF8, 0x3C, 0x00,
  0x03, 0xF0, 0xF0, 0x00, 0x0F, 0xE3, 0xC0, 0x00, 0x3F, 0x8F, 0x00, 0x00,
  0xFF, 0x7C, 0x00, 0x03, 0xDD, 0xF0, 0x00, 0x0F, 0x7F, 0xC0, 0x00, 0x3C,
  0xFF, 0x00, 0x00, 0xF3, 0xFC, 0x00, 0x03, 0xC7, 0xF0, 0x00, 0x0F, 0x1F,
  0xC0, 0x00, 0x3C, 0x3F, 0x00, 0x00, 0xF0, 0xFC, 0x00, 0x03, 0xC1, 0xF0,
  0x00, 0x0F, 0x07, 0xC0, 0x00, 0x3C, 0x0E, 0x00, 0xF3, 0xCE, 0x03, 0xFF,
  0xCF, 0x3C, 0x0F, 0xFF, 0x3C, 0xF0, 0x3F, 0xFC, 0xF3, 0xC0, 0xFF, 0xF3,
  0xCF, 0x03, 0xFF, 0xCF, 0x3C, 0x0F, 0xFF, 0x3C, 0xF0, 0x3F, 0xFC, 0xF3,
  0xC0, 0xFF, 0xF3, 0xCF, 0x03, 0xFF, 0xCF, 0x3C, 0x0F, 0xFF, 0x3C, 0xF0,
  0x3F, 0xFC, 0xF3, 0xC0, 0xFF, 0xF3, 0xCF, 0x03, 0xFF, 0xCF, 0x3C, 0x0F,
  0xFF, 0x3C, 0xF0, 0x3F, 0xFC, 0xF3, 0xC0, 0xFF, 0xF3, 0xCF, 0x03, 0xFF,
  0xCF, 0x3C, 0x0F, 0xFF, 0x3C, 0xF0, 0x3F, 0xFC, 0xF3, 0xC0, 0xFF, 0xF3,
  0xCF, 0x03, 0xFF, 0xCF, 0x3C, 0x0F, 0xFF, 0x3C, 0xF0, 0x3F, 0xFC, 0xF3,
  0xC0, 0xFF, 0xF3, 0xCF, 0x03, 0xFF, 0xCF, 0x3C, 0x0F, 0xFF, 0x3C, 0xF0,
  0x3F, 0xFC, 0xF3, 0xC0, 0xFF, 0xF3, 0xCF, 0x03, 0xFF, 0xCF, 0x3C, 0x0F,
  0xFF, 0x3C, 0xF0, 0x3F, 0xFC, 0xF3, 0xC0, 0xFF, 0xF3, 0xCF, 0x03, 0xFF,
  0xCF, 0x3C, 0x0F, 0xFF, 0x3C, 0xF0, 0x3F, 0xFC, 0xF3, 0xC0, 0xFF, 0xF3,
  0xCF, 0x03, 0xFF, 0xCF, 0x3C, 0x0F, 0xFF, 0x3C, 0xF0, 0x3F, 0xFC, 0xF3,
  0xC0, 0xFF, 0xF3, 0xCF, 0x03, 0xFF, 0xCF, 0x3C, 0x0F, 0xFF, 0x3C, 0xF0,
  0x3F, 0xFC, 0xF3, 0xC0, 0xFF, 0xF3, 0xCF, 0x03, 0xFF, 0xCF, 0x3C, 0x0F,
  0xFF, 0x3C, 0xF0, 0x3F, 0xFC, 0xF3, 0xC0, 0xFF, 0xF3, 0xCF, 0x03, 0xFF,
  0xCF, 0x3C, 0x0F, 0xFF, 0x3C, 0xF0, 0x3F, 0xFC, 0xF3, 0xC0, 0xFF, 0xF3,
  0xCF, 0x03, 0xFC, 0x00, 0x00, 0x00, 0x00, 0x00, 0x00, 0x00, 0x00, 0x00,
  0x00, 0x00, 0x00, 0x00, 0x00, 0x00, 0x00, 0x00, 0x00, 0x00, 0x00, 0x00,
  0x00, 0x00, 0x01, 0xE0, 0x00, 0x00, 0x1F, 0xE0, 0x00, 0x00, 0xFF, 0xC0,
  0x00, 0x03, 0xFF, 0x00, 0x00, 0x1F, 0x3E, 0x00, 0x00, 0x78, 0x78, 0x00,
  0x03, 0xE1, 0xE0, 0x00, 0x0F, 0x03, 0xC0, 0x00, 0x3C, 0x0F, 0x00, 0x00,
  0xF0, 0x3C, 0x00, 0x03, 0xC0, 0xF0, 0x00, 0x0F, 0x03, 0xC0, 0x00, 0x3C,
  0x0F, 0x00, 0x00, 0xF0, 0x3C, 0x00, 0x03, 0xE1, 0xE0, 0x00, 0x07, 0x87,
  0x80, 0x00, 0x1F, 0x3E, 0x00, 0x00, 0x3F, 0xF0, 0x00, 0x00, 0xFF, 0x80,
  0x00, 0x01, 0xFE, 0x00, 0x00, 0x01, 0xE0, 0x00, 0xF3, 0xFC, 0x0F, 0x03,
  0xFC, 0xFF, 0x03, 0xC0, 0xFF, 0x3F, 0xC0, 0xF0, 0x3F, 0xCF, 0xF0, 0x3C,
  0x0F, 0xF3, 0xFC, 0x0F, 0x03, 0xFC, 0xFF, 0x03, 0xC0, 0xFF, 0x3F, 0xC0,
  0xF0, 0x3F, 0xCF, 0xF0, 0x3C, 0x0F, 0xF3, 0xFC, 0x0F, 0x03, 0xFC, 0xFF,
  0x03, 0xC0, 0xFF, 0x3F, 0xC0, 0xF0, 0x3F, 0xCF, 0xF0, 0x3C, 0x0F, 0xF3,
  0xFC, 0x0F, 0x03, 0xFC, 0xFF, 0x03, 0xC0, 0xFF, 0x3F, 0xC0, 0xF0, 0x3F,
  0xCF, 0xF0, 0x3C, 0x0F, 0xF3, 0xFC, 0x0F, 0x03, 0xFC, 0xFF, 0x03, 0xC0,
  0xFF, 0x3F, 0xC0, 0xF0, 0x3F, 0xCF, 0xF0, 0x3C, 0x0F, 0xF3, 0xFC, 0x0F,
  0x03, 0xFC, 0xFF, 0x03, 0xC0, 0xFF, 0x3F, 0xC0, 0xF0, 0x3F, 0xCF, 0xF0,
  0x3C, 0x0F, 0xF3, 0xFC, 0x0F, 0x03, 0xFC, 0xFF, 0x03, 0xC0, 0xFF, 0x3F,
  0xC0, 0xF0, 0x3F, 0xCF, 0xF0, 0x3C, 0x0F, 0xF3, 0xFC, 0x0F, 0x03, 0xFC,
  0xFF, 0x03, 0xC0, 0xFF, 0x3F, 0xC0, 0xF0, 0x3F, 0xCF, 0xF0, 0x3C, 0x0F,
  0xF3, 0xFC, 0x0F, 0x03, 0xFC, 0xFF, 0x03, 0xC0, 0xFF, 0x3F, 0xC0, 0xF0,
  0x3F, 0xCF, 0xF0, 0x3C, 0x0F, 0xF3, 0xFC, 0x0F, 0x03, 0xFC, 0xFF, 0x03,
  0xC0, 0xFF, 0x3F, 0xC0, 0xF0, 0x3F, 0xCF, 0xF0, 0x3C, 0x0F, 0xF3, 0xFC,
  0x0F, 0x03, 0xFC, 0xFF, 0x03, 0xC0, 0xFF, 0x3F, 0xC0, 0xF0, 0x3F, 0xCF,
  0xF0, 0x3C, 0x0F, 0xF3, 0xFC, 0x0F, 0x03, 0xFC, 0xFF, 0x03, 0xC0, 0xFF,
  0x3F, 0xC0, 0xF0, 0x3F, 0xCF, 0xF0, 0x3C, 0x0F, 0xF3, 0xFC, 0x0F, 0x03,
  0xFC, 0xFF, 0x03, 0xC0, 0xFF, 0x3F, 0xC0, 0xF0, 0x3F, 0xCF, 0xF0, 0x3C,
  0x0F, 0xF3, 0xFC, 0x0E, 0x03, 0xC0, 0x00, 0x00, 0x00, 0x00, 0x00, 0x00,
  0x00, 0x00, 0x00, 0x00, 0x00, 0x00, 0x00, 0x00, 0x00, 0x00, 0x00, 0x00,
  0x00, 0x00, 0x00, 0x00, 0x00, 0x00, 0x00, 0x00, 0x00, 0x00, 0x00, 0x00,
  0x1F, 0xF0, 0x00, 0x00, 0x07, 0xFF, 0x00, 0x00, 0x03, 0xFF, 0xE0, 0x00,
  0x00, 0xF7, 0xFC, 0x00, 0x00, 0x3C, 0x1F, 0x00, 0x00, 0x0F, 0x83, 0xC0,
  0x00, 0x03, 0xC0, 0xF0, 0x00, 0x00, 0xF0, 0x7C, 0x00, 0x00, 0x3F, 0xFF,
  0x00, 0x00, 0x0F, 0xFF, 0x80, 0x00, 0x01, 0xFF, 0xC0, 0x00, 0x00, 0x7F,
  0xC0, 0x00, 0x00, 0x1C, 0x00, 0x00, 0x00, 0x07, 0x80, 0x00, 0x00, 0x01,
  0xE0, 0x00, 0x00, 0x00, 0x78, 0x00, 0x00, 0x00, 0x1E, 0x00, 0x00, 0x00,
  0x07, 0x80, 0x00, 0x00, 0x01, 0xE0, 0x00, 0x00, 0x00, 0x70, 0x00, 0x00,
  0xF0, 0x3C, 0x0F, 0x3F, 0xFC, 0x0F, 0x03, 0xCF, 0xFF, 0x03, 0xC0, 0xF3,
  0xFF, 0xC0, 0xF0, 0x3C, 0xFF, 0xF0, 0x3C, 0x0F, 0x3F, 0xFC, 0x0F, 0x03,
  0xCF, 0xFF, 0x03, 0xC0, 0xF3, 0xFF, 0xC0, 0xF0, 0x3C, 0xFF, 0xF0, 0x3C,
  0x0F, 0x3F, 0xFC, 0x0F, 0x03, 0xCF, 0xFF, 0x03, 0xC0, 0xF3, 0xFF, 0xC0,
  0xF0, 0x3C, 0xFF, 0xF0, 0x3C, 0x0F, 0x3F, 0xFC, 0x0F, 0x03, 0xCF, 0xFF,
  0x03, 0xC0, 0xF3, 0xFF, 0xC0, 0xF0, 0x3C, 0xFF, 0xF0, 0x3C, 0x0F, 0x3F,
  0xFC, 0x0F, 0x03, 0xCF, 0xFF, 0x03, 0xC0, 0xF3, 0xFF, 0xC0, 0xF0, 0x3C,
  0xFF, 0xF0, 0x3C, 0x0F, 0x3F, 0xFC, 0x0F, 0x03, 0xCF, 0xFF, 0x03, 0xC0,
  0xF3, 0xFF, 0xC0, 0xF0, 0x3C, 0xFF, 0xF0, 0x3C, 0x0F, 0x3F, 0xFC, 0x0F,
  0x03, 0xCF, 0xFF, 0x03, 0xC0, 0xF3, 0xFF, 0xC0, 0xF0, 0x3C, 0xFF, 0xF0,
  0x3C, 0x0F, 0x3F, 0xFC, 0x0F, 0x03, 0xCF, 0xFF, 0x03, 0xC0, 0xF3, 0xFF,
  0xC0, 0xF0, 0x3C, 0xFF, 0xF0, 0x3C, 0x0F, 0x3F, 0xFC, 0x0F, 0x03, 0xCF,
  0xFF, 0x03, 0xC0, 0xF3, 0xFF, 0xC0, 0xF0, 0x3C, 0xFF, 0xF0, 0x3C, 0x0F,
  0x3F, 0xFC, 0x0F, 0x03, 0xCF, 0xFF, 0x03, 0xC0, 0xF3, 0xFF, 0xC0, 0xF0,
  0x3C, 0xFF, 0xF0, 0x3C, 0x0F, 0x3F, 0xFC, 0x0F, 0x03, 0xCF, 0xFF, 0x03,
  0xC0, 0xF3, 0xFF, 0xC0, 0xF0, 0x3C, 0xFF, 0xF0, 0x3C, 0x0F, 0x3F, 0xFC,
  0x0F, 0x03, 0xCF, 0xFF, 0x03, 0xC0, 0xF3, 0xFF, 0xC0, 0xF0, 0x3C, 0xFF,
  0xF0, 0x3C, 0x0F, 0x3F, 0xFC, 0x0F, 0x03, 0xCF, 0xFF, 0x03, 0xC0, 0xF3,
  0xFF, 0xC0, 0xF0, 0x3C, 0xFF, 0xF0, 0x3C, 0x0F, 0x3F, 0xC0, 0x00, 0x00,
  0x00, 0x00, 0x00, 0x00, 0x00, 0x00, 0x00, 0x00, 0x00, 0x00, 0x00, 0x00,
  0x00, 0x00, 0x00, 0x00, 0x00, 0x00, 0x00, 0x00, 0x00, 0x00, 0x00, 0x00,
  0x0F, 0x80, 0x00, 0x00, 0x07, 0xF8, 0x00, 0x00, 0x03, 0xFF, 0x00, 0x00,
  0x01, 0xFF, 0xE0, 0x00, 0x00, 0x7C, 0xF8, 0x00, 0x00, 0x1E, 0x1E, 0x00,
  0x00, 0x0F, 0x87, 0xC0, 0x00, 0x03, 0xC0, 0xF0, 0x00, 0x00, 0xF0, 0x3C,
  0x00, 0x00, 0x3C, 0x0F, 0x00, 0x00, 0x0F, 0x3B, 0xC0, 0x00, 0x03, 0xCE,
  0xF0, 0x00, 0x00, 0xF3, 0xFC, 0x00, 0x00, 0x3E, 0xFF, 0x00, 0x00, 0x07,
  0x9F, 0x80, 0x00, 0x01, 0xF3, 0xE0, 0x00, 0x00, 0x3F, 0xF8, 0x00, 0x00,
  0x0F, 0xFF, 0x00, 0x00, 0x01, 0xFF, 0xC0, 0x00, 0x00, 0x3E, 0xF0, 0x00,
  0x00, 0x00, 0x1C, 0x00, 0xF3, 0xC1, 0xE0, 0x3F, 0xFC, 0xF0, 0x78, 0x0F,
  0xFF, 0x3C, 0x1E, 0x03, 0xFF, 0xCF, 0x07, 0x80, 0xFF, 0xF3, 0xC1, 0xE0,
  0x3F, 0xFC, 0xF0, 0x78, 0x0F, 0xFF, 0x3C, 0x1E, 0x03, 0xFF, 0xCF, 0x07,
  0x80, 0xFF, 0xF3, 0xC1, 0xE0, 0x3F, 0xFC, 0xF0, 0x78, 0x0F, 0xFF, 0x3C,
  0x1E, 0x03, 0xFF, 0xCF, 0x07, 0x80, 0xFF, 0xF3, 0xC1, 0xE0, 0x3F, 0xFC,
  0xF0, 0x78, 0x0F, 0xFF, 0x3C, 0x1E, 0x03, 0xFF, 0xCF, 0x07, 0x80, 0xFF,
  0xF3, 0xC1, 0xE0, 0x3F, 0xFC, 0xF0, 0x78, 0x0F, 0xFF, 0x3C, 0x1E, 0x03,
  0xFF, 0xCF, 0x07, 0x80, 0xFF, 0xF3, 0xC1, 0xE0, 0x3F, 0xFC, 0xF0, 0x78,
  0x0F, 0xFF, 0x3C, 0x1E, 0x03, 0xFF, 0xCF, 0x07, 0x80, 0xFF, 0xF3, 0xC1,
  0xE0, 0x3F, 0xFC, 0xF0, 0x78, 0x0F, 0xFF, 0x3C, 0x1E, 0x03, 0xFF, 0xCF,
  0x07, 0x80, 0xFF, 0xF3, 0xC1, 0xE0, 0x3F, 0xFC, 0xF0, 0x78, 0x0F, 0xFF,
  0x3C, 0x1E, 0x03, 0xFF, 0xCF, 0x07, 0x80, 0xFF, 0xF3, 0xC1, 0xE0, 0x3F,
  0xFC, 0xF0, 0x78, 0x0F, 0xFF, 0x3C, 0x1E, 0x03, 0xFF, 0xCF, 0x07, 0x80,
  0xFF, 0xF3, 0xC1, 0xE0, 0x3F, 0xFC, 0xF0, 0x78, 0x0F, 0xFF, 0x3C, 0x1E,
  0x03, 0xFF, 0xCF, 0x07, 0x80, 0xFF, 0xF3, 0xC1, 0xE0, 0x3F, 0xFC, 0xF0,
  0x78, 0x0F, 0xFF, 0x3C, 0x1E, 0x03, 0xFF, 0xCF, 0x07, 0x80, 0xFF, 0xF3,
  0xC1, 0xE0, 0x3F, 0xFC, 0xF0, 0x78, 0x0F, 0xFF, 0x3C, 0x1E, 0x03, 0xFF,
  0xCF, 0x07, 0x80, 0xFF, 0xF3, 0xC1, 0xE0, 0x3F, 0xFC, 0xF0, 0x78, 0x0F,
  0xFF, 0x3C, 0x1E, 0x03, 0xFF, 0xCF, 0x07, 0x80, 0xFF, 0xF3, 0xC1, 0xE0,
  0x3F, 0xC0, 0x00, 0x00, 0x00, 0x00, 0x00, 0x00, 0x00, 0x00, 0x00, 0x00,
  0x00, 0x00, 0x00, 0x00, 0x00, 0x00, 0x00, 0x00, 0x00, 0x00, 0x00, 0x00,
  0x00, 0x00, 0x00, 0x00, 0x00, 0x00, 0x00, 0x00, 0x0F, 0xE0, 0x00, 0x00,
  0x07, 0xFE, 0x00, 0x00, 0x01, 0xFF, 0xC0, 0x00, 0x00, 0x7F, 0xF8, 0x00,
  0x00, 0x1E, 0x1E, 0x00, 0x00, 0x07, 0x83, 0x80, 0x00, 0x01, 0xE1, 0xE0,
  0x00, 0x00, 0x79, 0xF8, 0x00, 0x00, 0x1F, 0xFE, 0x00, 0x00, 0x07, 0xFF,
  0x00, 0x00, 0x01, 0xFF, 0x80, 0x00, 0x00, 0x7B, 0xC0, 0x00, 0x00, 0x1E,
  0x78, 0x00, 0x00, 0x07, 0x9E, 0x00, 0x00, 0x01, 0xE3, 0xC0, 0x00, 0x00,
  0x78, 0xF0, 0x00, 0x00, 0x1E, 0x3E, 0x00, 0x00, 0x07, 0x87, 0x80, 0x00,
  0x01, 0xE1, 0xE0, 0x00, 0x00, 0x30, 0x38, 0x00, 0xF3, 0xC0, 0xFF, 0x03,
  0xFC, 0xF0, 0x3F, 0xC0, 0xFF, 0x3C, 0x0F, 0xF0, 0x3F, 0xCF, 0x03, 0xFC,
  0x0F, 0xF3, 0xC0, 0xFF, 0x03, 0xFC, 0xF0, 0x3F, 0xC0, 0xFF, 0x3C, 0x0F,
  0xF0, 0x3F, 0xCF, 0x03, 0xFC, 0x0F, 0xF3, 0xC0, 0xFF, 0x03, 0xFC, 0xF0,
  0x3F, 0xC0, 0xFF, 0x3C, 0x0F, 0xF0, 0x3F, 0xCF, 0x03, 0xFC, 0x0F, 0xF3,
  0xC0, 0xFF, 0x03, 0xFC, 0xF0, 0x3F, 0xC0, 0xFF, 0x3C, 0x0F, 0xF0, 0x3F,
  0xCF, 0x03, 0xFC, 0x0F, 0xF3, 0xC0, 0xFF, 0x03, 0xFC, 0xF0, 0x3F, 0xC0,
  0xFF, 0x3C, 0x0F, 0xF0, 0x3F, 0xCF, 0x03, 0xFC, 0x0F, 0xF3, 0xC0, 0xFF,
  0x03, 0xFC, 0xF0, 0x3F, 0xC0, 0xFF, 0x3C, 0x0F, 0xF0, 0x3F, 0xCF, 0x03,
  0xFC, 0x0F, 0xF3, 0xC0, 0xFF, 0x03, 0xFC, 0xF0, 0x3F, 0xC0, 0xFF, 0x3C,
  0x0F, 0xF0, 0x3F, 0xCF, 0x03, 0xFC, 0x0F, 0xF3, 0xC0, 0xFF, 0x03, 0xFC,
  0xF0, 0x3F, 0xC0, 0xFF, 0x3C, 0x0F, 0xF0, 0x3F, 0xCF, 0x03, 0xFC, 0x0F,
  0xF3, 0xC0, 0xFF, 0x03, 0xFC, 0xF0, 0x3F, 0xC0, 0xFF, 0x3C, 0x0F, 0xF0,
  0x3F, 0xCF, 0x03, 0xFC, 0x0F, 0xF3, 0xC0, 0xFF, 0x03, 0xFC, 0xF0, 0x3F,
  0xC0, 0xFF, 0x3C, 0x0F, 0xF0, 0x3F, 0xCF, 0x03, 0xFC, 0x0F, 0xF3, 0xC0,
  0xFF, 0x03, 0xFC, 0xF0, 0x3F, 0xC0, 0xFF, 0x3C, 0x0F, 0xF0, 0x3F, 0xCF,
  0x03, 0xFC, 0x0F, 0xF3, 0xC0, 0xFF, 0x03, 0xFC, 0xF0, 0x3F, 0xC0, 0xFF,
  0x3C, 0x0F, 0xF0, 0x3F, 0xCF, 0x03, 0xFC, 0x0F, 0xF3, 0xC0, 0xFF, 0x03,
  0xFC, 0xF0, 0x3F, 0xC0, 0xFF, 0x3C, 0x0F, 0xF0, 0x3F, 0xCF, 0x03, 0xFC,
  0x0F, 0xF3, 0x80, 0xFF, 0x03, 0xC0, 0x00, 0x00, 0x00, 0x00, 0x00, 0x00,
  0x00, 0x00, 0x00, 0x00, 0x00, 0x00, 0x00, 0x00, 0x00, 0x00, 0x00, 0x00,
  0x00, 0x00, 0x00, 0x00, 0x00, 0x00, 0x00, 0x00, 0x07, 0x80, 0x00, 0x00,
  0x07, 0xF8, 0x00, 0x00, 0x03, 0xFF, 0x00, 0x00, 0x01, 0xFF, 0xE0, 0x00,
  0x00, 0x78, 0x78, 0x00, 0x00, 0x1E, 0x1E, 0x00, 0x00, 0x07, 0x83, 0x00,
  0x00, 0x01, 0xF0, 0x00, 0x00, 0x00, 0x3F, 0x00, 0x00, 0x00, 0x07, 0xF0,
  0x00, 0x00, 0x00, 0xFE, 0x00, 0x00, 0x00, 0x1F, 0xC0, 0x00, 0x00, 0x01,
  0xF8, 0x00, 0x00, 0x00, 0x3E, 0x00, 0x00, 0x0E, 0x07, 0x80, 0x00, 0x03,
  0xC1, 0xE0, 0x00, 0x00, 0xF8, 0xF8, 0x00, 0x00, 0x3F, 0xFC, 0x00, 0x00,
  0x07, 0xFF, 0x00, 0x00, 0x00, 0xFF, 0x80, 0x00, 0x00, 0x1F, 0x80, 0x00,
  0xF3, 0xC0, 0xFF, 0x03, 0xFC, 0xF0, 0x3F, 0xC0, 0xFF, 0x3C, 0x0F, 0xF0,
  0x3F, 0xCF, 0x03, 0xFC, 0x0F, 0xF3, 0xC0, 0xFF, 0x03, 0xFC, 0xF0, 0x3F,
  0xC0, 0xFF, 0x3C, 0x0F, 0xF0, 0x3F, 0xCF, 0x03, 0xFC, 0x0F, 0xF3, 0xC0,
  0xFF, 0x03, 0xFC, 0xF0, 0x3F, 0xC0, 0xFF, 0x3C, 0x0F, 0xF0, 0x3F, 0xCF,
  0x03, 0xFC, 0x0F, 0xF3, 0xC0, 0xFF, 0x03, 0xFC, 0xF0, 0x3F, 0xC0, 0xFF,
  0x3C, 0x0F, 0xF0, 0x3F, 0xCF, 0x03, 0xFC, 0x0F, 0xF3, 0xC0, 0xFF, 0x03,
  0xFC, 0xF0, 0x3F, 0xC0, 0xFF, 0x3C, 0x0F, 0xF0, 0x3F, 0xCF, 0x03, 0xFC,
  0x0F, 0xF3, 0xC0, 0xFF, 0x03, 0xFC, 0xF0, 0x3F, 0xC0, 0xFF, 0x3C, 0x0F,
  0xF0, 0x3F, 0xCF, 0x03, 0xFC, 0x0F, 0xF3, 0xC0, 0xFF, 0x03, 0xFC, 0xF0,
  0x3F, 0xC0, 0xFF, 0x3C, 0x0F, 0xF0, 0x3F, 0xCF, 0x03, 0xFC, 0x0F, 0xF3,
  0xC0, 0xFF, 0x03, 0xFC, 0xF0, 0x3F, 0xC0, 0xFF, 0x3C, 0x0F, 0xF0, 0x3F,
  0xCF, 0x03, 0xFC, 0x0F, 0xF3, 0xC0, 0xFF, 0x03, 0xFC, 0xF0, 0x3F, 0xC0,
  0xFF, 0x3C, 0x0F, 0xF0, 0x3F, 0xCF, 0x03, 0xFC, 0x0F, 0xF3, 0xC0, 0xFF,
  0x03, 0xFC, 0xF0, 0x3F, 0xC0, 0xFF, 0x3C, 0x0F, 0xF0, 0x3F, 0xCF, 0x03,
  0xFC, 0x0F, 0xF3, 0xC0, 0xFF, 0x03, 0xFC, 0xF0, 0x3F, 0xC0, 0xFF, 0x3C,
  0x0F, 0xF0, 0x3F, 0xCF, 0x03, 0xFC, 0x0F, 0xF3, 0xC0, 0xFF, 0x03, 0xFC,
  0xF0, 0x3F, 0xC0, 0xFF, 0x3C, 0x0F, 0xF0, 0x3F, 0xCF, 0x03, 0xFC, 0x0F,
  0xF3, 0xC0, 0xFF, 0x03, 0xFC, 0xF0, 0x3F, 0xC0, 0xFF, 0x3C, 0x0F, 0xF0,
  0x3F, 0xCF, 0x03, 0xFC, 0x0F, 0xF3, 0xC0, 0xFF, 0x03, 0xC0, 0x00, 0x00,
  0x00, 0x00, 0x00, 0x00, 0x00, 0x00, 0x00, 0x00, 0x00, 0x00, 0x00, 0x00,
  0x00, 0x00, 0x00, 0x00, 0x00, 0x00, 0x00, 0x00, 0x00, 0x00, 0x00, 0x00,
  0x00, 0x00, 0x00, 0x00, 0x1F, 0xFF, 0x00, 0x00, 0x0F, 0xFF, 0xC0, 0x00,
  0x03, 0xFF, 0xF0, 0x00, 0x00, 0x7F, 0xFC, 0x00, 0x00, 0x01, 0xE0, 0x00,
  0x00, 0x00, 0x78, 0x00, 0x00, 0x00, 0x1E, 0x00, 0x00, 0x00, 0x07, 0x80,
  0x00, 0x00, 0x01, 0xE0, 0x00, 0x00, 0x00, 0x78, 0x00, 0x00, 0x00, 0x1E,
  0x00, 0x00, 0x00, 0x07, 0x80, 0x00, 0x00, 0x01, 0xE0, 0x00, 0x00, 0x00,
  0x78, 0x00, 0x00, 0x00, 0x1E, 0x00, 0x00, 0x00, 0x07, 0x80, 0x00, 0x00,
  0x01, 0xE0, 0x00, 0x00, 0x00, 0x78, 0x00, 0x00, 0x00, 0x1E, 0x00, 0x00,
  0x00, 0x03, 0x00, 0x00, 0xF3, 0xCF, 0xF0, 0x3F, 0xCF, 0x3F, 0xC0, 0xFF,
  0x3C, 0xFF, 0x03, 0xFC, 0xF3, 0xFC, 0x0F, 0xF3, 0xCF, 0xF0, 0x3F, 0xCF,
  0x3F, 0xC0, 0xFF, 0x3C, 0xFF, 0x03, 0xFC, 0xF3, 0xFC, 0x0F, 0xF3, 0xCF,
  0xF0, 0x3F, 0xCF, 0x3F, 0xC0, 0xFF, 0x3C, 0xFF, 0x03, 0xFC, 0xF3, 0xFC,
  0x0F, 0xF3, 0xCF, 0xF0, 0x3F, 0xCF, 0x3F, 0xC0, 0xFF, 0x3C, 0xFF, 0x03,
  0xFC, 0xF3, 0xFC, 0x0F, 0xF3, 0xCF, 0xF0, 0x3F, 0xCF, 0x3F, 0xC0, 0xFF,
  0x3C, 0xFF, 0x03, 0xFC, 0xF3, 0xFC, 0x0F, 0xF3, 0xCF, 0xF0, 0x3F, 0xCF,
  0x3F, 0xC0, 0xFF, 0x3C, 0xFF, 0x03, 0xFC, 0xF3, 0xFC, 0x0F, 0xF3, 0xCF,
  0xF0, 0x3F, 0xCF, 0x3F, 0xC0, 0xFF, 0x3C, 0xFF, 0x03, 0xFC, 0xF3, 0xFC,
  0x0F, 0xF3, 0xCF, 0xF0, 0x3F, 0xCF, 0x3F, 0xC0, 0xFF, 0x3C, 0xFF, 0x03,
  0xFC, 0xF3, 0xFC, 0x0F, 0xF3, 0xCF, 0xF0, 0x3F, 0xCF, 0x3F, 0xC0, 0xFF,
  0x3C, 0xFF, 0x03, 0xFC, 0xF3, 0xFC, 0x0F, 0xF3, 0xCF, 0xF0, 0x3F, 0xCF,
  0x3F, 0xC0, 0xFF, 0x3C, 0xFF, 0x03, 0xFC, 0xF3, 0xFC, 0x0F, 0xF3, 0xCF,
  0xF0, 0x3F, 0xCF, 0x3F, 0xC0, 0xFF, 0x3C, 0xFF, 0x03, 0xFC, 0xF3, 0xFC,
  0x0F, 0xF3, 0xCF, 0xF0, 0x3F, 0xCF, 0x3F, 0xC0, 0xFF, 0x3C, 0xFF, 0x03,
  0xFC, 0xF3, 0xFC, 0x0F, 0xF3, 0xCF, 0xF0, 0x3F, 0xCF, 0x3F, 0xC0, 0xFF,
  0x3C, 0xFF, 0x03, 0xFC, 0xF3, 0xFC, 0x0F, 0xF3, 0xC7, 0xF0, 0x3C, 0x00,
  0x00, 0x00, 0x00, 0x00, 0x00, 0x00, 0x00, 0x00, 0x00, 0x00, 0x00, 0x00,
  0x00, 0x00, 0x00, 0x00, 0x00, 0x00, 0x00, 0x00, 0x00, 0x00, 0x00, 0x00,
  0x00, 0x00, 0x60, 0x1C, 0x00, 0x03, 0xC0, 0xF0, 0x00, 0x0F, 0x03, 0xC0,
  0x00, 0x3C, 0x0F, 0x00, 0x00, 0xF0, 0x3C, 0x00, 0x03, 0xC0, 0xF0, 0x00,
  0x0F, 0x03, 0xC0, 0x00, 0x3C, 0x0F, 0x00, 0x00, 0xF0, 0x3C, 0x00, 0x03,
  0xC0, 0xF0, 0x00, 0x0F, 0x03, 0xC0, 0x00, 0x3C, 0x0F, 0x00, 0x00, 0xF0,
  0x3C, 0x00, 0x03, 0xC0, 0xF0, 0x00, 0x0F, 0x03, 0xC0, 0x00, 0x3E, 0x1F,
  0x00, 0x00, 0x7F, 0xF8, 0x00, 0x01, 0xFF, 0xE0, 0x00, 0x03, 0xFF, 0x00,
  0x00, 0x03, 0xF0, 0x00, 0xE3, 0xC0, 0xF3, 0xFF, 0xCF, 0x03, 0xCF, 0xFF,
  0x3C, 0x0F, 0x3F, 0xFC, 0xF0, 0x3C, 0xFF, 0xF3, 0xC0, 0xF3, 0xFF, 0xCF,
  0x03, 0xCF, 0xFF, 0x3C, 0x0F, 0x3F, 0xFC, 0xF0, 0x3C, 0xFF, 0xF3, 0xC0,
  0xF3, 0xFF, 0xCF, 0x03, 0xCF, 0xFF, 0x3C, 0x0F, 0x3F, 0xFC, 0xF0, 0x3C,
  0xFF, 0xF3, 0xC0, 0xF3, 0xFF, 0xCF, 0x03, 0xCF, 0xFF, 0x3C, 0x0F, 0x3F,
  0xFC, 0xF0, 0x3C, 0xFF, 0xF3, 0xC0, 0xF3, 0xFF, 0xCF, 0x03, 0xCF, 0xFF,
  0x3C, 0x0F, 0x3F, 0xFC, 0xF0, 0x3C, 0xFF, 0xF3, 0xC0, 0xF3, 0xFF, 0xCF,
  0x03, 0xCF, 0xFF, 0x3C, 0x0F, 0x3F, 0xFC, 0xF0, 0x3C, 0xFF, 0xF3, 0xC0,
  0xF3, 0xFF, 0xCF, 0x03, 0xCF, 0xFF, 0x3C, 0x0F, 0x3F, 0xFC, 0xF0, 0x3C,
  0xFF, 0xF3, 0xC0, 0xF3, 0xFF, 0xCF, 0x03, 0xCF, 0xFF, 0x3C, 0x0F, 0x3F,
  0xFC, 0xF0, 0x3C, 0xFF, 0xF3, 0xC0, 0xF3, 0xFF, 0xCF, 0x03, 0xCF, 0xFF,
  0x3C, 0x0F, 0x3F, 0xFC, 0xF0, 0x3C, 0xFF, 0xF3, 0xC0, 0xF3, 0xFF, 0xCF,
  0x03, 0xCF, 0xFF, 0x3C, 0x0F, 0x3F, 0xFC, 0xF0, 0x3C, 0xFF, 0xF3, 0xC0,
  0xF3, 0xFF, 0xCF, 0x03, 0xCF, 0xFF, 0x3C, 0x0F, 0x3F, 0xFC, 0xF0, 0x3C,
  0xFF, 0xF3, 0xC0, 0xF3, 0xFF, 0xCF, 0x03, 0xCF, 0xFF, 0x3C, 0x0F, 0x3F,
  0xFC, 0xF0, 0x3C, 0xFF, 0xF3, 0xC0, 0xF3, 0xFF, 0xCF, 0x03, 0xCF, 0xFF,
  0x3C, 0x0F, 0x3F, 0xFC, 0xF0, 0x3C, 0xFF, 0xF3, 0xC0, 0xF3, 0xFC, 0x00,
  0x00, 0x00, 0x00, 0x00, 0x00, 0x00, 0x00, 0x00, 0x00, 0x00, 0x00, 0x00,
  0x00, 0x00, 0x00, 0x00, 0x00, 0x00, 0x00, 0x00, 0x00, 0x00, 0x00, 0x00,
  0x00, 0x00, 0xF0, 0x3C, 0x00, 0x03, 0xC0, 0xF0, 0x00, 0x0F, 0x03, 0xC0,
  0x00, 0x3E, 0x0F, 0x00, 0x00, 0x78, 0x78, 0x00, 0x01, 0xE1, 0xE0, 0x00,
  0x07, 0x87, 0x80, 0x00, 0x1F, 0x3E, 0x00, 0x00, 0x3C, 0xF0, 0x00, 0x00,
  0xF3, 0xC0, 0x00, 0x03, 0xCF, 0x00, 0x00, 0x0F, 0xFC, 0x00, 0x00, 0x1F,
  0xE0, 0x00, 0x00, 0x7F, 0x80, 0x00, 0x01, 0xFE, 0x00, 0x00, 0x07, 0xF8,
  0x00, 0x00, 0x0F, 0xC0, 0x00, 0x00, 0x3F, 0x00, 0x00, 0x00, 0xFC, 0x00,
  0x00, 0x01, 0xE0, 0x00, 0xFF, 0x03, 0xCF, 0x1F, 0xFC, 0x0F, 0x3C, 0xFF,
  0xF0, 0x3C, 0xF3, 0xFF, 0xC0, 0xF3, 0xCF, 0xFF, 0x03, 0xCF, 0x3F, 0xFC,
  0x0F, 0x3C, 0xFF, 0xF0, 0x3C, 0xF3, 0xFF, 0xC0, 0xF3, 0xCF, 0xFF, 0x03,
  0xCF, 0x3F, 0xFC, 0x0F, 0x3C, 0xFF, 0xF0, 0x3C, 0xF3, 0xFF, 0xC0, 0xF3,
  0xCF, 0xFF, 0x03, 0xCF, 0x3F, 0xFC, 0x0F, 0x3C, 0xFF, 0xF0, 0x3C, 0xF3,
  0xFF, 0xC0, 0xF3, 0xCF, 0xFF, 0x03, 0xCF, 0x3F, 0xFC, 0x0F, 0x3C, 0xFF,
  0xF0, 0x3C, 0xF3, 0xFF, 0xC0, 0xF3, 0xCF, 0xFF, 0x03, 0xCF, 0x3F, 0xFC,
  0x0F, 0x3C, 0xFF, 0xF0, 0x3C, 0xF3, 0xFF, 0xC0, 0xF3, 0xCF, 0xFF, 0x03,
  0xCF, 0x3F, 0xFC, 0x0F, 0x3C, 0xFF, 0xF0, 0x3C, 0xF3, 0xFF, 0xC0, 0xF3,
  0xCF, 0xFF, 0x03, 0xCF, 0x3F, 0xFC, 0x0F, 0x3C, 0xFF, 0xF0, 0x3C, 0xF3,
  0xFF, 0xC0, 0xF3, 0xCF, 0xFF, 0x03, 0xCF, 0x3F, 0xFC, 0x0F, 0x3C, 0xFF,
  0xF0, 0x3C, 0xF3, 0xFF, 0xC0, 0xF3, 0xCF, 0xFF, 0x03, 0xCF, 0x3F, 0xFC,
  0x0F, 0x3C, 0xFF, 0xF0, 0x3C, 0xF3, 0xFF, 0xC0, 0xF3, 0xCF, 0xFF, 0x03,
  0xCF, 0x3F, 0xFC, 0x0F, 0x3C, 0xFF, 0xF0, 0x3C, 0xF3, 0xFF, 0xC0, 0xF3,
  0xCF, 0xFF, 0x03, 0xCF, 0x3F, 0xFC, 0x0F, 0x3C, 0xFF, 0xF0, 0x3C, 0xF3,
  0xFF, 0xC0, 0xF3, 0xCF, 0xFF, 0x03, 0xCF, 0x3F, 0xFC, 0x0F, 0x3C, 0xFF,
  0xF0, 0x3C, 0xF3, 0xFF, 0xC0, 0xF3, 0xCF, 0xFF, 0x03, 0xCF, 0x3C, 0x00,
  0x00, 0x00, 0x00, 0x00, 0x00, 0x00, 0x00, 0x00, 0x00, 0x00, 0x00, 0x00,
  0x00, 0x00, 0x00, 0x00, 0x00, 0x00, 0x00, 0x00, 0x00, 0x00, 0x00, 0x00,
  0x00, 0x00, 0xF0, 0x3C, 0x00, 0x03, 0xC0, 0xF0, 0x00, 0x0F, 0x03, 0xC0,
  0x00, 0x3C, 0x0F, 0x00, 0x00, 0xF0, 0x3C, 0x00, 0x03, 0xC0, 0xF0, 0x00,
  0x0F, 0x03, 0xC0, 0x00, 0x3C, 0xEF, 0x00, 0x00, 0xF7, 0xBC, 0x00, 0x03,
  0xDE, 0xF0, 0x00, 0x0F, 0xFF, 0xC0, 0x00, 0x3F, 0xFE, 0x00, 0x00, 0xFF,
  0xF8, 0x00, 0x01, 0xFF, 0xE0, 0x00, 0x07, 0xFF, 0x80, 0x00, 0x1F, 0xFE,
  0x00, 0x00, 0x7F, 0xF8, 0x00, 0x01, 0xF7, 0xE0, 0x00, 0x03, 0xCF, 0x00,
  0x00, 0x0E, 0x3C, 0x00, 0xF3, 0xFC, 0xF0, 0x3F, 0xCF, 0xF3, 0xC0, 0xFF,
  0x3F, 0xCF, 0x03, 0xFC, 0xFF, 0x3C, 0x0F, 0xF3, 0xFC, 0xF0, 0x3F, 0xCF,
  0xF3, 0xC0, 0xFF, 0x3F, 0xCF, 0x03, 0xFC, 0xFF, 0x3C, 0x0F, 0xF3, 0xFC,
  0xF0, 0x3F, 0xCF, 0xF3, 0xC0, 0xFF, 0x3F, 0xCF, 0x03, 0xFC, 0xFF, 0x3C,
  0x0F, 0xF3, 0xFC, 0xF0, 0x3F, 0xCF, 0xF3, 0xC0, 0xFF, 0x3F, 0xCF, 0x03,
  0xFC, 0xFF, 0x3C, 0x0F, 0xF3, 0xFC, 0xF0, 0x3F, 0xCF, 0xF3, 0xC0, 0xFF,
  0x3F, 0xCF, 0x03, 0xFC, 0xFF, 0x3C, 0x0F, 0xF3, 0xFC, 0xF0, 0x3F, 0xCF,
  0xF3, 0xC0, 0xFF, 0x3F, 0xCF, 0x03, 0xFC, 0xFF, 0x3C, 0x0F, 0xF3, 0xFC,
  0xF0, 0x3F, 0xCF, 0xF3, 0xC0, 0xFF, 0x3F, 0xCF, 0x03, 0xFC, 0xFF, 0x3C,
  0x0F, 0xF3, 0xFC, 0xF0, 0x3F, 0xCF, 0xF3, 0xC0, 0xFF, 0x3F, 0xCF, 0x03,
  0xFC, 0xFF, 0x3C, 0x0F, 0xF3, 0xFC, 0xF0, 0x3F, 0xCF, 0xF3, 0xC0, 0xFF,
  0x3F, 0xCF, 0x03, 0xFC, 0xFF, 0x3C, 0x0F, 0xF3, 0xFC, 0xF0, 0x3F, 0xCF,
  0xF3, 0xC0, 0xFF, 0x3F, 0xCF, 0x03, 0xFC, 0xFF, 0x3C, 0x0F, 0xF3, 0xFC,
  0xF0, 0x3F, 0xCF, 0xF3, 0xC0, 0xFF, 0x3F, 0xCF, 0x03, 0xFC, 0xFF, 0x3C,
  0x0F, 0xF3, 0xFC, 0xF0, 0x3F, 0xCF, 0xF3, 0xC0, 0xFF, 0x3F, 0xCF, 0x03,
  0xFC, 0xFF, 0x3C, 0x0F, 0xF3, 0xFC, 0xF0, 0x3F, 0xCF, 0xF3, 0xC0, 0xFF,
  0x3F, 0xCF, 0x03, 0xFC, 0xFF, 0x3C, 0x0F, 0xF3, 0xFC, 0xF0, 0x3C, 0x00,
  0x00, 0x00, 0x00, 0x00, 0x00, 0x00, 0x00, 0x00, 0x00, 0x00, 0x00, 0x00,
  0x00, 0x00, 0x00, 0x00, 0x00, 0x00, 0x00, 0x00, 0x00, 0x00, 0x00, 0x00,
  0x00, 0x00, 0x60, 0x38, 0x00, 0x03, 0xC0, 0xF0, 0x00, 0x0F, 0x87, 0xC0,
  0x00, 0x1F, 0x3E, 0x00, 0x00, 0x7C, 0xF8, 0x00, 0x00, 0xFF, 0xC0, 0x00,
  0x01, 0xFE, 0x00, 0x00, 0x07, 0xF8, 0x00, 0x00, 0x0F, 0xC0, 0x00, 0x00,
  0x1E, 0x00, 0x00, 0x00, 0x78, 0x00, 0x00, 0x03, 0xF0, 0x00, 0x00, 0x1F,
  0xE0, 0x00, 0x00, 0xFF, 0xC0, 0x00, 0x03, 0xCF, 0x00, 0x00, 0x1F, 0x3E,
  0x00, 0x00, 0x78, 0x7C, 0x00, 0x03, 0xE1, 0xF0, 0x00, 0x0F, 0x03, 0xC0,
  0x00, 0x38, 0x06, 0x00, 0xFF, 0x3C, 0xF0, 0x3F, 0xFC, 0xF3, 0xC0, 0xFF,
  0xF3, 0xCF, 0x03, 0xFF, 0xCF, 0x3C, 0x0F, 0xFF, 0x3C, 0xF0, 0x3F, 0xFC,
  0xF3, 0xC0, 0xFF, 0xF3, 0xCF, 0x03, 0xFF, 0xCF, 0x3C, 0x0F, 0xFF, 0x3C,
  0xF0, 0x3F, 0xFC, 0xF3, 0xC0, 0xFF, 0xF3, 0xCF, 0x03, 0xFF, 0xCF, 0x3C,
  0x0F, 0xFF, 0x3C, 0xF0, 0x3F, 0xFC, 0xF3, 0xC0, 0xFF, 0xF3, 0xCF, 0x03,
  0xFF, 0xCF, 0x3C, 0x0F, 0xFF, 0x3C, 0xF0, 0x3F, 0xFC, 0xF3, 0xC0, 0xFF,
  0xF3, 0xCF, 0x03, 0xFF, 0xCF, 0x3C, 0x0F, 0xFF, 0x3C, 0xF0, 0x3F, 0xFC,
  0xF3, 0xC0, 0xFF, 0xF3, 0xCF, 0x03, 0xFF, 0xCF, 0x3C, 0x0F, 0xFF, 0x3C,
  0xF0, 0x3F, 0xFC, 0xF3, 0xC0, 0xFF, 0xF3, 0xCF, 0x03, 0xFF, 0xCF, 0x3C,
  0x0F, 0xFF, 0x3C, 0xF0, 0x3F, 0xFC, 0xF3, 0xC0, 0xFF, 0xF3, 0xCF, 0x03,
  0xFF, 0xCF, 0x3C, 0x0F, 0xFF, 0x3C, 0xF0, 0x3F, 0xFC, 0xF3, 0xC0, 0xFF,
  0xF3, 0xCF, 0x03, 0xFF, 0xCF, 0x3C, 0x0F, 0xFF, 0x3C, 0xF0, 0x3F, 0xFC,
  0xF3, 0xC0, 0xFF, 0xF3, 0xCF, 0x03, 0xFF, 0xCF, 0x3C, 0x0F, 0xFF, 0x3C,
  0xF0, 0x3F, 0xFC, 0xF3, 0xC0, 0xFF, 0xF3, 0xCF, 0x03, 0xFF, 0xCF, 0x3C,
  0x0F, 0xFF, 0x3C, 0xF0, 0x3F, 0xFC, 0xF3, 0xC0, 0xFF, 0xF3, 0xCF, 0x03,
  0xFF, 0xCF, 0x3C, 0x0F, 0xFF, 0x3C, 0xF0, 0x3F, 0xFC, 0xF3, 0xC0, 0xFF,
  0xF3, 0xCF, 0x03, 0xFF, 0xCF, 0x3C, 0x0F, 0xFF, 0x3C, 0xF0, 0x3C, 0x00,
  0x00, 0x00, 0x00, 0x00, 0x00, 0x00, 0x00, 0x00, 0x00, 0x00, 0x00, 0x00,
  0x00, 0x00, 0x00, 0x00, 0x00, 0x00, 0x00, 0x00, 0x00, 0x00, 0x08, 0x00,
  0x00, 0x00, 0x78, 0x1C, 0x00, 0x01, 0xE0, 0xF0, 0x00, 0x07, 0xC7, 0xC0,
  0x00, 0x0F, 0x1E, 0x00, 0x00, 0x3E, 0xF8, 0x00, 0x00, 0x7B, 0xC0, 0x00,
  0x01, 0xFE, 0x00, 0x00, 0x03, 0xF8, 0x00, 0x00, 0x0F, 0xC0, 0x00, 0x00,
  0x3E, 0x00, 0x00, 0x00, 0x78, 0x00, 0x00, 0x01, 0xE0, 0x00, 0x00, 0x07,
  0x80, 0x00, 0x00, 0x1E, 0x00, 0x00, 0x00, 0x78, 0x00, 0x00, 0x01, 0xE0,
  0x00, 0x00, 0x07, 0x80, 0x00, 0x00, 0x1E, 0x00, 0x00, 0x00, 0x78, 0x00,
  0x00, 0x00, 0xC0, 0x00, 0xE0, 0x3C, 0xF3, 0xFF, 0xC0, 0xF3, 0xCF, 0xFF,
  0x03, 0xCF, 0x3F, 0xFC, 0x0F, 0x3C, 0xFF, 0xF0, 0x3C, 0xF3, 0xFF, 0xC0,
  0xF3, 0xCF, 0xFF, 0x03, 0xCF, 0x3F, 0xFC, 0x0F, 0x3C, 0xFF, 0xF0, 0x3C,
  0xF3, 0xFF, 0xC0, 0xF3, 0xCF, 0xFF, 0x03, 0xCF, 0x3F, 0xFC, 0x0F, 0x3C,
  0xFF, 0xF0, 0x3C, 0xF3, 0xFF, 0xC0, 0xF3, 0xCF, 0xFF, 0x03, 0xCF, 0x3F,
  0xFC, 0x0F, 0x3C, 0xFF, 0xF0, 0x3C, 0xF3, 0xFF, 0xC0, 0xF3, 0xCF, 0xFF,
  0x03, 0xCF, 0x3F, 0xFC, 0x0F, 0x3C, 0xFF, 0xF0, 0x3C, 0xF3, 0xFF, 0xC0,
  0xF3, 0xCF, 0xFF, 0x03, 0xCF, 0x3F, 0xFC, 0x0F, 0x3C, 0xFF, 0xF0, 0x3C,
  0xF3, 0xFF, 0xC0, 0xF3, 0xCF, 0xFF, 0x03, 0xCF, 0x3F, 0xFC, 0x0F, 0x3C,
  0xFF, 0xF0, 0x3C, 0xF3, 0xFF, 0xC0, 0xF3, 0xCF, 0xFF, 0x03, 0xCF, 0x3F,
  0xFC, 0x0F, 0x3C, 0xFF, 0xF0, 0x3C, 0xF3, 0xFF, 0xC0, 0xF3, 0xCF, 0xFF,
  0x03, 0xCF, 0x3F, 0xFC, 0x0F, 0x3C, 0xFF, 0xF0, 0x3C, 0xF3, 0xFF, 0xC0,
  0xF3, 0xCF, 0xFF, 0x03, 0xCF, 0x3F, 0xFC, 0x0F, 0x3C, 0xFF, 0xF0, 0x3C,
  0xF3, 0xFF, 0xC0, 0xF3, 0xCF, 0xFF, 0x03, 0xCF, 0x3F, 0xFC, 0x0F, 0x3C,
  0xFF, 0xF0, 0x3C, 0xF3, 0xFF, 0xC0, 0xF3, 0xCF, 0xFF, 0x03, 0xCF, 0x3F,
  0xFC, 0x0F, 0x3C, 0xFF, 0xF0, 0x3C, 0xF3, 0xFF, 0xC0, 0xF3, 0xCF, 0xFF,
  0x03, 0xCF, 0x3F, 0xFC, 0x0F, 0x3C, 0xFF, 0xF0, 0x3C, 0xF3, 0xFC, 0x00,
  0x00, 0x00, 0x00, 0x00, 0x00, 0x00, 0x00, 0x00, 0x00, 0x00, 0x00, 0x00,
  0x00, 0x00, 0x00, 0x00, 0x00, 0x00, 0x00, 0x00, 0x00, 0x00, 0x00, 0x00,
  0x00, 0x00, 0x7F, 0xF8, 0x00, 0x01, 0xFF, 0xE0, 0x00, 0x07, 0xFF, 0x80,
  0x00, 0x1F, 0xFC, 0x00, 0x00, 0x01, 0xF0, 0x00, 0x00, 0x0F, 0x80, 0x00,
  0x00, 0x3E, 0x00, 0x00, 0x01, 0xF0, 0x00, 0x00, 0x07, 0xC0, 0x00, 0x00,
  0x3E, 0x00, 0x00, 0x00, 0xF0, 0x00, 0x00, 0x03, 0xC0, 0x00, 0x00, 0x1E,
  0x00, 0x00, 0x00, 0x70, 0x00, 0x00, 0x03, 0xC0, 0x00, 0x00, 0x0E, 0x00,
  0x00, 0x00, 0x7F, 0xF8, 0x00, 0x01, 0xFF, 0xF0, 0x00, 0x07, 0xFF, 0xC0,
  0x00, 0x0F, 0xFE, 0x00, 0xF3, 0xC0, 0xF0, 0x3F, 0xFC, 0xF0, 0x3C, 0x0F,
  0xFF, 0x3C, 0x0F, 0x03, 0xFF, 0xCF, 0x03, 0xC0, 0xFF, 0xF3, 0xC0, 0xF0,
  0x3F, 0xFC, 0xF0, 0x3C, 0x0F, 0xFF, 0x3C, 0x0F, 0x03, 0xFF, 0xCF, 0x03,
  0xC0, 0xFF, 0xF3, 0xC0, 0xF0, 0x3F, 0xFC, 0xF0, 0x3C, 0x0F, 0xFF, 0x3C,
  0x0F, 0x03, 0xFF, 0xCF, 0x03, 0xC0, 0xFF, 0xF3, 0xC0, 0xF0, 0x3F, 0xFC,
  0xF0, 0x3C, 0x0F, 0xFF, 0x3C, 0x0F, 0x03, 0xFF, 0xCF, 0x03, 0xC0, 0xFF,
  0xF3, 0xC0, 0xF0, 0x3F, 0xFC, 0xF0, 0x3C, 0x0F, 0xFF, 0x3C, 0x0F, 0x03,
  0xFF, 0xCF, 0x03, 0xC0, 0xFF, 0xF3, 0xC0, 0xF0, 0x3F, 0xFC, 0xF0, 0x3C,
  0x0F, 0xFF, 0x3C, 0x0F, 0x03, 0xFF, 0xCF, 0x03, 0xC0, 0xFF, 0xF3, 0xC0,
  0xF0, 0x3F, 0xFC, 0xF0, 0x3C, 0x0F, 0xFF, 0x3C, 0x0F, 0x03, 0xFF, 0xCF,
  0x03, 0xC0, 0xFF, 0xF3, 0xC0, 0xF0, 0x3F, 0xFC, 0xF0, 0x3C, 0x0F, 0xFF,
  0x3C, 0x0F, 0x03, 0xFF, 0xCF, 0x03, 0xC0, 0xFF, 0xF3, 0xC0, 0xF0, 0x3F,
  0xFC, 0xF0, 0x3C, 0x0F, 0xFF, 0x3C, 0x0F, 0x03, 0xFF, 0xCF, 0x03, 0xC0,
  0xFF, 0xF3, 0xC0, 0xF0, 0x3F, 0xFC, 0xF0, 0x3C, 0x0F, 0xFF, 0x3C, 0x0F,
  0x03, 0xFF, 0xCF, 0x03, 0xC0, 0xFF, 0xF3, 0xC0, 0xF0, 0x3F, 0xFC, 0xF0,
  0x3C, 0x0F, 0xFF, 0x3C, 0x0F, 0x03, 0xFF, 0xCF, 0x03, 0xC0, 0xFF, 0xF3,
  0xC0, 0xF0, 0x3F, 0xFC, 0xF0, 0x3C, 0x0F, 0xFF, 0x3C, 0x0F, 0x03, 0xFF,
  0xCF, 0x03, 0xC0, 0xFF, 0xF3, 0xC0, 0xF0, 0x3F, 0xFC, 0xF0, 0x3C, 0x0F,
  0xFF, 0x3C, 0x0F, 0x03, 0xFF, 0xCF, 0x03, 0xC0, 0xFF, 0xF3, 0xC0, 0xF0,
  0x3F, 0xC0, 0x00, 0x00, 0x00, 0x00, 0x00, 0x00, 0x00, 0x00, 0x00, 0x00,
  0x00, 0x00, 0x00, 0x00, 0x00, 0x00, 0x00, 0x00, 0x00, 0x00, 0x00, 0x00,
  0x00, 0x00, 0x00, 0x00, 0x00, 0x00, 0x00, 0x00, 0x00, 0x3F, 0x00, 0x00,
  0x00, 0x1F, 0xC0, 0x00, 0x00, 0x0F, 0xF0, 0x00, 0x00, 0x07, 0xF8, 0x00,
  0x00, 0x01, 0xE0, 0x00, 0x00, 0x00, 0x78, 0x00, 0x00, 0x00, 0x1E, 0x00,
  0x00, 0x00, 0x0F, 0x80, 0x00, 0x00, 0x1F, 0xC0, 0x00, 0x00, 0x0F, 0xF0,
  0x00, 0x00, 0x01, 0xF8, 0x00, 0x00, 0x00, 0x2F, 0x00, 0x00, 0x00, 0x03,
  0xC0, 0x00, 0x00, 0x00, 0xF0, 0x00, 0x00, 0x00, 0x1C, 0x00, 0x00, 0x00,
  0x07, 0x80, 0x00, 0x00, 0x01, 0xFE, 0x00, 0x00, 0x00, 0x7F, 0xC0, 0x00,
  0x00, 0x0F, 0xF0, 0x00, 0x00, 0x00, 0xF8, 0x00, 0xF0, 0x3F, 0xCF, 0x3F,
  0xC0, 0xFF, 0x3C, 0xFF, 0x03, 0xFC, 0xF3, 0xFC, 0x0F, 0xF3, 0xCF, 0xF0,
  0x3F, 0xCF, 0x3F, 0xC0, 0xFF, 0x3C, 0xFF, 0x03, 0xFC, 0xF3, 0xFC, 0x0F,
  0xF3, 0xCF, 0xF0, 0x3F, 0xCF, 0x3F, 0xC0, 0xFF, 0x3C, 0xFF, 0x03, 0xFC,
  0xF3, 0xFC, 0x0F, 0xF3, 0xCF, 0xF0, 0x3F, 0xCF, 0x3F, 0xC0, 0xFF, 0x3C,
  0xFF, 0x03, 0xFC, 0xF3, 0xFC, 0x0F, 0xF3, 0xCF, 0xF0, 0x3F, 0xCF, 0x3F,
  0xC0, 0xFF, 0x3C, 0xFF, 0x03, 0xFC, 0xF3, 0xFC, 0x0F, 0xF3, 0xCF, 0xF0,
  0x3F, 0xCF, 0x3F, 0xC0, 0xFF, 0x3C, 0xFF, 0x03, 0xFC, 0xF3, 0xFC, 0x0F,
  0xF3, 0xCF, 0xF0, 0x3F, 0xCF, 0x3F, 0xC0, 0xFF, 0x3C, 0xFF, 0x03, 0xFC,
  0xF3, 0xFC, 0x0F, 0xF3, 0xCF, 0xF0, 0x3F, 0xCF, 0x3F, 0xC0, 0xFF, 0x3C,
  0xFF, 0x03, 0xFC, 0xF3, 0xFC, 0x0F, 0xF3, 0xCF, 0xF0, 0x3F, 0xCF, 0x3F,
  0xC0, 0xFF, 0x3C, 0xFF, 0x03, 0xFC, 0xF3, 0xFC, 0x0F, 0xF3, 0xCF, 0xF0,
  0x3F, 0xCF, 0x3F, 0xC0, 0xFF, 0x3C, 0xFF, 0x03, 0xFC, 0xF3, 0xFC, 0x0F,
  0xF3, 0xCF, 0xF0, 0x3F, 0xCF, 0x3F, 0xC0, 0xFF, 0x3C, 0xFF, 0x03, 0xFC,
  0xF3, 0xFC, 0x0F, 0xF3, 0xCF, 0xF0, 0x3F, 0xCF, 0x3F, 0xC0, 0xFF, 0x3C,
  0xFF, 0x03, 0xFC, 0xF3, 0xFC, 0x0F, 0xF3, 0xCF, 0xF0, 0x3F, 0xCF, 0x3F,
  0xC0, 0xFF, 0x3C, 0xFF, 0x03, 0xFC, 0xF3, 0xFC, 0x0F, 0xF3, 0xCF, 0xF0,
  0x3F, 0xCF, 0x3C, 0x00, 0x00, 0x00, 0x00, 0x00, 0x00, 0x00, 0x00, 0x00,
  0x00, 0x00, 0x00, 0x00, 0x00, 0x00, 0x00, 0x00, 0x00, 0x00, 0x00, 0x00,
  0x00, 0x00, 0x00, 0x00, 0x00, 0x00, 0x03, 0x80, 0x00, 0x00, 0x1E, 0x00,
  0x00, 0x00, 0x78, 0x00, 0x00, 0x01, 0xE0, 0x00, 0x00, 0x07, 0x80, 0x00,
  0x00, 0x1E, 0x00, 0x00, 0x00, 0x78, 0x00, 0x00, 0x01, 0xE0, 0x00, 0x00,
  0x07, 0x80, 0x00, 0x00, 0x1E, 0x00, 0x00, 0x00, 0x78, 0x00, 0x00, 0x01,
  0xE0, 0x00, 0x00, 0x07, 0x80, 0x00, 0x00, 0x1E, 0x00, 0x00, 0x00, 0x78,
  0x00, 0x00, 0x01, 0xE0, 0x00, 0x00, 0x07, 0x80, 0x00, 0x00, 0x1E, 0x00,
  0x00, 0x00, 0x78, 0x00, 0x00, 0x01, 0xE0, 0x00, 0x00, 0x07, 0x80, 0x00,
  0x00, 0x1E, 0x00, 0x00, 0x00, 0x78, 0x00, 0x00, 0x00, 0xE0, 0x00, 0xF3,
  0xC0, 0x7F, 0x01, 0xFC, 0xF0, 0x3F, 0xC0, 0xFF, 0x3C, 0x0F, 0xF0, 0x3F,
  0xCF, 0x03, 0xFC, 0x0F, 0xF3, 0xC0, 0xFF, 0x03, 0xFC, 0xF0, 0x3F, 0xC0,
  0xFF, 0x3C, 0x0F, 0xF0, 0x3F, 0xCF, 0x03, 0xFC, 0x0F, 0xF3, 0xC0, 0xFF,
  0x03, 0xFC, 0xF0, 0x3F, 0xC0, 0xFF, 0x3C, 0x0F, 0xF0, 0x3F, 0xCF, 0x03,
  0xFC, 0x0F, 0xF3, 0xC0, 0xFF, 0x03, 0xFC, 0xF0, 0x3F, 0xC0, 0xFF, 0x3C,
  0x0F, 0xF0, 0x3F, 0xCF, 0x03, 0xFC, 0x0F, 0xF3, 0xC0, 0xFF, 0x03, 0xFC,
  0xF0, 0x3F, 0xC0, 0xFF, 0x3C, 0x0F, 0xF0, 0x3F, 0xCF, 0x03, 0xFC, 0x0F,
  0xF3, 0xC0, 0xFF, 0x03, 0xFC, 0xF0, 0x3F, 0xC0, 0xFF, 0x3C, 0x0F, 0xF0,
  0x3F, 0xCF, 0x03, 0xFC, 0x0F, 0xF3, 0xC0, 0xFF, 0x03, 0xFC, 0xF0, 0x3F,
  0xC0, 0xFF, 0x3C, 0x0F, 0xF0, 0x3F, 0xCF, 0x03, 0xFC, 0x0F, 0xF3, 0xC0,
  0xFF, 0x03, 0xFC, 0xF0, 0x3F, 0xC0, 0xFF, 0x3C, 0x0F, 0xF0, 0x3F, 0xCF,
  0x03, 0xFC, 0x0F, 0xF3, 0xC0, 0xFF, 0x03, 0xFC, 0xF0, 0x3F, 0xC0, 0xFF,
  0x3C, 0x0F, 0xF0, 0x3F, 0xCF, 0x03, 0xFC, 0x0F, 0xF3, 0xC0, 0xFF, 0x03,
  0xFC, 0xF0, 0x3F, 0xC0, 0xFF, 0x3C, 0x0F, 0xF0, 0x3F, 0xCF, 0x03, 0xFC,
  0x0F, 0xF3, 0xC0, 0xFF, 0x03, 0xFC, 0xF0, 0x3F, 0xC0, 0xFF, 0x3C, 0x0F,
  0xF0, 0x3F, 0xCF, 0x03, 0xFC, 0x0F, 0xF3, 0xC0, 0xFF, 0x03, 0xFC, 0xF0,
  0x3F, 0xC0, 0xFF, 0x3C, 0x0F, 0xF0, 0x3F, 0xCF, 0x03, 0xFC, 0x0F, 0xF3,
  0xC0, 0xFF, 0x03, 0xFC, 0xF0, 0x3F, 0xC0, 0xFF, 0x3C, 0x0F, 0xF0, 0x3F,
  0xCF, 0x03, 0xFC, 0x0F, 0xF3, 0xC0, 0xFF, 0x03, 0xC0, 0x00, 0x00, 0x00,
  0x00, 0x00, 0x00, 0x00, 0x00, 0x00, 0x00, 0x00, 0x00, 0x00, 0x00, 0x00,
  0x00, 0x00, 0x00, 0x00, 0x00, 0x00, 0x00, 0x00, 0x00, 0x00, 0x00, 0x3E,
  0x00, 0x00, 0x00, 0x1F, 0xC0, 0x00, 0x00, 0x07, 0xF8, 0x00, 0x00, 0x01,
  0xFE, 0x00, 0x00, 0x00, 0x07, 0xC0, 0x00, 0x00, 0x00, 0xF0, 0x00, 0x00,
  0x00, 0x3C, 0x00, 0x00, 0x00, 0x0F, 0x00, 0x00, 0x00, 0x03, 0xC0, 0x00,
  0x00, 0x00, 0xFE, 0x00, 0x00, 0x00, 0x1F, 0xC0, 0x00, 0x00, 0x0F, 0xF0,
  0x00, 0x00, 0x03, 0xF8, 0x00, 0x00, 0x00, 0xF0, 0x00, 0x00, 0x00, 0x3C,
  0x00, 0x00, 0x00, 0x0F, 0x00, 0x00, 0x00, 0x07, 0xC0, 0x00, 0x00, 0x0F,
  0xF0, 0x00, 0x00, 0x07, 0xF8, 0x00, 0x00, 0x01, 0xFE, 0x00, 0x00, 0x00,
  0x3E, 0x00, 0x00, 0xF3, 0xC0, 0xFE, 0x03, 0xFC, 0xF0, 0x3F, 0xC0, 0xFF,
  0x3C, 0x0F, 0xF0, 0x3F, 0xCF, 0x03, 0xFC, 0x0F, 0xF3, 0xC0, 0xFF, 0x03,
  0xFC, 0xF0, 0x3F, 0xC0, 0xFF, 0x3C, 0x0F, 0xF0, 0x3F, 0xCF, 0x03, 0xFC,
  0x0F, 0xF3, 0xC0, 0xFF, 0x03, 0xFC, 0xF0, 0x3F, 0xC0, 0xFF, 0x3C, 0x0F,
  0xF0, 0x3F, 0xCF, 0x03, 0xFC, 0x0F, 0xF3, 0xC0, 0xFF, 0x03, 0xFC, 0xF0,
  0x3F, 0xC0, 0xFF, 0x3C, 0x0F, 0xF0, 0x3F, 0xCF, 0x03, 0xFC, 0x0F, 0xF3,
  0xC0, 0xFF, 0x03, 0xFC, 0xF0, 0x3F, 0xC0, 0xFF, 0x3C, 0x0F, 0xF0, 0x3F,
  0xCF, 0x03, 0xFC, 0x0F, 0xF3, 0xC0, 0xFF, 0x03, 0xFC, 0xF0, 0x3F, 0xC0,
  0xFF, 0x3C, 0x0F, 0xF0, 0x3F, 0xCF, 0x03, 0xFC, 0x0F, 0xF3, 0xC0, 0xFF,
  0x03, 0xFC, 0xF0, 0x3F, 0xC0, 0xFF, 0x3C, 0x0F, 0xF0, 0x3F, 0xCF, 0x03,
  0xFC, 0x0F, 0xF3, 0xC0, 0xFF, 0x03, 0xFC, 0xF0, 0x3F, 0xC0, 0xFF, 0x3C,
  0x0F, 0xF0, 0x3F, 0xCF, 0x03, 0xFC, 0x0F, 0xF3, 0xC0, 0xFF, 0x03, 0xFC,
  0xF0, 0x3F, 0xC0, 0xFF, 0x3C, 0x0F, 0xF0, 0x3F, 0xCF, 0x03, 0xFC, 0x0F,
  0xF3, 0xC0, 0xFF, 0x03, 0xFC, 0xF0, 0x3F, 0xC0, 0xFF, 0x3C, 0x0F, 0xF0,
  0x3F, 0xCF, 0x03, 0xFC, 0x0F, 0xF3, 0xC0, 0xFF, 0x03, 0xFC, 0xF0, 0x3F,
  0xC0, 0xFF, 0x3C, 0x0F, 0xF0, 0x3F, 0xCF, 0x03, 0xFC, 0x0F, 0xF3, 0xC0,
  0xFF, 0x03, 0xFC, 0xF0, 0x3F, 0xC0, 0xFF, 0x3C, 0x0F, 0xF0, 0x3F, 0xCF,
  0x03, 0xFC, 0x0F, 0xF3, 0xC0, 0xFF, 0x03, 0xFC, 0xF0, 0x3F, 0xC0, 0xFF,
  0x3C, 0x0F, 0xF0, 0x3F, 0xCF, 0x03, 0xFC, 0x0F, 0xF3, 0xC0, 0xFF, 0x03,
  0xC0, 0x00, 0x00, 0x00, 0x00, 0x00, 0x00, 0x00, 0x00, 0x00, 0x00, 0x00,
  0x00, 0x00, 0x00, 0x00, 0x00, 0x00, 0x00, 0x00, 0x00, 0x00, 0x00, 0x00,
  0x00, 0x00, 0x00, 0x3E, 0x0E, 0x00, 0x00, 0x1F, 0xE7, 0x80, 0x00, 0x0F,
  0xFF, 0xE0, 0x00, 0x03, 0xFF, 0xF8, 0x00, 0x00, 0xF3, 0xFC, 0x00, 0x00,
  0x38, 0x3C, 0x00, 0x00 };

const GFXglyph Code3xR_D2345pt7bGlyphs[] PROGMEM = {
  {     0,   1,   1,  36,    0,    0 },   // 0x20 ' '
  {     1,  30,  80,  36,    3,  -78 },   // 0x21 '!'
  {   301,  30,  68,  36,    3,  -78 },   // 0x22 '"'
  {   556,  30,  80,  36,    3,  -78 },   // 0x23 '#'
  {   856,  34,  80,  36,    1,  -78 },   // 0x24 '$'
  {  1196,  34,  80,  36,    1,  -78 },   // 0x25 '%'
  {  1536,  30,  80,  36,    3,  -78 },   // 0x26 '&'
  {  1836,  30,  70,  36,    3,  -78 },   // 0x27 '''
  {  2099,  30,  80,  36,    3,  -78 },   // 0x28 '('
  {  2399,  30,  80,  36,    3,  -78 },   // 0x29 ')'
  {  2699,  34,  76,  36,    1,  -78 },   // 0x2A '*'
  {  3022,  34,  77,  36,    1,  -78 },   // 0x2B '+'
  {  3350,  30,  84,  36,    3,  -78 },   // 0x2C ','
  {  3665,  34,  72,  36,    1,  -78 },   // 0x2D '-'
  {  3971,  30,  80,  36,    3,  -78 },   // 0x2E '.'
  {  4271,  30,  80,  36,    3,  -78 },   // 0x2F '/'
  {  4571,  30,  80,  36,    3,  -78 },   // 0x30 '0'
  {  4871,  30,  80,  36,    3,  -78 },   // 0x31 '1'
  {  5171,  30,  79,  36,    3,  -78 },   // 0x32 '2'
  {  5468,  30,  80,  36,    3,  -78 },   // 0x33 '3'
  {  5768,  30,  80,  36,    3,  -78 },   // 0x34 '4'
  {  6068,  30,  80,  36,    3,  -78 },   // 0x35 '5'
  {  6368,  30,  80,  36,    3,  -78 },   // 0x36 '6'
  {  6668,  30,  80,  36,    3,  -78 },   // 0x37 '7'
  {  6968,  30,  80,  36,    3,  -78 },   // 0x38 '8'
  {  7268,  30,  80,  36,    3,  -78 },   // 0x39 '9'
  {  7568,  30,  80,  36,    3,  -78 },   // 0x3A ':'
  {  7868,  30,  84,  36,    3,  -78 },   // 0x3B ';'
  {  8183,  30,  78,  36,    3,  -78 },   // 0x3C '<'
  {  8476,  30,  74,  36,    3,  -78 },   // 0x3D '='
  {  8754,  30,  78,  36,    3,  -78 },   // 0x3E '>'
  {  9047,  30,  80,  36,    3,  -78 },   // 0x3F '?'
  {  9347,  30,  80,  36,    3,  -78 },   // 0x40 '@'
  {  9647,  34,  80,  36,    1,  -78 },   // 0x41 'A'
  {  9987,  34,  80,  36,    1,  -78 },   // 0x42 'B'
  { 10327,  34,  80,  36,    1,  -78 },   // 0x43 'C'
  { 10667,  34,  80,  36,    1,  -78 },   // 0x44 'D'
  { 11007,  34,  80,  36,    1,  -78 },   // 0x45 'E'
  { 11347,  30,  80,  36,    3,  -78 },   // 0x46 'F'
  { 11647,  30,  80,  36,    3,  -78 },   // 0x47 'G'
  { 11947,  30,  80,  36,    3,  -78 },   // 0x48 'H'
  { 12247,  30,  82,  36,    3,  -80 },   // 0x49 'I'
  { 12555,  29,  80,  36,    3,  -78 },   // 0x4A 'J'
  { 12845,  30,  80,  36,    3,  -78 },   // 0x4B 'K'
  { 13145,  30,  80,  36,    3,  -78 },   // 0x4C 'L'
  { 13445,  30,  80,  36,    3,  -78 },   // 0x4D 'M'
  { 13745,  30,  80,  36,    3,  -78 },   // 0x4E 'N'
  { 14045,  30,  80,  36,    3,  -78 },   // 0x4F 'O'
  { 14345,  34,  80,  36,    1,  -78 },   // 0x50 'P'
  { 14685,  34,  80,  36,    1,  -78 },   // 0x51 'Q'
  { 15025,  34,  80,  36,    1,  -78 },   // 0x52 'R'
  { 15365,  34,  80,  36,    1,  -78 },   // 0x53 'S'
  { 15705,  34,  80,  36,    1,  -78 },   // 0x54 'T'
  { 16045,  30,  80,  36,    3,  -78 },   // 0x55 'U'
  { 16345,  30,  80,  36,    3,  -78 },   // 0x56 'V'
  { 16645,  30,  80,  36,    3,  -78 },   // 0x57 'W'
  { 16945,  30,  80,  36,    3,  -78 },   // 0x58 'X'
  { 17245,  30,  80,  36,    3,  -78 },   // 0x59 'Y'
  { 17545,  30,  80,  36,    3,  -78 },   // 0x5A 'Z'
  { 17845,  30,  80,  36,    3,  -78 },   // 0x5B '['
  { 18145,  30,  80,  36,    3,  -78 },   // 0x5C '\'
  { 18445,  30,  80,  36,    3,  -78 },   // 0x5D ']'
  { 18745,  30,  70,  36,    3,  -78 },   // 0x5E '^'
  { 19008,  34,  86,  36,    1,  -78 },   // 0x5F '_'
  { 19374,  34,  64,  36,    1,  -78 },   // 0x60 '`'
  { 19646,  34,  80,  36,    1,  -78 },   // 0x61 'a'
  { 19986,  34,  80,  36,    1,  -78 },   // 0x62 'b'
  { 20326,  34,  80,  36,    1,  -78 },   // 0x63 'c'
  { 20666,  34,  80,  36,    1,  -78 },   // 0x64 'd'
  { 21006,  34,  80,  36,    1,  -78 },   // 0x65 'e'
  { 21346,  30,  80,  36,    3,  -78 },   // 0x66 'f'
  { 21646,  30,  80,  36,    3,  -78 },   // 0x67 'g'
  { 21946,  30,  80,  36,    3,  -78 },   // 0x68 'h'
  { 22246,  30,  82,  36,    3,  -80 },   // 0x69 'i'
  { 22554,  29,  80,  36,    3,  -78 },   // 0x6A 'j'
  { 22844,  30,  80,  36,    3,  -78 },   // 0x6B 'k'
  { 23144,  30,  80,  36,    3,  -78 },   // 0x6C 'l'
  { 23444,  30,  80,  36,    3,  -78 },   // 0x6D 'm'
  { 23744,  30,  80,  36,    3,  -78 },   // 0x6E 'n'
  { 24044,  30,  80,  36,    3,  -78 },   // 0x6F 'o'
  { 24344,  34,  80,  36,    1,  -78 },   // 0x70 'p'
  { 24684,  34,  80,  36,    1,  -78 },   // 0x71 'q'
  { 25024,  34,  80,  36,    1,  -78 },   // 0x72 'r'
  { 25364,  34,  80,  36,    1,  -78 },   // 0x73 's'
  { 25704,  34,  80,  36,    1,  -78 },   // 0x74 't'
  { 26044,  30,  80,  36,    3,  -78 },   // 0x75 'u'
  { 26344,  30,  80,  36,    3,  -78 },   // 0x76 'v'
  { 26644,  30,  80,  36,    3,  -78 },   // 0x77 'w'
  { 26944,  30,  80,  36,    3,  -78 },   // 0x78 'x'
  { 27244,  30,  80,  36,    3,  -78 },   // 0x79 'y'
  { 27544,  30,  80,  36,    3,  -78 },   // 0x7A 'z'
  { 27844,  34,  80,  36,    1,  -78 },   // 0x7B '{'
  { 28184,  30,  84,  36,    3,  -78 },   // 0x7C '|'
  { 28499,  34,  80,  36,    1,  -78 },   // 0x7D '}'
  { 28839,  34,  65,  36,    1,  -78 } }; // 0x7E '~'

const GFXfont Code3xR_D2345pt7b PROGMEM = {
  (uint8_t  *)Code3xR_D2345pt7bBitmaps,
  (GFXglyph *)Code3xR_D2345pt7bGlyphs,
  0x20, 0x7E, 88 };

// Approx. 29788 bytes
